Cleaning... 6488 files.
ninja: Entering directory `out/Default'
[1/4486] COPY ../../buildtools/third_party/libc++/__assertion_handler gen/third_party/libc++/src/include/__assertion_handler
[2/4486] COPY ../../buildtools/third_party/libc++/__config_site gen/third_party/libc++/src/include/__config_site
[3/4486] COPY ../../third_party/libc++/src/include/__algorithm/adjacent_find.h gen/third_party/libc++/src/include/__algorithm/adjacent_find.h
[4/4486] COPY ../../third_party/libc++/src/include/__algorithm/all_of.h gen/third_party/libc++/src/include/__algorithm/all_of.h
[5/4486] COPY ../../third_party/libc++/src/include/__algorithm/any_of.h gen/third_party/libc++/src/include/__algorithm/any_of.h
[6/4486] COPY ../../third_party/libc++/src/include/__algorithm/binary_search.h gen/third_party/libc++/src/include/__algorithm/binary_search.h
[7/4486] COPY ../../third_party/libc++/src/include/__algorithm/clamp.h gen/third_party/libc++/src/include/__algorithm/clamp.h
[8/4486] COPY ../../third_party/libc++/src/include/__algorithm/comp.h gen/third_party/libc++/src/include/__algorithm/comp.h
[9/4486] COPY ../../third_party/libc++/src/include/__algorithm/comp_ref_type.h gen/third_party/libc++/src/include/__algorithm/comp_ref_type.h
[10/4486] COPY ../../third_party/libc++/src/include/__algorithm/copy.h gen/third_party/libc++/src/include/__algorithm/copy.h
[11/4486] COPY ../../third_party/libc++/src/include/__algorithm/copy_backward.h gen/third_party/libc++/src/include/__algorithm/copy_backward.h
[12/4486] COPY ../../third_party/libc++/src/include/__algorithm/copy_if.h gen/third_party/libc++/src/include/__algorithm/copy_if.h
[13/4486] COPY ../../third_party/libc++/src/include/__algorithm/copy_move_common.h gen/third_party/libc++/src/include/__algorithm/copy_move_common.h
[14/4486] COPY ../../third_party/libc++/src/include/__algorithm/copy_n.h gen/third_party/libc++/src/include/__algorithm/copy_n.h
[15/4486] COPY ../../third_party/libc++/src/include/__algorithm/count.h gen/third_party/libc++/src/include/__algorithm/count.h
[16/4486] COPY ../../third_party/libc++/src/include/__algorithm/count_if.h gen/third_party/libc++/src/include/__algorithm/count_if.h
[17/4486] COPY ../../third_party/libc++/src/include/__algorithm/equal.h gen/third_party/libc++/src/include/__algorithm/equal.h
[18/4486] COPY ../../third_party/libc++/src/include/__algorithm/equal_range.h gen/third_party/libc++/src/include/__algorithm/equal_range.h
[19/4486] COPY ../../third_party/libc++/src/include/__algorithm/fill.h gen/third_party/libc++/src/include/__algorithm/fill.h
[20/4486] COPY ../../third_party/libc++/src/include/__algorithm/fill_n.h gen/third_party/libc++/src/include/__algorithm/fill_n.h
[21/4486] COPY ../../third_party/libc++/src/include/__algorithm/find.h gen/third_party/libc++/src/include/__algorithm/find.h
[22/4486] COPY ../../third_party/libc++/src/include/__algorithm/find_end.h gen/third_party/libc++/src/include/__algorithm/find_end.h
[23/4486] COPY ../../third_party/libc++/src/include/__algorithm/find_first_of.h gen/third_party/libc++/src/include/__algorithm/find_first_of.h
[24/4486] COPY ../../third_party/libc++/src/include/__algorithm/find_if.h gen/third_party/libc++/src/include/__algorithm/find_if.h
[25/4486] COPY ../../third_party/libc++/src/include/__algorithm/find_if_not.h gen/third_party/libc++/src/include/__algorithm/find_if_not.h
[26/4486] COPY ../../third_party/libc++/src/include/__algorithm/find_segment_if.h gen/third_party/libc++/src/include/__algorithm/find_segment_if.h
[27/4486] COPY ../../third_party/libc++/src/include/__algorithm/for_each.h gen/third_party/libc++/src/include/__algorithm/for_each.h
[28/4486] COPY ../../third_party/libc++/src/include/__algorithm/for_each_n.h gen/third_party/libc++/src/include/__algorithm/for_each_n.h
[29/4486] COPY ../../third_party/libc++/src/include/__algorithm/for_each_n_segment.h gen/third_party/libc++/src/include/__algorithm/for_each_n_segment.h
[30/4486] COPY ../../third_party/libc++/src/include/__algorithm/for_each_segment.h gen/third_party/libc++/src/include/__algorithm/for_each_segment.h
[31/4486] COPY ../../third_party/libc++/src/include/__algorithm/generate.h gen/third_party/libc++/src/include/__algorithm/generate.h
[32/4486] COPY ../../third_party/libc++/src/include/__algorithm/generate_n.h gen/third_party/libc++/src/include/__algorithm/generate_n.h
[33/4486] COPY ../../third_party/libc++/src/include/__algorithm/half_positive.h gen/third_party/libc++/src/include/__algorithm/half_positive.h
[34/4486] COPY ../../third_party/libc++/src/include/__algorithm/in_found_result.h gen/third_party/libc++/src/include/__algorithm/in_found_result.h
[35/4486] COPY ../../third_party/libc++/src/include/__algorithm/in_fun_result.h gen/third_party/libc++/src/include/__algorithm/in_fun_result.h
[36/4486] COPY ../../third_party/libc++/src/include/__algorithm/in_in_out_result.h gen/third_party/libc++/src/include/__algorithm/in_in_out_result.h
[37/4486] COPY ../../third_party/libc++/src/include/__algorithm/in_in_result.h gen/third_party/libc++/src/include/__algorithm/in_in_result.h
[38/4486] COPY ../../third_party/libc++/src/include/__algorithm/in_out_out_result.h gen/third_party/libc++/src/include/__algorithm/in_out_out_result.h
[39/4486] COPY ../../third_party/libc++/src/include/__algorithm/in_out_result.h gen/third_party/libc++/src/include/__algorithm/in_out_result.h
[40/4486] COPY ../../third_party/libc++/src/include/__algorithm/includes.h gen/third_party/libc++/src/include/__algorithm/includes.h
[41/4486] COPY ../../third_party/libc++/src/include/__algorithm/inplace_merge.h gen/third_party/libc++/src/include/__algorithm/inplace_merge.h
[42/4486] COPY ../../third_party/libc++/src/include/__algorithm/is_heap.h gen/third_party/libc++/src/include/__algorithm/is_heap.h
[43/4486] COPY ../../third_party/libc++/src/include/__algorithm/is_heap_until.h gen/third_party/libc++/src/include/__algorithm/is_heap_until.h
[44/4486] COPY ../../third_party/libc++/src/include/__algorithm/is_partitioned.h gen/third_party/libc++/src/include/__algorithm/is_partitioned.h
[45/4486] COPY ../../third_party/libc++/src/include/__algorithm/is_permutation.h gen/third_party/libc++/src/include/__algorithm/is_permutation.h
[46/4486] COPY ../../third_party/libc++/src/include/__algorithm/is_sorted.h gen/third_party/libc++/src/include/__algorithm/is_sorted.h
[47/4486] COPY ../../third_party/libc++/src/include/__algorithm/is_sorted_until.h gen/third_party/libc++/src/include/__algorithm/is_sorted_until.h
[48/4486] COPY ../../third_party/libc++/src/include/__algorithm/iter_swap.h gen/third_party/libc++/src/include/__algorithm/iter_swap.h
[49/4486] COPY ../../third_party/libc++/src/include/__algorithm/iterator_operations.h gen/third_party/libc++/src/include/__algorithm/iterator_operations.h
[50/4486] COPY ../../third_party/libc++/src/include/__algorithm/lexicographical_compare.h gen/third_party/libc++/src/include/__algorithm/lexicographical_compare.h
[51/4486] COPY ../../third_party/libc++/src/include/__algorithm/lexicographical_compare_three_way.h gen/third_party/libc++/src/include/__algorithm/lexicographical_compare_three_way.h
[52/4486] COPY ../../third_party/libc++/src/include/__algorithm/lower_bound.h gen/third_party/libc++/src/include/__algorithm/lower_bound.h
[53/4486] COPY ../../third_party/libc++/src/include/__algorithm/make_heap.h gen/third_party/libc++/src/include/__algorithm/make_heap.h
[54/4486] COPY ../../third_party/libc++/src/include/__algorithm/make_projected.h gen/third_party/libc++/src/include/__algorithm/make_projected.h
[55/4486] COPY ../../third_party/libc++/src/include/__algorithm/max.h gen/third_party/libc++/src/include/__algorithm/max.h
[56/4486] COPY ../../third_party/libc++/src/include/__algorithm/max_element.h gen/third_party/libc++/src/include/__algorithm/max_element.h
[57/4486] COPY ../../third_party/libc++/src/include/__algorithm/merge.h gen/third_party/libc++/src/include/__algorithm/merge.h
[58/4486] COPY ../../third_party/libc++/src/include/__algorithm/min.h gen/third_party/libc++/src/include/__algorithm/min.h
[59/4486] COPY ../../third_party/libc++/src/include/__algorithm/min_element.h gen/third_party/libc++/src/include/__algorithm/min_element.h
[60/4486] COPY ../../third_party/libc++/src/include/__algorithm/min_max_result.h gen/third_party/libc++/src/include/__algorithm/min_max_result.h
[61/4486] COPY ../../third_party/libc++/src/include/__algorithm/minmax.h gen/third_party/libc++/src/include/__algorithm/minmax.h
[62/4486] COPY ../../third_party/libc++/src/include/__algorithm/minmax_element.h gen/third_party/libc++/src/include/__algorithm/minmax_element.h
[63/4486] COPY ../../third_party/libc++/src/include/__algorithm/mismatch.h gen/third_party/libc++/src/include/__algorithm/mismatch.h
[64/4486] COPY ../../third_party/libc++/src/include/__algorithm/move.h gen/third_party/libc++/src/include/__algorithm/move.h
[65/4486] COPY ../../third_party/libc++/src/include/__algorithm/move_backward.h gen/third_party/libc++/src/include/__algorithm/move_backward.h
[66/4486] COPY ../../third_party/libc++/src/include/__algorithm/next_permutation.h gen/third_party/libc++/src/include/__algorithm/next_permutation.h
[67/4486] COPY ../../third_party/libc++/src/include/__algorithm/none_of.h gen/third_party/libc++/src/include/__algorithm/none_of.h
[68/4486] COPY ../../third_party/libc++/src/include/__algorithm/nth_element.h gen/third_party/libc++/src/include/__algorithm/nth_element.h
[69/4486] COPY ../../third_party/libc++/src/include/__algorithm/out_value_result.h gen/third_party/libc++/src/include/__algorithm/out_value_result.h
[70/4486] COPY ../../third_party/libc++/src/include/__algorithm/partial_sort.h gen/third_party/libc++/src/include/__algorithm/partial_sort.h
[71/4486] COPY ../../third_party/libc++/src/include/__algorithm/partial_sort_copy.h gen/third_party/libc++/src/include/__algorithm/partial_sort_copy.h
[72/4486] COPY ../../third_party/libc++/src/include/__algorithm/partition.h gen/third_party/libc++/src/include/__algorithm/partition.h
[73/4486] COPY ../../third_party/libc++/src/include/__algorithm/partition_copy.h gen/third_party/libc++/src/include/__algorithm/partition_copy.h
[74/4486] COPY ../../third_party/libc++/src/include/__algorithm/partition_point.h gen/third_party/libc++/src/include/__algorithm/partition_point.h
[75/4486] COPY ../../third_party/libc++/src/include/__algorithm/pop_heap.h gen/third_party/libc++/src/include/__algorithm/pop_heap.h
[76/4486] COPY ../../third_party/libc++/src/include/__algorithm/prev_permutation.h gen/third_party/libc++/src/include/__algorithm/prev_permutation.h
[77/4486] COPY ../../third_party/libc++/src/include/__algorithm/pstl.h gen/third_party/libc++/src/include/__algorithm/pstl.h
[78/4486] COPY ../../third_party/libc++/src/include/__algorithm/push_heap.h gen/third_party/libc++/src/include/__algorithm/push_heap.h
[79/4486] COPY ../../third_party/libc++/src/include/__algorithm/radix_sort.h gen/third_party/libc++/src/include/__algorithm/radix_sort.h
[80/4486] COPY ../../third_party/libc++/src/include/__algorithm/ranges_adjacent_find.h gen/third_party/libc++/src/include/__algorithm/ranges_adjacent_find.h
[81/4486] COPY ../../third_party/libc++/src/include/__algorithm/ranges_all_of.h gen/third_party/libc++/src/include/__algorithm/ranges_all_of.h
[82/4486] COPY ../../third_party/libc++/src/include/__algorithm/ranges_any_of.h gen/third_party/libc++/src/include/__algorithm/ranges_any_of.h
[83/4486] COPY ../../third_party/libc++/src/include/__algorithm/ranges_binary_search.h gen/third_party/libc++/src/include/__algorithm/ranges_binary_search.h
[84/4486] COPY ../../third_party/libc++/src/include/__algorithm/ranges_clamp.h gen/third_party/libc++/src/include/__algorithm/ranges_clamp.h
[85/4486] COPY ../../third_party/libc++/src/include/__algorithm/ranges_contains.h gen/third_party/libc++/src/include/__algorithm/ranges_contains.h
[86/4486] COPY ../../third_party/libc++/src/include/__algorithm/ranges_contains_subrange.h gen/third_party/libc++/src/include/__algorithm/ranges_contains_subrange.h
[87/4486] COPY ../../third_party/libc++/src/include/__algorithm/ranges_copy.h gen/third_party/libc++/src/include/__algorithm/ranges_copy.h
[88/4486] COPY ../../third_party/libc++/src/include/__algorithm/ranges_copy_backward.h gen/third_party/libc++/src/include/__algorithm/ranges_copy_backward.h
[89/4486] COPY ../../third_party/libc++/src/include/__algorithm/ranges_copy_if.h gen/third_party/libc++/src/include/__algorithm/ranges_copy_if.h
[90/4486] COPY ../../third_party/libc++/src/include/__algorithm/ranges_copy_n.h gen/third_party/libc++/src/include/__algorithm/ranges_copy_n.h
[91/4486] COPY ../../third_party/libc++/src/include/__algorithm/ranges_count.h gen/third_party/libc++/src/include/__algorithm/ranges_count.h
[92/4486] COPY ../../third_party/libc++/src/include/__algorithm/ranges_count_if.h gen/third_party/libc++/src/include/__algorithm/ranges_count_if.h
[93/4486] COPY ../../third_party/libc++/src/include/__algorithm/ranges_ends_with.h gen/third_party/libc++/src/include/__algorithm/ranges_ends_with.h
[94/4486] COPY ../../third_party/libc++/src/include/__algorithm/ranges_equal.h gen/third_party/libc++/src/include/__algorithm/ranges_equal.h
[95/4486] COPY ../../third_party/libc++/src/include/__algorithm/ranges_equal_range.h gen/third_party/libc++/src/include/__algorithm/ranges_equal_range.h
[96/4486] COPY ../../third_party/libc++/src/include/__algorithm/ranges_fill.h gen/third_party/libc++/src/include/__algorithm/ranges_fill.h
[97/4486] COPY ../../third_party/libc++/src/include/__algorithm/ranges_fill_n.h gen/third_party/libc++/src/include/__algorithm/ranges_fill_n.h
[98/4486] COPY ../../third_party/libc++/src/include/__algorithm/ranges_find.h gen/third_party/libc++/src/include/__algorithm/ranges_find.h
[99/4486] COPY ../../third_party/libc++/src/include/__algorithm/ranges_find_end.h gen/third_party/libc++/src/include/__algorithm/ranges_find_end.h
[100/4486] COPY ../../third_party/libc++/src/include/__algorithm/ranges_find_first_of.h gen/third_party/libc++/src/include/__algorithm/ranges_find_first_of.h
[101/4486] COPY ../../third_party/libc++/src/include/__algorithm/ranges_find_if.h gen/third_party/libc++/src/include/__algorithm/ranges_find_if.h
[102/4486] COPY ../../third_party/libc++/src/include/__algorithm/ranges_find_if_not.h gen/third_party/libc++/src/include/__algorithm/ranges_find_if_not.h
[103/4486] COPY ../../third_party/libc++/src/include/__algorithm/ranges_find_last.h gen/third_party/libc++/src/include/__algorithm/ranges_find_last.h
[104/4486] COPY ../../third_party/libc++/src/include/__algorithm/ranges_fold.h gen/third_party/libc++/src/include/__algorithm/ranges_fold.h
[105/4486] COPY ../../third_party/libc++/src/include/__algorithm/ranges_for_each.h gen/third_party/libc++/src/include/__algorithm/ranges_for_each.h
[106/4486] COPY ../../third_party/libc++/src/include/__algorithm/ranges_for_each_n.h gen/third_party/libc++/src/include/__algorithm/ranges_for_each_n.h
[107/4486] COPY ../../third_party/libc++/src/include/__algorithm/ranges_generate.h gen/third_party/libc++/src/include/__algorithm/ranges_generate.h
[108/4486] COPY ../../third_party/libc++/src/include/__algorithm/ranges_generate_n.h gen/third_party/libc++/src/include/__algorithm/ranges_generate_n.h
[109/4486] COPY ../../third_party/libc++/src/include/__algorithm/ranges_includes.h gen/third_party/libc++/src/include/__algorithm/ranges_includes.h
[110/4486] COPY ../../third_party/libc++/src/include/__algorithm/ranges_inplace_merge.h gen/third_party/libc++/src/include/__algorithm/ranges_inplace_merge.h
[111/4486] COPY ../../third_party/libc++/src/include/__algorithm/ranges_is_heap.h gen/third_party/libc++/src/include/__algorithm/ranges_is_heap.h
[112/4486] COPY ../../third_party/libc++/src/include/__algorithm/ranges_is_heap_until.h gen/third_party/libc++/src/include/__algorithm/ranges_is_heap_until.h
[113/4486] COPY ../../third_party/libc++/src/include/__algorithm/ranges_is_partitioned.h gen/third_party/libc++/src/include/__algorithm/ranges_is_partitioned.h
[114/4486] COPY ../../third_party/libc++/src/include/__algorithm/ranges_is_permutation.h gen/third_party/libc++/src/include/__algorithm/ranges_is_permutation.h
[115/4486] COPY ../../third_party/libc++/src/include/__algorithm/ranges_is_sorted.h gen/third_party/libc++/src/include/__algorithm/ranges_is_sorted.h
[116/4486] COPY ../../third_party/libc++/src/include/__algorithm/ranges_is_sorted_until.h gen/third_party/libc++/src/include/__algorithm/ranges_is_sorted_until.h
[117/4486] COPY ../../third_party/libc++/src/include/__algorithm/ranges_iterator_concept.h gen/third_party/libc++/src/include/__algorithm/ranges_iterator_concept.h
[118/4486] COPY ../../third_party/libc++/src/include/__algorithm/ranges_lexicographical_compare.h gen/third_party/libc++/src/include/__algorithm/ranges_lexicographical_compare.h
[119/4486] COPY ../../third_party/libc++/src/include/__algorithm/ranges_lower_bound.h gen/third_party/libc++/src/include/__algorithm/ranges_lower_bound.h
[120/4486] COPY ../../third_party/libc++/src/include/__algorithm/ranges_make_heap.h gen/third_party/libc++/src/include/__algorithm/ranges_make_heap.h
[121/4486] COPY ../../third_party/libc++/src/include/__algorithm/ranges_max.h gen/third_party/libc++/src/include/__algorithm/ranges_max.h
[122/4486] COPY ../../third_party/libc++/src/include/__algorithm/ranges_max_element.h gen/third_party/libc++/src/include/__algorithm/ranges_max_element.h
[123/4486] COPY ../../third_party/libc++/src/include/__algorithm/ranges_merge.h gen/third_party/libc++/src/include/__algorithm/ranges_merge.h
[124/4486] COPY ../../third_party/libc++/src/include/__algorithm/ranges_min.h gen/third_party/libc++/src/include/__algorithm/ranges_min.h
[125/4486] COPY ../../third_party/libc++/src/include/__algorithm/ranges_min_element.h gen/third_party/libc++/src/include/__algorithm/ranges_min_element.h
[126/4486] COPY ../../third_party/libc++/src/include/__algorithm/ranges_minmax.h gen/third_party/libc++/src/include/__algorithm/ranges_minmax.h
[127/4486] COPY ../../third_party/libc++/src/include/__algorithm/ranges_minmax_element.h gen/third_party/libc++/src/include/__algorithm/ranges_minmax_element.h
[128/4486] COPY ../../third_party/libc++/src/include/__algorithm/ranges_mismatch.h gen/third_party/libc++/src/include/__algorithm/ranges_mismatch.h
[129/4486] COPY ../../third_party/libc++/src/include/__algorithm/ranges_move.h gen/third_party/libc++/src/include/__algorithm/ranges_move.h
[130/4486] COPY ../../third_party/libc++/src/include/__algorithm/ranges_move_backward.h gen/third_party/libc++/src/include/__algorithm/ranges_move_backward.h
[131/4486] COPY ../../third_party/libc++/src/include/__algorithm/ranges_next_permutation.h gen/third_party/libc++/src/include/__algorithm/ranges_next_permutation.h
[132/4486] COPY ../../third_party/libc++/src/include/__algorithm/ranges_none_of.h gen/third_party/libc++/src/include/__algorithm/ranges_none_of.h
[133/4486] COPY ../../third_party/libc++/src/include/__algorithm/ranges_nth_element.h gen/third_party/libc++/src/include/__algorithm/ranges_nth_element.h
[134/4486] COPY ../../third_party/libc++/src/include/__algorithm/ranges_partial_sort.h gen/third_party/libc++/src/include/__algorithm/ranges_partial_sort.h
[135/4486] COPY ../../third_party/libc++/src/include/__algorithm/ranges_partial_sort_copy.h gen/third_party/libc++/src/include/__algorithm/ranges_partial_sort_copy.h
[136/4486] COPY ../../third_party/libc++/src/include/__algorithm/ranges_partition.h gen/third_party/libc++/src/include/__algorithm/ranges_partition.h
[137/4486] COPY ../../third_party/libc++/src/include/__algorithm/ranges_partition_copy.h gen/third_party/libc++/src/include/__algorithm/ranges_partition_copy.h
[138/4486] COPY ../../third_party/libc++/src/include/__algorithm/ranges_partition_point.h gen/third_party/libc++/src/include/__algorithm/ranges_partition_point.h
[139/4486] COPY ../../third_party/libc++/src/include/__algorithm/ranges_pop_heap.h gen/third_party/libc++/src/include/__algorithm/ranges_pop_heap.h
[140/4486] COPY ../../third_party/libc++/src/include/__algorithm/ranges_prev_permutation.h gen/third_party/libc++/src/include/__algorithm/ranges_prev_permutation.h
[141/4486] COPY ../../third_party/libc++/src/include/__algorithm/ranges_push_heap.h gen/third_party/libc++/src/include/__algorithm/ranges_push_heap.h
[142/4486] COPY ../../third_party/libc++/src/include/__algorithm/ranges_remove.h gen/third_party/libc++/src/include/__algorithm/ranges_remove.h
[143/4486] COPY ../../third_party/libc++/src/include/__algorithm/ranges_remove_copy.h gen/third_party/libc++/src/include/__algorithm/ranges_remove_copy.h
[144/4486] COPY ../../third_party/libc++/src/include/__algorithm/ranges_remove_copy_if.h gen/third_party/libc++/src/include/__algorithm/ranges_remove_copy_if.h
[145/4486] COPY ../../third_party/libc++/src/include/__algorithm/ranges_remove_if.h gen/third_party/libc++/src/include/__algorithm/ranges_remove_if.h
[146/4486] COPY ../../third_party/libc++/src/include/__algorithm/ranges_replace.h gen/third_party/libc++/src/include/__algorithm/ranges_replace.h
[147/4486] COPY ../../third_party/libc++/src/include/__algorithm/ranges_replace_copy.h gen/third_party/libc++/src/include/__algorithm/ranges_replace_copy.h
[148/4486] COPY ../../third_party/libc++/src/include/__algorithm/ranges_replace_copy_if.h gen/third_party/libc++/src/include/__algorithm/ranges_replace_copy_if.h
[149/4486] COPY ../../third_party/libc++/src/include/__algorithm/ranges_replace_if.h gen/third_party/libc++/src/include/__algorithm/ranges_replace_if.h
[150/4486] COPY ../../third_party/libc++/src/include/__algorithm/ranges_reverse.h gen/third_party/libc++/src/include/__algorithm/ranges_reverse.h
[151/4486] COPY ../../third_party/libc++/src/include/__algorithm/ranges_reverse_copy.h gen/third_party/libc++/src/include/__algorithm/ranges_reverse_copy.h
[152/4486] COPY ../../third_party/libc++/src/include/__algorithm/ranges_rotate.h gen/third_party/libc++/src/include/__algorithm/ranges_rotate.h
[153/4486] COPY ../../third_party/libc++/src/include/__algorithm/ranges_rotate_copy.h gen/third_party/libc++/src/include/__algorithm/ranges_rotate_copy.h
[154/4486] COPY ../../third_party/libc++/src/include/__algorithm/ranges_sample.h gen/third_party/libc++/src/include/__algorithm/ranges_sample.h
[155/4486] COPY ../../third_party/libc++/src/include/__algorithm/ranges_search.h gen/third_party/libc++/src/include/__algorithm/ranges_search.h
[156/4486] COPY ../../third_party/libc++/src/include/__algorithm/ranges_search_n.h gen/third_party/libc++/src/include/__algorithm/ranges_search_n.h
[157/4486] COPY ../../third_party/libc++/src/include/__algorithm/ranges_set_difference.h gen/third_party/libc++/src/include/__algorithm/ranges_set_difference.h
[158/4486] COPY ../../third_party/libc++/src/include/__algorithm/ranges_set_intersection.h gen/third_party/libc++/src/include/__algorithm/ranges_set_intersection.h
[159/4486] COPY ../../third_party/libc++/src/include/__algorithm/ranges_set_symmetric_difference.h gen/third_party/libc++/src/include/__algorithm/ranges_set_symmetric_difference.h
[160/4486] COPY ../../third_party/libc++/src/include/__algorithm/ranges_set_union.h gen/third_party/libc++/src/include/__algorithm/ranges_set_union.h
[161/4486] COPY ../../third_party/libc++/src/include/__algorithm/ranges_shuffle.h gen/third_party/libc++/src/include/__algorithm/ranges_shuffle.h
[162/4486] COPY ../../third_party/libc++/src/include/__algorithm/ranges_sort.h gen/third_party/libc++/src/include/__algorithm/ranges_sort.h
[163/4486] COPY ../../third_party/libc++/src/include/__algorithm/ranges_sort_heap.h gen/third_party/libc++/src/include/__algorithm/ranges_sort_heap.h
[164/4486] COPY ../../third_party/libc++/src/include/__algorithm/ranges_stable_partition.h gen/third_party/libc++/src/include/__algorithm/ranges_stable_partition.h
[165/4486] COPY ../../third_party/libc++/src/include/__algorithm/ranges_stable_sort.h gen/third_party/libc++/src/include/__algorithm/ranges_stable_sort.h
[166/4486] COPY ../../third_party/libc++/src/include/__algorithm/ranges_starts_with.h gen/third_party/libc++/src/include/__algorithm/ranges_starts_with.h
[167/4486] COPY ../../third_party/libc++/src/include/__algorithm/ranges_swap_ranges.h gen/third_party/libc++/src/include/__algorithm/ranges_swap_ranges.h
[168/4486] COPY ../../third_party/libc++/src/include/__algorithm/ranges_transform.h gen/third_party/libc++/src/include/__algorithm/ranges_transform.h
[169/4486] COPY ../../third_party/libc++/src/include/__algorithm/ranges_unique.h gen/third_party/libc++/src/include/__algorithm/ranges_unique.h
[170/4486] COPY ../../third_party/libc++/src/include/__algorithm/ranges_unique_copy.h gen/third_party/libc++/src/include/__algorithm/ranges_unique_copy.h
[171/4486] COPY ../../third_party/libc++/src/include/__algorithm/ranges_upper_bound.h gen/third_party/libc++/src/include/__algorithm/ranges_upper_bound.h
[172/4486] COPY ../../third_party/libc++/src/include/__algorithm/remove.h gen/third_party/libc++/src/include/__algorithm/remove.h
[173/4486] COPY ../../third_party/libc++/src/include/__algorithm/remove_copy.h gen/third_party/libc++/src/include/__algorithm/remove_copy.h
[174/4486] COPY ../../third_party/libc++/src/include/__algorithm/remove_copy_if.h gen/third_party/libc++/src/include/__algorithm/remove_copy_if.h
[175/4486] COPY ../../third_party/libc++/src/include/__algorithm/remove_if.h gen/third_party/libc++/src/include/__algorithm/remove_if.h
[176/4486] COPY ../../third_party/libc++/src/include/__algorithm/replace.h gen/third_party/libc++/src/include/__algorithm/replace.h
[177/4486] COPY ../../third_party/libc++/src/include/__algorithm/replace_copy.h gen/third_party/libc++/src/include/__algorithm/replace_copy.h
[178/4486] COPY ../../third_party/libc++/src/include/__algorithm/replace_copy_if.h gen/third_party/libc++/src/include/__algorithm/replace_copy_if.h
[179/4486] COPY ../../third_party/libc++/src/include/__algorithm/replace_if.h gen/third_party/libc++/src/include/__algorithm/replace_if.h
[180/4486] COPY ../../third_party/libc++/src/include/__algorithm/reverse.h gen/third_party/libc++/src/include/__algorithm/reverse.h
[181/4486] COPY ../../third_party/libc++/src/include/__algorithm/reverse_copy.h gen/third_party/libc++/src/include/__algorithm/reverse_copy.h
[182/4486] COPY ../../third_party/libc++/src/include/__algorithm/rotate.h gen/third_party/libc++/src/include/__algorithm/rotate.h
[183/4486] COPY ../../third_party/libc++/src/include/__algorithm/rotate_copy.h gen/third_party/libc++/src/include/__algorithm/rotate_copy.h
[184/4486] COPY ../../third_party/libc++/src/include/__algorithm/sample.h gen/third_party/libc++/src/include/__algorithm/sample.h
[185/4486] COPY ../../third_party/libc++/src/include/__algorithm/search.h gen/third_party/libc++/src/include/__algorithm/search.h
[186/4486] COPY ../../third_party/libc++/src/include/__algorithm/search_n.h gen/third_party/libc++/src/include/__algorithm/search_n.h
[187/4486] COPY ../../third_party/libc++/src/include/__algorithm/set_difference.h gen/third_party/libc++/src/include/__algorithm/set_difference.h
[188/4486] COPY ../../third_party/libc++/src/include/__algorithm/set_intersection.h gen/third_party/libc++/src/include/__algorithm/set_intersection.h
[189/4486] COPY ../../third_party/libc++/src/include/__algorithm/set_symmetric_difference.h gen/third_party/libc++/src/include/__algorithm/set_symmetric_difference.h
[190/4486] COPY ../../third_party/libc++/src/include/__algorithm/set_union.h gen/third_party/libc++/src/include/__algorithm/set_union.h
[191/4486] COPY ../../third_party/libc++/src/include/__algorithm/shift_left.h gen/third_party/libc++/src/include/__algorithm/shift_left.h
[192/4486] COPY ../../third_party/libc++/src/include/__algorithm/shift_right.h gen/third_party/libc++/src/include/__algorithm/shift_right.h
[193/4486] COPY ../../third_party/libc++/src/include/__algorithm/shuffle.h gen/third_party/libc++/src/include/__algorithm/shuffle.h
[194/4486] COPY ../../third_party/libc++/src/include/__algorithm/sift_down.h gen/third_party/libc++/src/include/__algorithm/sift_down.h
[195/4486] COPY ../../third_party/libc++/src/include/__algorithm/simd_utils.h gen/third_party/libc++/src/include/__algorithm/simd_utils.h
[196/4486] COPY ../../third_party/libc++/src/include/__algorithm/sort.h gen/third_party/libc++/src/include/__algorithm/sort.h
[197/4486] COPY ../../third_party/libc++/src/include/__algorithm/sort_heap.h gen/third_party/libc++/src/include/__algorithm/sort_heap.h
[198/4486] COPY ../../third_party/libc++/src/include/__algorithm/specialized_algorithms.h gen/third_party/libc++/src/include/__algorithm/specialized_algorithms.h
[199/4486] COPY ../../third_party/libc++/src/include/__algorithm/stable_partition.h gen/third_party/libc++/src/include/__algorithm/stable_partition.h
[200/4486] COPY ../../third_party/libc++/src/include/__algorithm/stable_sort.h gen/third_party/libc++/src/include/__algorithm/stable_sort.h
[201/4486] COPY ../../third_party/libc++/src/include/__algorithm/swap_ranges.h gen/third_party/libc++/src/include/__algorithm/swap_ranges.h
[202/4486] COPY ../../third_party/libc++/src/include/__algorithm/three_way_comp_ref_type.h gen/third_party/libc++/src/include/__algorithm/three_way_comp_ref_type.h
[203/4486] COPY ../../third_party/libc++/src/include/__algorithm/transform.h gen/third_party/libc++/src/include/__algorithm/transform.h
[204/4486] COPY ../../third_party/libc++/src/include/__algorithm/uniform_random_bit_generator_adaptor.h gen/third_party/libc++/src/include/__algorithm/uniform_random_bit_generator_adaptor.h
[205/4486] COPY ../../third_party/libc++/src/include/__algorithm/unique.h gen/third_party/libc++/src/include/__algorithm/unique.h
[206/4486] COPY ../../third_party/libc++/src/include/__algorithm/unique_copy.h gen/third_party/libc++/src/include/__algorithm/unique_copy.h
[207/4486] COPY ../../third_party/libc++/src/include/__algorithm/unwrap_iter.h gen/third_party/libc++/src/include/__algorithm/unwrap_iter.h
[208/4486] COPY ../../third_party/libc++/src/include/__algorithm/unwrap_range.h gen/third_party/libc++/src/include/__algorithm/unwrap_range.h
[209/4486] COPY ../../third_party/libc++/src/include/__algorithm/upper_bound.h gen/third_party/libc++/src/include/__algorithm/upper_bound.h
[210/4486] COPY ../../third_party/libc++/src/include/__assert gen/third_party/libc++/src/include/__assert
[211/4486] COPY ../../third_party/libc++/src/include/__atomic/aliases.h gen/third_party/libc++/src/include/__atomic/aliases.h
[212/4486] COPY ../../third_party/libc++/src/include/__atomic/atomic.h gen/third_party/libc++/src/include/__atomic/atomic.h
[213/4486] COPY ../../third_party/libc++/src/include/__atomic/atomic_flag.h gen/third_party/libc++/src/include/__atomic/atomic_flag.h
[214/4486] COPY ../../third_party/libc++/src/include/__atomic/atomic_init.h gen/third_party/libc++/src/include/__atomic/atomic_init.h
[215/4486] COPY ../../third_party/libc++/src/include/__atomic/atomic_lock_free.h gen/third_party/libc++/src/include/__atomic/atomic_lock_free.h
[216/4486] COPY ../../third_party/libc++/src/include/__atomic/atomic_ref.h gen/third_party/libc++/src/include/__atomic/atomic_ref.h
[217/4486] COPY ../../third_party/libc++/src/include/__atomic/atomic_sync.h gen/third_party/libc++/src/include/__atomic/atomic_sync.h
[218/4486] COPY ../../third_party/libc++/src/include/__atomic/check_memory_order.h gen/third_party/libc++/src/include/__atomic/check_memory_order.h
[219/4486] COPY ../../third_party/libc++/src/include/__atomic/contention_t.h gen/third_party/libc++/src/include/__atomic/contention_t.h
[220/4486] COPY ../../third_party/libc++/src/include/__atomic/fence.h gen/third_party/libc++/src/include/__atomic/fence.h
[221/4486] COPY ../../third_party/libc++/src/include/__atomic/floating_point_helper.h gen/third_party/libc++/src/include/__atomic/floating_point_helper.h
[222/4486] COPY ../../third_party/libc++/src/include/__atomic/is_always_lock_free.h gen/third_party/libc++/src/include/__atomic/is_always_lock_free.h
[223/4486] COPY ../../third_party/libc++/src/include/__atomic/kill_dependency.h gen/third_party/libc++/src/include/__atomic/kill_dependency.h
[224/4486] COPY ../../third_party/libc++/src/include/__atomic/memory_order.h gen/third_party/libc++/src/include/__atomic/memory_order.h
[225/4486] COPY ../../third_party/libc++/src/include/__atomic/support.h gen/third_party/libc++/src/include/__atomic/support.h
[226/4486] COPY ../../third_party/libc++/src/include/__atomic/support/c11.h gen/third_party/libc++/src/include/__atomic/support/c11.h
[227/4486] COPY ../../third_party/libc++/src/include/__atomic/support/gcc.h gen/third_party/libc++/src/include/__atomic/support/gcc.h
[228/4486] COPY ../../third_party/libc++/src/include/__atomic/to_gcc_order.h gen/third_party/libc++/src/include/__atomic/to_gcc_order.h
[229/4486] COPY ../../third_party/libc++/src/include/__bit/bit_cast.h gen/third_party/libc++/src/include/__bit/bit_cast.h
[230/4486] COPY ../../third_party/libc++/src/include/__bit/bit_ceil.h gen/third_party/libc++/src/include/__bit/bit_ceil.h
[231/4486] COPY ../../third_party/libc++/src/include/__bit/bit_floor.h gen/third_party/libc++/src/include/__bit/bit_floor.h
[232/4486] COPY ../../third_party/libc++/src/include/__bit/bit_log2.h gen/third_party/libc++/src/include/__bit/bit_log2.h
[233/4486] COPY ../../third_party/libc++/src/include/__bit/bit_width.h gen/third_party/libc++/src/include/__bit/bit_width.h
[234/4486] COPY ../../third_party/libc++/src/include/__bit/blsr.h gen/third_party/libc++/src/include/__bit/blsr.h
[235/4486] COPY ../../third_party/libc++/src/include/__bit/byteswap.h gen/third_party/libc++/src/include/__bit/byteswap.h
[236/4486] COPY ../../third_party/libc++/src/include/__bit/countl.h gen/third_party/libc++/src/include/__bit/countl.h
[237/4486] COPY ../../third_party/libc++/src/include/__bit/countr.h gen/third_party/libc++/src/include/__bit/countr.h
[238/4486] COPY ../../third_party/libc++/src/include/__bit/endian.h gen/third_party/libc++/src/include/__bit/endian.h
[239/4486] COPY ../../third_party/libc++/src/include/__bit/has_single_bit.h gen/third_party/libc++/src/include/__bit/has_single_bit.h
[240/4486] COPY ../../third_party/libc++/src/include/__bit/invert_if.h gen/third_party/libc++/src/include/__bit/invert_if.h
[241/4486] COPY ../../third_party/libc++/src/include/__bit/popcount.h gen/third_party/libc++/src/include/__bit/popcount.h
[242/4486] COPY ../../third_party/libc++/src/include/__bit/rotate.h gen/third_party/libc++/src/include/__bit/rotate.h
[243/4486] COPY ../../third_party/libc++/src/include/__bit_reference gen/third_party/libc++/src/include/__bit_reference
[244/4486] COPY ../../third_party/libc++/src/include/__charconv/chars_format.h gen/third_party/libc++/src/include/__charconv/chars_format.h
[245/4486] COPY ../../third_party/libc++/src/include/__charconv/from_chars_floating_point.h gen/third_party/libc++/src/include/__charconv/from_chars_floating_point.h
[246/4486] COPY ../../third_party/libc++/src/include/__charconv/from_chars_integral.h gen/third_party/libc++/src/include/__charconv/from_chars_integral.h
[247/4486] COPY ../../third_party/libc++/src/include/__charconv/from_chars_result.h gen/third_party/libc++/src/include/__charconv/from_chars_result.h
[248/4486] COPY ../../third_party/libc++/src/include/__charconv/tables.h gen/third_party/libc++/src/include/__charconv/tables.h
[249/4486] COPY ../../third_party/libc++/src/include/__charconv/to_chars.h gen/third_party/libc++/src/include/__charconv/to_chars.h
[250/4486] COPY ../../third_party/libc++/src/include/__charconv/to_chars_base_10.h gen/third_party/libc++/src/include/__charconv/to_chars_base_10.h
[251/4486] COPY ../../third_party/libc++/src/include/__charconv/to_chars_floating_point.h gen/third_party/libc++/src/include/__charconv/to_chars_floating_point.h
[252/4486] COPY ../../third_party/libc++/src/include/__charconv/to_chars_integral.h gen/third_party/libc++/src/include/__charconv/to_chars_integral.h
[253/4486] COPY ../../third_party/libc++/src/include/__charconv/to_chars_result.h gen/third_party/libc++/src/include/__charconv/to_chars_result.h
[254/4486] COPY ../../third_party/libc++/src/include/__charconv/traits.h gen/third_party/libc++/src/include/__charconv/traits.h
[255/4486] COPY ../../third_party/libc++/src/include/__chrono/calendar.h gen/third_party/libc++/src/include/__chrono/calendar.h
[256/4486] COPY ../../third_party/libc++/src/include/__chrono/concepts.h gen/third_party/libc++/src/include/__chrono/concepts.h
[257/4486] COPY ../../third_party/libc++/src/include/__chrono/convert_to_timespec.h gen/third_party/libc++/src/include/__chrono/convert_to_timespec.h
[258/4486] COPY ../../third_party/libc++/src/include/__chrono/convert_to_tm.h gen/third_party/libc++/src/include/__chrono/convert_to_tm.h
[259/4486] COPY ../../third_party/libc++/src/include/__chrono/day.h gen/third_party/libc++/src/include/__chrono/day.h
[260/4486] COPY ../../third_party/libc++/src/include/__chrono/duration.h gen/third_party/libc++/src/include/__chrono/duration.h
[261/4486] COPY ../../third_party/libc++/src/include/__chrono/exception.h gen/third_party/libc++/src/include/__chrono/exception.h
[262/4486] COPY ../../third_party/libc++/src/include/__chrono/file_clock.h gen/third_party/libc++/src/include/__chrono/file_clock.h
[263/4486] COPY ../../third_party/libc++/src/include/__chrono/formatter.h gen/third_party/libc++/src/include/__chrono/formatter.h
[264/4486] COPY ../../third_party/libc++/src/include/__chrono/gps_clock.h gen/third_party/libc++/src/include/__chrono/gps_clock.h
[265/4486] COPY ../../third_party/libc++/src/include/__chrono/hh_mm_ss.h gen/third_party/libc++/src/include/__chrono/hh_mm_ss.h
[266/4486] COPY ../../third_party/libc++/src/include/__chrono/high_resolution_clock.h gen/third_party/libc++/src/include/__chrono/high_resolution_clock.h
[267/4486] COPY ../../third_party/libc++/src/include/__chrono/is_clock.h gen/third_party/libc++/src/include/__chrono/is_clock.h
[268/4486] COPY ../../third_party/libc++/src/include/__chrono/leap_second.h gen/third_party/libc++/src/include/__chrono/leap_second.h
[269/4486] COPY ../../third_party/libc++/src/include/__chrono/literals.h gen/third_party/libc++/src/include/__chrono/literals.h
[270/4486] COPY ../../third_party/libc++/src/include/__chrono/local_info.h gen/third_party/libc++/src/include/__chrono/local_info.h
[271/4486] COPY ../../third_party/libc++/src/include/__chrono/month.h gen/third_party/libc++/src/include/__chrono/month.h
[272/4486] COPY ../../third_party/libc++/src/include/__chrono/month_weekday.h gen/third_party/libc++/src/include/__chrono/month_weekday.h
[273/4486] COPY ../../third_party/libc++/src/include/__chrono/monthday.h gen/third_party/libc++/src/include/__chrono/monthday.h
[274/4486] COPY ../../third_party/libc++/src/include/__chrono/ostream.h gen/third_party/libc++/src/include/__chrono/ostream.h
[275/4486] COPY ../../third_party/libc++/src/include/__chrono/parser_std_format_spec.h gen/third_party/libc++/src/include/__chrono/parser_std_format_spec.h
[276/4486] COPY ../../third_party/libc++/src/include/__chrono/statically_widen.h gen/third_party/libc++/src/include/__chrono/statically_widen.h
[277/4486] COPY ../../third_party/libc++/src/include/__chrono/steady_clock.h gen/third_party/libc++/src/include/__chrono/steady_clock.h
[278/4486] COPY ../../third_party/libc++/src/include/__chrono/sys_info.h gen/third_party/libc++/src/include/__chrono/sys_info.h
[279/4486] COPY ../../third_party/libc++/src/include/__chrono/system_clock.h gen/third_party/libc++/src/include/__chrono/system_clock.h
[280/4486] COPY ../../third_party/libc++/src/include/__chrono/tai_clock.h gen/third_party/libc++/src/include/__chrono/tai_clock.h
[281/4486] COPY ../../third_party/libc++/src/include/__chrono/time_point.h gen/third_party/libc++/src/include/__chrono/time_point.h
[282/4486] COPY ../../third_party/libc++/src/include/__chrono/time_zone.h gen/third_party/libc++/src/include/__chrono/time_zone.h
[283/4486] COPY ../../third_party/libc++/src/include/__chrono/time_zone_link.h gen/third_party/libc++/src/include/__chrono/time_zone_link.h
[284/4486] COPY ../../third_party/libc++/src/include/__chrono/tzdb.h gen/third_party/libc++/src/include/__chrono/tzdb.h
[285/4486] COPY ../../third_party/libc++/src/include/__chrono/tzdb_list.h gen/third_party/libc++/src/include/__chrono/tzdb_list.h
[286/4486] COPY ../../third_party/libc++/src/include/__chrono/utc_clock.h gen/third_party/libc++/src/include/__chrono/utc_clock.h
[287/4486] COPY ../../third_party/libc++/src/include/__chrono/weekday.h gen/third_party/libc++/src/include/__chrono/weekday.h
[288/4486] COPY ../../third_party/libc++/src/include/__chrono/year.h gen/third_party/libc++/src/include/__chrono/year.h
[289/4486] COPY ../../third_party/libc++/src/include/__chrono/year_month.h gen/third_party/libc++/src/include/__chrono/year_month.h
[290/4486] COPY ../../third_party/libc++/src/include/__chrono/year_month_day.h gen/third_party/libc++/src/include/__chrono/year_month_day.h
[291/4486] COPY ../../third_party/libc++/src/include/__chrono/year_month_weekday.h gen/third_party/libc++/src/include/__chrono/year_month_weekday.h
[292/4486] COPY ../../third_party/libc++/src/include/__chrono/zoned_time.h gen/third_party/libc++/src/include/__chrono/zoned_time.h
[293/4486] COPY ../../third_party/libc++/src/include/__compare/common_comparison_category.h gen/third_party/libc++/src/include/__compare/common_comparison_category.h
[294/4486] COPY ../../third_party/libc++/src/include/__compare/compare_partial_order_fallback.h gen/third_party/libc++/src/include/__compare/compare_partial_order_fallback.h
[295/4486] COPY ../../third_party/libc++/src/include/__compare/compare_strong_order_fallback.h gen/third_party/libc++/src/include/__compare/compare_strong_order_fallback.h
[296/4486] COPY ../../third_party/libc++/src/include/__compare/compare_three_way.h gen/third_party/libc++/src/include/__compare/compare_three_way.h
[297/4486] COPY ../../third_party/libc++/src/include/__compare/compare_three_way_result.h gen/third_party/libc++/src/include/__compare/compare_three_way_result.h
[298/4486] COPY ../../third_party/libc++/src/include/__compare/compare_weak_order_fallback.h gen/third_party/libc++/src/include/__compare/compare_weak_order_fallback.h
[299/4486] COPY ../../third_party/libc++/src/include/__compare/is_eq.h gen/third_party/libc++/src/include/__compare/is_eq.h
[300/4486] COPY ../../third_party/libc++/src/include/__compare/ordering.h gen/third_party/libc++/src/include/__compare/ordering.h
[301/4486] COPY ../../third_party/libc++/src/include/__compare/partial_order.h gen/third_party/libc++/src/include/__compare/partial_order.h
[302/4486] COPY ../../third_party/libc++/src/include/__compare/strong_order.h gen/third_party/libc++/src/include/__compare/strong_order.h
[303/4486] COPY ../../third_party/libc++/src/include/__compare/synth_three_way.h gen/third_party/libc++/src/include/__compare/synth_three_way.h
[304/4486] COPY ../../third_party/libc++/src/include/__compare/three_way_comparable.h gen/third_party/libc++/src/include/__compare/three_way_comparable.h
[305/4486] COPY ../../third_party/libc++/src/include/__compare/weak_order.h gen/third_party/libc++/src/include/__compare/weak_order.h
[306/4486] COPY ../../third_party/libc++/src/include/__concepts/arithmetic.h gen/third_party/libc++/src/include/__concepts/arithmetic.h
[307/4486] COPY ../../third_party/libc++/src/include/__concepts/assignable.h gen/third_party/libc++/src/include/__concepts/assignable.h
[308/4486] COPY ../../third_party/libc++/src/include/__concepts/boolean_testable.h gen/third_party/libc++/src/include/__concepts/boolean_testable.h
[309/4486] COPY ../../third_party/libc++/src/include/__concepts/class_or_enum.h gen/third_party/libc++/src/include/__concepts/class_or_enum.h
[310/4486] COPY ../../third_party/libc++/src/include/__concepts/common_reference_with.h gen/third_party/libc++/src/include/__concepts/common_reference_with.h
[311/4486] COPY ../../third_party/libc++/src/include/__concepts/common_with.h gen/third_party/libc++/src/include/__concepts/common_with.h
[312/4486] COPY ../../third_party/libc++/src/include/__concepts/comparison_common_type.h gen/third_party/libc++/src/include/__concepts/comparison_common_type.h
[313/4486] COPY ../../third_party/libc++/src/include/__concepts/constructible.h gen/third_party/libc++/src/include/__concepts/constructible.h
[314/4486] COPY ../../third_party/libc++/src/include/__concepts/convertible_to.h gen/third_party/libc++/src/include/__concepts/convertible_to.h
[315/4486] COPY ../../third_party/libc++/src/include/__concepts/copyable.h gen/third_party/libc++/src/include/__concepts/copyable.h
[316/4486] COPY ../../third_party/libc++/src/include/__concepts/derived_from.h gen/third_party/libc++/src/include/__concepts/derived_from.h
[317/4486] COPY ../../third_party/libc++/src/include/__concepts/destructible.h gen/third_party/libc++/src/include/__concepts/destructible.h
[318/4486] COPY ../../third_party/libc++/src/include/__concepts/different_from.h gen/third_party/libc++/src/include/__concepts/different_from.h
[319/4486] COPY ../../third_party/libc++/src/include/__concepts/equality_comparable.h gen/third_party/libc++/src/include/__concepts/equality_comparable.h
[320/4486] COPY ../../third_party/libc++/src/include/__concepts/invocable.h gen/third_party/libc++/src/include/__concepts/invocable.h
[321/4486] COPY ../../third_party/libc++/src/include/__concepts/movable.h gen/third_party/libc++/src/include/__concepts/movable.h
[322/4486] COPY ../../third_party/libc++/src/include/__concepts/predicate.h gen/third_party/libc++/src/include/__concepts/predicate.h
[323/4486] COPY ../../third_party/libc++/src/include/__concepts/regular.h gen/third_party/libc++/src/include/__concepts/regular.h
[324/4486] COPY ../../third_party/libc++/src/include/__concepts/relation.h gen/third_party/libc++/src/include/__concepts/relation.h
[325/4486] COPY ../../third_party/libc++/src/include/__concepts/same_as.h gen/third_party/libc++/src/include/__concepts/same_as.h
[326/4486] COPY ../../third_party/libc++/src/include/__concepts/semiregular.h gen/third_party/libc++/src/include/__concepts/semiregular.h
[327/4486] COPY ../../third_party/libc++/src/include/__concepts/swappable.h gen/third_party/libc++/src/include/__concepts/swappable.h
[328/4486] COPY ../../third_party/libc++/src/include/__concepts/totally_ordered.h gen/third_party/libc++/src/include/__concepts/totally_ordered.h
[329/4486] COPY ../../third_party/libc++/src/include/__condition_variable/condition_variable.h gen/third_party/libc++/src/include/__condition_variable/condition_variable.h
[330/4486] COPY ../../third_party/libc++/src/include/__config gen/third_party/libc++/src/include/__config
[331/4486] COPY ../../third_party/libc++/src/include/__config_site.in gen/third_party/libc++/src/include/__config_site.in
[332/4486] COPY ../../third_party/libc++/src/include/__configuration/abi.h gen/third_party/libc++/src/include/__configuration/abi.h
[333/4486] COPY ../../third_party/libc++/src/include/__configuration/availability.h gen/third_party/libc++/src/include/__configuration/availability.h
[334/4486] COPY ../../third_party/libc++/src/include/__configuration/compiler.h gen/third_party/libc++/src/include/__configuration/compiler.h
[335/4486] COPY ../../third_party/libc++/src/include/__configuration/experimental.h gen/third_party/libc++/src/include/__configuration/experimental.h
[336/4486] COPY ../../third_party/libc++/src/include/__configuration/hardening.h gen/third_party/libc++/src/include/__configuration/hardening.h
[337/4486] COPY ../../third_party/libc++/src/include/__configuration/language.h gen/third_party/libc++/src/include/__configuration/language.h
[338/4486] COPY ../../third_party/libc++/src/include/__configuration/platform.h gen/third_party/libc++/src/include/__configuration/platform.h
[339/4486] COPY ../../third_party/libc++/src/include/__coroutine/coroutine_handle.h gen/third_party/libc++/src/include/__coroutine/coroutine_handle.h
[340/4486] COPY ../../third_party/libc++/src/include/__coroutine/coroutine_traits.h gen/third_party/libc++/src/include/__coroutine/coroutine_traits.h
[341/4486] COPY ../../third_party/libc++/src/include/__coroutine/noop_coroutine_handle.h gen/third_party/libc++/src/include/__coroutine/noop_coroutine_handle.h
[342/4486] COPY ../../third_party/libc++/src/include/__coroutine/trivial_awaitables.h gen/third_party/libc++/src/include/__coroutine/trivial_awaitables.h
[343/4486] COPY ../../third_party/libc++/src/include/__cstddef/byte.h gen/third_party/libc++/src/include/__cstddef/byte.h
[344/4486] COPY ../../third_party/libc++/src/include/__cstddef/max_align_t.h gen/third_party/libc++/src/include/__cstddef/max_align_t.h
[345/4486] COPY ../../third_party/libc++/src/include/__cstddef/nullptr_t.h gen/third_party/libc++/src/include/__cstddef/nullptr_t.h
[346/4486] COPY ../../third_party/libc++/src/include/__cstddef/ptrdiff_t.h gen/third_party/libc++/src/include/__cstddef/ptrdiff_t.h
[347/4486] COPY ../../third_party/libc++/src/include/__cstddef/size_t.h gen/third_party/libc++/src/include/__cstddef/size_t.h
[348/4486] COPY ../../third_party/libc++/src/include/__debug_utils/randomize_range.h gen/third_party/libc++/src/include/__debug_utils/randomize_range.h
[349/4486] COPY ../../third_party/libc++/src/include/__debug_utils/sanitizers.h gen/third_party/libc++/src/include/__debug_utils/sanitizers.h
[350/4486] COPY ../../third_party/libc++/src/include/__debug_utils/strict_weak_ordering_check.h gen/third_party/libc++/src/include/__debug_utils/strict_weak_ordering_check.h
[351/4486] COPY ../../third_party/libc++/src/include/__exception/exception.h gen/third_party/libc++/src/include/__exception/exception.h
[352/4486] COPY ../../third_party/libc++/src/include/__exception/exception_ptr.h gen/third_party/libc++/src/include/__exception/exception_ptr.h
[353/4486] COPY ../../third_party/libc++/src/include/__exception/nested_exception.h gen/third_party/libc++/src/include/__exception/nested_exception.h
[354/4486] COPY ../../third_party/libc++/src/include/__exception/operations.h gen/third_party/libc++/src/include/__exception/operations.h
[355/4486] COPY ../../third_party/libc++/src/include/__exception/terminate.h gen/third_party/libc++/src/include/__exception/terminate.h
[356/4486] COPY ../../third_party/libc++/src/include/__expected/bad_expected_access.h gen/third_party/libc++/src/include/__expected/bad_expected_access.h
[357/4486] COPY ../../third_party/libc++/src/include/__expected/expected.h gen/third_party/libc++/src/include/__expected/expected.h
[358/4486] COPY ../../third_party/libc++/src/include/__expected/unexpect.h gen/third_party/libc++/src/include/__expected/unexpect.h
[359/4486] COPY ../../third_party/libc++/src/include/__expected/unexpected.h gen/third_party/libc++/src/include/__expected/unexpected.h
[360/4486] COPY ../../third_party/libc++/src/include/__filesystem/copy_options.h gen/third_party/libc++/src/include/__filesystem/copy_options.h
[361/4486] COPY ../../third_party/libc++/src/include/__filesystem/directory_entry.h gen/third_party/libc++/src/include/__filesystem/directory_entry.h
[362/4486] COPY ../../third_party/libc++/src/include/__filesystem/directory_iterator.h gen/third_party/libc++/src/include/__filesystem/directory_iterator.h
[363/4486] COPY ../../third_party/libc++/src/include/__filesystem/directory_options.h gen/third_party/libc++/src/include/__filesystem/directory_options.h
[364/4486] COPY ../../third_party/libc++/src/include/__filesystem/file_status.h gen/third_party/libc++/src/include/__filesystem/file_status.h
[365/4486] COPY ../../third_party/libc++/src/include/__filesystem/file_time_type.h gen/third_party/libc++/src/include/__filesystem/file_time_type.h
[366/4486] COPY ../../third_party/libc++/src/include/__filesystem/file_type.h gen/third_party/libc++/src/include/__filesystem/file_type.h
[367/4486] COPY ../../third_party/libc++/src/include/__filesystem/filesystem_error.h gen/third_party/libc++/src/include/__filesystem/filesystem_error.h
[368/4486] COPY ../../third_party/libc++/src/include/__filesystem/operations.h gen/third_party/libc++/src/include/__filesystem/operations.h
[369/4486] COPY ../../third_party/libc++/src/include/__filesystem/path.h gen/third_party/libc++/src/include/__filesystem/path.h
[370/4486] COPY ../../third_party/libc++/src/include/__filesystem/path_iterator.h gen/third_party/libc++/src/include/__filesystem/path_iterator.h
[371/4486] COPY ../../third_party/libc++/src/include/__filesystem/perm_options.h gen/third_party/libc++/src/include/__filesystem/perm_options.h
[372/4486] COPY ../../third_party/libc++/src/include/__filesystem/perms.h gen/third_party/libc++/src/include/__filesystem/perms.h
[373/4486] COPY ../../third_party/libc++/src/include/__filesystem/recursive_directory_iterator.h gen/third_party/libc++/src/include/__filesystem/recursive_directory_iterator.h
[374/4486] COPY ../../third_party/libc++/src/include/__filesystem/space_info.h gen/third_party/libc++/src/include/__filesystem/space_info.h
[375/4486] COPY ../../third_party/libc++/src/include/__filesystem/u8path.h gen/third_party/libc++/src/include/__filesystem/u8path.h
[376/4486] COPY ../../third_party/libc++/src/include/__flat_map/flat_map.h gen/third_party/libc++/src/include/__flat_map/flat_map.h
[377/4486] COPY ../../third_party/libc++/src/include/__flat_map/flat_multimap.h gen/third_party/libc++/src/include/__flat_map/flat_multimap.h
[378/4486] COPY ../../third_party/libc++/src/include/__flat_map/key_value_iterator.h gen/third_party/libc++/src/include/__flat_map/key_value_iterator.h
[379/4486] COPY ../../third_party/libc++/src/include/__flat_map/sorted_equivalent.h gen/third_party/libc++/src/include/__flat_map/sorted_equivalent.h
[380/4486] COPY ../../third_party/libc++/src/include/__flat_map/sorted_unique.h gen/third_party/libc++/src/include/__flat_map/sorted_unique.h
[381/4486] COPY ../../third_party/libc++/src/include/__flat_map/utils.h gen/third_party/libc++/src/include/__flat_map/utils.h
[382/4486] COPY ../../third_party/libc++/src/include/__flat_set/flat_multiset.h gen/third_party/libc++/src/include/__flat_set/flat_multiset.h
[383/4486] COPY ../../third_party/libc++/src/include/__flat_set/flat_set.h gen/third_party/libc++/src/include/__flat_set/flat_set.h
[384/4486] COPY ../../third_party/libc++/src/include/__flat_set/ra_iterator.h gen/third_party/libc++/src/include/__flat_set/ra_iterator.h
[385/4486] COPY ../../third_party/libc++/src/include/__flat_set/utils.h gen/third_party/libc++/src/include/__flat_set/utils.h
[386/4486] COPY ../../third_party/libc++/src/include/__format/buffer.h gen/third_party/libc++/src/include/__format/buffer.h
[387/4486] COPY ../../third_party/libc++/src/include/__format/concepts.h gen/third_party/libc++/src/include/__format/concepts.h
[388/4486] COPY ../../third_party/libc++/src/include/__format/container_adaptor.h gen/third_party/libc++/src/include/__format/container_adaptor.h
[389/4486] COPY ../../third_party/libc++/src/include/__format/enable_insertable.h gen/third_party/libc++/src/include/__format/enable_insertable.h
[390/4486] COPY ../../third_party/libc++/src/include/__format/escaped_output_table.h gen/third_party/libc++/src/include/__format/escaped_output_table.h
[391/4486] COPY ../../third_party/libc++/src/include/__format/extended_grapheme_cluster_table.h gen/third_party/libc++/src/include/__format/extended_grapheme_cluster_table.h
[392/4486] COPY ../../third_party/libc++/src/include/__format/fmt_pair_like.h gen/third_party/libc++/src/include/__format/fmt_pair_like.h
[393/4486] COPY ../../third_party/libc++/src/include/__format/format_arg.h gen/third_party/libc++/src/include/__format/format_arg.h
[394/4486] COPY ../../third_party/libc++/src/include/__format/format_arg_store.h gen/third_party/libc++/src/include/__format/format_arg_store.h
[395/4486] COPY ../../third_party/libc++/src/include/__format/format_args.h gen/third_party/libc++/src/include/__format/format_args.h
[396/4486] COPY ../../third_party/libc++/src/include/__format/format_context.h gen/third_party/libc++/src/include/__format/format_context.h
[397/4486] COPY ../../third_party/libc++/src/include/__format/format_error.h gen/third_party/libc++/src/include/__format/format_error.h
[398/4486] COPY ../../third_party/libc++/src/include/__format/format_functions.h gen/third_party/libc++/src/include/__format/format_functions.h
[399/4486] COPY ../../third_party/libc++/src/include/__format/format_parse_context.h gen/third_party/libc++/src/include/__format/format_parse_context.h
[400/4486] COPY ../../third_party/libc++/src/include/__format/format_string.h gen/third_party/libc++/src/include/__format/format_string.h
[401/4486] COPY ../../third_party/libc++/src/include/__format/format_to_n_result.h gen/third_party/libc++/src/include/__format/format_to_n_result.h
[402/4486] COPY ../../third_party/libc++/src/include/__format/formatter.h gen/third_party/libc++/src/include/__format/formatter.h
[403/4486] COPY ../../third_party/libc++/src/include/__format/formatter_bool.h gen/third_party/libc++/src/include/__format/formatter_bool.h
[404/4486] COPY ../../third_party/libc++/src/include/__format/formatter_char.h gen/third_party/libc++/src/include/__format/formatter_char.h
[405/4486] COPY ../../third_party/libc++/src/include/__format/formatter_floating_point.h gen/third_party/libc++/src/include/__format/formatter_floating_point.h
[406/4486] COPY ../../third_party/libc++/src/include/__format/formatter_integer.h gen/third_party/libc++/src/include/__format/formatter_integer.h
[407/4486] COPY ../../third_party/libc++/src/include/__format/formatter_integral.h gen/third_party/libc++/src/include/__format/formatter_integral.h
[408/4486] COPY ../../third_party/libc++/src/include/__format/formatter_output.h gen/third_party/libc++/src/include/__format/formatter_output.h
[409/4486] COPY ../../third_party/libc++/src/include/__format/formatter_pointer.h gen/third_party/libc++/src/include/__format/formatter_pointer.h
[410/4486] COPY ../../third_party/libc++/src/include/__format/formatter_string.h gen/third_party/libc++/src/include/__format/formatter_string.h
[411/4486] COPY ../../third_party/libc++/src/include/__format/formatter_tuple.h gen/third_party/libc++/src/include/__format/formatter_tuple.h
[412/4486] COPY ../../third_party/libc++/src/include/__format/indic_conjunct_break_table.h gen/third_party/libc++/src/include/__format/indic_conjunct_break_table.h
[413/4486] COPY ../../third_party/libc++/src/include/__format/parser_std_format_spec.h gen/third_party/libc++/src/include/__format/parser_std_format_spec.h
[414/4486] COPY ../../third_party/libc++/src/include/__format/range_default_formatter.h gen/third_party/libc++/src/include/__format/range_default_formatter.h
[415/4486] COPY ../../third_party/libc++/src/include/__format/range_format.h gen/third_party/libc++/src/include/__format/range_format.h
[416/4486] COPY ../../third_party/libc++/src/include/__format/range_formatter.h gen/third_party/libc++/src/include/__format/range_formatter.h
[417/4486] COPY ../../third_party/libc++/src/include/__format/unicode.h gen/third_party/libc++/src/include/__format/unicode.h
[418/4486] COPY ../../third_party/libc++/src/include/__format/width_estimation_table.h gen/third_party/libc++/src/include/__format/width_estimation_table.h
[419/4486] COPY ../../third_party/libc++/src/include/__format/write_escaped.h gen/third_party/libc++/src/include/__format/write_escaped.h
[420/4486] COPY ../../third_party/libc++/src/include/__functional/binary_function.h gen/third_party/libc++/src/include/__functional/binary_function.h
[421/4486] COPY ../../third_party/libc++/src/include/__functional/binary_negate.h gen/third_party/libc++/src/include/__functional/binary_negate.h
[422/4486] COPY ../../third_party/libc++/src/include/__functional/bind.h gen/third_party/libc++/src/include/__functional/bind.h
[423/4486] COPY ../../third_party/libc++/src/include/__functional/bind_back.h gen/third_party/libc++/src/include/__functional/bind_back.h
[424/4486] COPY ../../third_party/libc++/src/include/__functional/bind_front.h gen/third_party/libc++/src/include/__functional/bind_front.h
[425/4486] COPY ../../third_party/libc++/src/include/__functional/binder1st.h gen/third_party/libc++/src/include/__functional/binder1st.h
[426/4486] COPY ../../third_party/libc++/src/include/__functional/binder2nd.h gen/third_party/libc++/src/include/__functional/binder2nd.h
[427/4486] COPY ../../third_party/libc++/src/include/__functional/boyer_moore_searcher.h gen/third_party/libc++/src/include/__functional/boyer_moore_searcher.h
[428/4486] COPY ../../third_party/libc++/src/include/__functional/compose.h gen/third_party/libc++/src/include/__functional/compose.h
[429/4486] COPY ../../third_party/libc++/src/include/__functional/default_searcher.h gen/third_party/libc++/src/include/__functional/default_searcher.h
[430/4486] COPY ../../third_party/libc++/src/include/__functional/function.h gen/third_party/libc++/src/include/__functional/function.h
[431/4486] COPY ../../third_party/libc++/src/include/__functional/hash.h gen/third_party/libc++/src/include/__functional/hash.h
[432/4486] COPY ../../third_party/libc++/src/include/__functional/identity.h gen/third_party/libc++/src/include/__functional/identity.h
[433/4486] COPY ../../third_party/libc++/src/include/__functional/invoke.h gen/third_party/libc++/src/include/__functional/invoke.h
[434/4486] COPY ../../third_party/libc++/src/include/__functional/is_transparent.h gen/third_party/libc++/src/include/__functional/is_transparent.h
[435/4486] COPY ../../third_party/libc++/src/include/__functional/mem_fn.h gen/third_party/libc++/src/include/__functional/mem_fn.h
[436/4486] COPY ../../third_party/libc++/src/include/__functional/mem_fun_ref.h gen/third_party/libc++/src/include/__functional/mem_fun_ref.h
[437/4486] COPY ../../third_party/libc++/src/include/__functional/not_fn.h gen/third_party/libc++/src/include/__functional/not_fn.h
[438/4486] COPY ../../third_party/libc++/src/include/__functional/operations.h gen/third_party/libc++/src/include/__functional/operations.h
[439/4486] COPY ../../third_party/libc++/src/include/__functional/perfect_forward.h gen/third_party/libc++/src/include/__functional/perfect_forward.h
[440/4486] COPY ../../third_party/libc++/src/include/__functional/pointer_to_binary_function.h gen/third_party/libc++/src/include/__functional/pointer_to_binary_function.h
[441/4486] COPY ../../third_party/libc++/src/include/__functional/pointer_to_unary_function.h gen/third_party/libc++/src/include/__functional/pointer_to_unary_function.h
[442/4486] COPY ../../third_party/libc++/src/include/__functional/ranges_operations.h gen/third_party/libc++/src/include/__functional/ranges_operations.h
[443/4486] COPY ../../third_party/libc++/src/include/__functional/reference_wrapper.h gen/third_party/libc++/src/include/__functional/reference_wrapper.h
[444/4486] COPY ../../third_party/libc++/src/include/__functional/unary_function.h gen/third_party/libc++/src/include/__functional/unary_function.h
[445/4486] COPY ../../third_party/libc++/src/include/__functional/unary_negate.h gen/third_party/libc++/src/include/__functional/unary_negate.h
[446/4486] COPY ../../third_party/libc++/src/include/__functional/weak_result_type.h gen/third_party/libc++/src/include/__functional/weak_result_type.h
[447/4486] COPY ../../third_party/libc++/src/include/__fwd/array.h gen/third_party/libc++/src/include/__fwd/array.h
[448/4486] COPY ../../third_party/libc++/src/include/__fwd/bit_reference.h gen/third_party/libc++/src/include/__fwd/bit_reference.h
[449/4486] COPY ../../third_party/libc++/src/include/__fwd/byte.h gen/third_party/libc++/src/include/__fwd/byte.h
[450/4486] COPY ../../third_party/libc++/src/include/__fwd/complex.h gen/third_party/libc++/src/include/__fwd/complex.h
[451/4486] COPY ../../third_party/libc++/src/include/__fwd/deque.h gen/third_party/libc++/src/include/__fwd/deque.h
[452/4486] COPY ../../third_party/libc++/src/include/__fwd/format.h gen/third_party/libc++/src/include/__fwd/format.h
[453/4486] COPY ../../third_party/libc++/src/include/__fwd/fstream.h gen/third_party/libc++/src/include/__fwd/fstream.h
[454/4486] COPY ../../third_party/libc++/src/include/__fwd/functional.h gen/third_party/libc++/src/include/__fwd/functional.h
[455/4486] COPY ../../third_party/libc++/src/include/__fwd/get.h gen/third_party/libc++/src/include/__fwd/get.h
[456/4486] COPY ../../third_party/libc++/src/include/__fwd/ios.h gen/third_party/libc++/src/include/__fwd/ios.h
[457/4486] COPY ../../third_party/libc++/src/include/__fwd/istream.h gen/third_party/libc++/src/include/__fwd/istream.h
[458/4486] COPY ../../third_party/libc++/src/include/__fwd/mdspan.h gen/third_party/libc++/src/include/__fwd/mdspan.h
[459/4486] COPY ../../third_party/libc++/src/include/__fwd/memory.h gen/third_party/libc++/src/include/__fwd/memory.h
[460/4486] COPY ../../third_party/libc++/src/include/__fwd/memory_resource.h gen/third_party/libc++/src/include/__fwd/memory_resource.h
[461/4486] COPY ../../third_party/libc++/src/include/__fwd/ostream.h gen/third_party/libc++/src/include/__fwd/ostream.h
[462/4486] COPY ../../third_party/libc++/src/include/__fwd/pair.h gen/third_party/libc++/src/include/__fwd/pair.h
[463/4486] COPY ../../third_party/libc++/src/include/__fwd/queue.h gen/third_party/libc++/src/include/__fwd/queue.h
[464/4486] COPY ../../third_party/libc++/src/include/__fwd/span.h gen/third_party/libc++/src/include/__fwd/span.h
[465/4486] COPY ../../third_party/libc++/src/include/__fwd/sstream.h gen/third_party/libc++/src/include/__fwd/sstream.h
[466/4486] COPY ../../third_party/libc++/src/include/__fwd/stack.h gen/third_party/libc++/src/include/__fwd/stack.h
[467/4486] COPY ../../third_party/libc++/src/include/__fwd/streambuf.h gen/third_party/libc++/src/include/__fwd/streambuf.h
[468/4486] COPY ../../third_party/libc++/src/include/__fwd/string.h gen/third_party/libc++/src/include/__fwd/string.h
[469/4486] COPY ../../third_party/libc++/src/include/__fwd/string_view.h gen/third_party/libc++/src/include/__fwd/string_view.h
[470/4486] COPY ../../third_party/libc++/src/include/__fwd/subrange.h gen/third_party/libc++/src/include/__fwd/subrange.h
[471/4486] COPY ../../third_party/libc++/src/include/__fwd/tuple.h gen/third_party/libc++/src/include/__fwd/tuple.h
[472/4486] COPY ../../third_party/libc++/src/include/__fwd/variant.h gen/third_party/libc++/src/include/__fwd/variant.h
[473/4486] COPY ../../third_party/libc++/src/include/__fwd/vector.h gen/third_party/libc++/src/include/__fwd/vector.h
[474/4486] COPY ../../third_party/libc++/src/include/__hash_table gen/third_party/libc++/src/include/__hash_table
[475/4486] COPY ../../third_party/libc++/src/include/__ios/fpos.h gen/third_party/libc++/src/include/__ios/fpos.h
[476/4486] COPY ../../third_party/libc++/src/include/__iterator/access.h gen/third_party/libc++/src/include/__iterator/access.h
[477/4486] COPY ../../third_party/libc++/src/include/__iterator/advance.h gen/third_party/libc++/src/include/__iterator/advance.h
[478/4486] COPY ../../third_party/libc++/src/include/__iterator/aliasing_iterator.h gen/third_party/libc++/src/include/__iterator/aliasing_iterator.h
[479/4486] COPY ../../third_party/libc++/src/include/__iterator/back_insert_iterator.h gen/third_party/libc++/src/include/__iterator/back_insert_iterator.h
[480/4486] COPY ../../third_party/libc++/src/include/__iterator/bounded_iter.h gen/third_party/libc++/src/include/__iterator/bounded_iter.h
[481/4486] COPY ../../third_party/libc++/src/include/__iterator/common_iterator.h gen/third_party/libc++/src/include/__iterator/common_iterator.h
[482/4486] COPY ../../third_party/libc++/src/include/__iterator/concepts.h gen/third_party/libc++/src/include/__iterator/concepts.h
[483/4486] COPY ../../third_party/libc++/src/include/__iterator/counted_iterator.h gen/third_party/libc++/src/include/__iterator/counted_iterator.h
[484/4486] COPY ../../third_party/libc++/src/include/__iterator/cpp17_iterator_concepts.h gen/third_party/libc++/src/include/__iterator/cpp17_iterator_concepts.h
[485/4486] COPY ../../third_party/libc++/src/include/__iterator/data.h gen/third_party/libc++/src/include/__iterator/data.h
[486/4486] COPY ../../third_party/libc++/src/include/__iterator/default_sentinel.h gen/third_party/libc++/src/include/__iterator/default_sentinel.h
[487/4486] COPY ../../third_party/libc++/src/include/__iterator/distance.h gen/third_party/libc++/src/include/__iterator/distance.h
[488/4486] COPY ../../third_party/libc++/src/include/__iterator/empty.h gen/third_party/libc++/src/include/__iterator/empty.h
[489/4486] COPY ../../third_party/libc++/src/include/__iterator/erase_if_container.h gen/third_party/libc++/src/include/__iterator/erase_if_container.h
[490/4486] COPY ../../third_party/libc++/src/include/__iterator/front_insert_iterator.h gen/third_party/libc++/src/include/__iterator/front_insert_iterator.h
[491/4486] COPY ../../third_party/libc++/src/include/__iterator/incrementable_traits.h gen/third_party/libc++/src/include/__iterator/incrementable_traits.h
[492/4486] COPY ../../third_party/libc++/src/include/__iterator/indirectly_comparable.h gen/third_party/libc++/src/include/__iterator/indirectly_comparable.h
[493/4486] COPY ../../third_party/libc++/src/include/__iterator/insert_iterator.h gen/third_party/libc++/src/include/__iterator/insert_iterator.h
[494/4486] COPY ../../third_party/libc++/src/include/__iterator/istream_iterator.h gen/third_party/libc++/src/include/__iterator/istream_iterator.h
[495/4486] COPY ../../third_party/libc++/src/include/__iterator/istreambuf_iterator.h gen/third_party/libc++/src/include/__iterator/istreambuf_iterator.h
[496/4486] COPY ../../third_party/libc++/src/include/__iterator/iter_move.h gen/third_party/libc++/src/include/__iterator/iter_move.h
[497/4486] COPY ../../third_party/libc++/src/include/__iterator/iter_swap.h gen/third_party/libc++/src/include/__iterator/iter_swap.h
[498/4486] COPY ../../third_party/libc++/src/include/__iterator/iterator.h gen/third_party/libc++/src/include/__iterator/iterator.h
[499/4486] COPY ../../third_party/libc++/src/include/__iterator/iterator_traits.h gen/third_party/libc++/src/include/__iterator/iterator_traits.h
[500/4486] COPY ../../third_party/libc++/src/include/__iterator/iterator_with_data.h gen/third_party/libc++/src/include/__iterator/iterator_with_data.h
[501/4486] COPY ../../third_party/libc++/src/include/__iterator/mergeable.h gen/third_party/libc++/src/include/__iterator/mergeable.h
[502/4486] COPY ../../third_party/libc++/src/include/__iterator/move_iterator.h gen/third_party/libc++/src/include/__iterator/move_iterator.h
[503/4486] COPY ../../third_party/libc++/src/include/__iterator/move_sentinel.h gen/third_party/libc++/src/include/__iterator/move_sentinel.h
[504/4486] COPY ../../third_party/libc++/src/include/__iterator/next.h gen/third_party/libc++/src/include/__iterator/next.h
[505/4486] COPY ../../third_party/libc++/src/include/__iterator/ostream_iterator.h gen/third_party/libc++/src/include/__iterator/ostream_iterator.h
[506/4486] COPY ../../third_party/libc++/src/include/__iterator/ostreambuf_iterator.h gen/third_party/libc++/src/include/__iterator/ostreambuf_iterator.h
[507/4486] COPY ../../third_party/libc++/src/include/__iterator/permutable.h gen/third_party/libc++/src/include/__iterator/permutable.h
[508/4486] COPY ../../third_party/libc++/src/include/__iterator/prev.h gen/third_party/libc++/src/include/__iterator/prev.h
[509/4486] COPY ../../third_party/libc++/src/include/__iterator/product_iterator.h gen/third_party/libc++/src/include/__iterator/product_iterator.h
[510/4486] COPY ../../third_party/libc++/src/include/__iterator/projected.h gen/third_party/libc++/src/include/__iterator/projected.h
[511/4486] COPY ../../third_party/libc++/src/include/__iterator/ranges_iterator_traits.h gen/third_party/libc++/src/include/__iterator/ranges_iterator_traits.h
[512/4486] COPY ../../third_party/libc++/src/include/__iterator/readable_traits.h gen/third_party/libc++/src/include/__iterator/readable_traits.h
[513/4486] COPY ../../third_party/libc++/src/include/__iterator/reverse_access.h gen/third_party/libc++/src/include/__iterator/reverse_access.h
[514/4486] COPY ../../third_party/libc++/src/include/__iterator/reverse_iterator.h gen/third_party/libc++/src/include/__iterator/reverse_iterator.h
[515/4486] COPY ../../third_party/libc++/src/include/__iterator/segmented_iterator.h gen/third_party/libc++/src/include/__iterator/segmented_iterator.h
[516/4486] COPY ../../third_party/libc++/src/include/__iterator/size.h gen/third_party/libc++/src/include/__iterator/size.h
[517/4486] COPY ../../third_party/libc++/src/include/__iterator/sortable.h gen/third_party/libc++/src/include/__iterator/sortable.h
[518/4486] COPY ../../third_party/libc++/src/include/__iterator/static_bounded_iter.h gen/third_party/libc++/src/include/__iterator/static_bounded_iter.h
[519/4486] COPY ../../third_party/libc++/src/include/__iterator/unreachable_sentinel.h gen/third_party/libc++/src/include/__iterator/unreachable_sentinel.h
[520/4486] COPY ../../third_party/libc++/src/include/__iterator/wrap_iter.h gen/third_party/libc++/src/include/__iterator/wrap_iter.h
[521/4486] COPY ../../third_party/libc++/src/include/__locale gen/third_party/libc++/src/include/__locale
[522/4486] COPY ../../third_party/libc++/src/include/__locale_dir/check_grouping.h gen/third_party/libc++/src/include/__locale_dir/check_grouping.h
[523/4486] COPY ../../third_party/libc++/src/include/__locale_dir/get_c_locale.h gen/third_party/libc++/src/include/__locale_dir/get_c_locale.h
[524/4486] COPY ../../third_party/libc++/src/include/__locale_dir/locale_base_api.h gen/third_party/libc++/src/include/__locale_dir/locale_base_api.h
[525/4486] COPY ../../third_party/libc++/src/include/__locale_dir/locale_base_api/bsd_locale_fallbacks.h gen/third_party/libc++/src/include/__locale_dir/locale_base_api/bsd_locale_fallbacks.h
[526/4486] COPY ../../third_party/libc++/src/include/__locale_dir/locale_base_api/ibm.h gen/third_party/libc++/src/include/__locale_dir/locale_base_api/ibm.h
[527/4486] COPY ../../third_party/libc++/src/include/__locale_dir/locale_base_api/openbsd.h gen/third_party/libc++/src/include/__locale_dir/locale_base_api/openbsd.h
[528/4486] COPY ../../third_party/libc++/src/include/__locale_dir/messages.h gen/third_party/libc++/src/include/__locale_dir/messages.h
[529/4486] COPY ../../third_party/libc++/src/include/__locale_dir/money.h gen/third_party/libc++/src/include/__locale_dir/money.h
[530/4486] COPY ../../third_party/libc++/src/include/__locale_dir/num.h gen/third_party/libc++/src/include/__locale_dir/num.h
[531/4486] COPY ../../third_party/libc++/src/include/__locale_dir/pad_and_output.h gen/third_party/libc++/src/include/__locale_dir/pad_and_output.h
[532/4486] COPY ../../third_party/libc++/src/include/__locale_dir/scan_keyword.h gen/third_party/libc++/src/include/__locale_dir/scan_keyword.h
[533/4486] COPY ../../third_party/libc++/src/include/__locale_dir/support/aix.h gen/third_party/libc++/src/include/__locale_dir/support/aix.h
[534/4486] COPY ../../third_party/libc++/src/include/__locale_dir/support/apple.h gen/third_party/libc++/src/include/__locale_dir/support/apple.h
[535/4486] COPY ../../third_party/libc++/src/include/__locale_dir/support/bsd_like.h gen/third_party/libc++/src/include/__locale_dir/support/bsd_like.h
[536/4486] COPY ../../third_party/libc++/src/include/__locale_dir/support/freebsd.h gen/third_party/libc++/src/include/__locale_dir/support/freebsd.h
[537/4486] COPY ../../third_party/libc++/src/include/__locale_dir/support/fuchsia.h gen/third_party/libc++/src/include/__locale_dir/support/fuchsia.h
[538/4486] COPY ../../third_party/libc++/src/include/__locale_dir/support/linux.h gen/third_party/libc++/src/include/__locale_dir/support/linux.h
[539/4486] COPY ../../third_party/libc++/src/include/__locale_dir/support/netbsd.h gen/third_party/libc++/src/include/__locale_dir/support/netbsd.h
[540/4486] COPY ../../third_party/libc++/src/include/__locale_dir/support/newlib.h gen/third_party/libc++/src/include/__locale_dir/support/newlib.h
[541/4486] COPY ../../third_party/libc++/src/include/__locale_dir/support/no_locale/characters.h gen/third_party/libc++/src/include/__locale_dir/support/no_locale/characters.h
[542/4486] COPY ../../third_party/libc++/src/include/__locale_dir/support/no_locale/strtonum.h gen/third_party/libc++/src/include/__locale_dir/support/no_locale/strtonum.h
[543/4486] COPY ../../third_party/libc++/src/include/__locale_dir/support/windows.h gen/third_party/libc++/src/include/__locale_dir/support/windows.h
[544/4486] COPY ../../third_party/libc++/src/include/__locale_dir/time.h gen/third_party/libc++/src/include/__locale_dir/time.h
[545/4486] COPY ../../third_party/libc++/src/include/__locale_dir/wbuffer_convert.h gen/third_party/libc++/src/include/__locale_dir/wbuffer_convert.h
[546/4486] COPY ../../third_party/libc++/src/include/__locale_dir/wstring_convert.h gen/third_party/libc++/src/include/__locale_dir/wstring_convert.h
[547/4486] COPY ../../third_party/libc++/src/include/__log_hardening_failure gen/third_party/libc++/src/include/__log_hardening_failure
[548/4486] COPY ../../third_party/libc++/src/include/__math/abs.h gen/third_party/libc++/src/include/__math/abs.h
[549/4486] COPY ../../third_party/libc++/src/include/__math/copysign.h gen/third_party/libc++/src/include/__math/copysign.h
[550/4486] COPY ../../third_party/libc++/src/include/__math/error_functions.h gen/third_party/libc++/src/include/__math/error_functions.h
[551/4486] COPY ../../third_party/libc++/src/include/__math/exponential_functions.h gen/third_party/libc++/src/include/__math/exponential_functions.h
[552/4486] COPY ../../third_party/libc++/src/include/__math/fdim.h gen/third_party/libc++/src/include/__math/fdim.h
[553/4486] COPY ../../third_party/libc++/src/include/__math/fma.h gen/third_party/libc++/src/include/__math/fma.h
[554/4486] COPY ../../third_party/libc++/src/include/__math/gamma.h gen/third_party/libc++/src/include/__math/gamma.h
[555/4486] COPY ../../third_party/libc++/src/include/__math/hyperbolic_functions.h gen/third_party/libc++/src/include/__math/hyperbolic_functions.h
[556/4486] COPY ../../third_party/libc++/src/include/__math/hypot.h gen/third_party/libc++/src/include/__math/hypot.h
[557/4486] COPY ../../third_party/libc++/src/include/__math/inverse_hyperbolic_functions.h gen/third_party/libc++/src/include/__math/inverse_hyperbolic_functions.h
[558/4486] COPY ../../third_party/libc++/src/include/__math/inverse_trigonometric_functions.h gen/third_party/libc++/src/include/__math/inverse_trigonometric_functions.h
[559/4486] COPY ../../third_party/libc++/src/include/__math/logarithms.h gen/third_party/libc++/src/include/__math/logarithms.h
[560/4486] COPY ../../third_party/libc++/src/include/__math/min_max.h gen/third_party/libc++/src/include/__math/min_max.h
[561/4486] COPY ../../third_party/libc++/src/include/__math/modulo.h gen/third_party/libc++/src/include/__math/modulo.h
[562/4486] COPY ../../third_party/libc++/src/include/__math/remainder.h gen/third_party/libc++/src/include/__math/remainder.h
[563/4486] COPY ../../third_party/libc++/src/include/__math/roots.h gen/third_party/libc++/src/include/__math/roots.h
[564/4486] COPY ../../third_party/libc++/src/include/__math/rounding_functions.h gen/third_party/libc++/src/include/__math/rounding_functions.h
[565/4486] COPY ../../third_party/libc++/src/include/__math/special_functions.h gen/third_party/libc++/src/include/__math/special_functions.h
[566/4486] COPY ../../third_party/libc++/src/include/__math/traits.h gen/third_party/libc++/src/include/__math/traits.h
[567/4486] COPY ../../third_party/libc++/src/include/__math/trigonometric_functions.h gen/third_party/libc++/src/include/__math/trigonometric_functions.h
[568/4486] COPY ../../third_party/libc++/src/include/__mbstate_t.h gen/third_party/libc++/src/include/__mbstate_t.h
[569/4486] COPY ../../third_party/libc++/src/include/__mdspan/aligned_accessor.h gen/third_party/libc++/src/include/__mdspan/aligned_accessor.h
[570/4486] COPY ../../third_party/libc++/src/include/__mdspan/default_accessor.h gen/third_party/libc++/src/include/__mdspan/default_accessor.h
[571/4486] COPY ../../third_party/libc++/src/include/__mdspan/extents.h gen/third_party/libc++/src/include/__mdspan/extents.h
[572/4486] COPY ../../third_party/libc++/src/include/__mdspan/layout_left.h gen/third_party/libc++/src/include/__mdspan/layout_left.h
[573/4486] COPY ../../third_party/libc++/src/include/__mdspan/layout_right.h gen/third_party/libc++/src/include/__mdspan/layout_right.h
[574/4486] COPY ../../third_party/libc++/src/include/__mdspan/layout_stride.h gen/third_party/libc++/src/include/__mdspan/layout_stride.h
[575/4486] COPY ../../third_party/libc++/src/include/__mdspan/mdspan.h gen/third_party/libc++/src/include/__mdspan/mdspan.h
[576/4486] COPY ../../third_party/libc++/src/include/__memory/addressof.h gen/third_party/libc++/src/include/__memory/addressof.h
[577/4486] COPY ../../third_party/libc++/src/include/__memory/align.h gen/third_party/libc++/src/include/__memory/align.h
[578/4486] COPY ../../third_party/libc++/src/include/__memory/allocate_at_least.h gen/third_party/libc++/src/include/__memory/allocate_at_least.h
[579/4486] COPY ../../third_party/libc++/src/include/__memory/allocation_guard.h gen/third_party/libc++/src/include/__memory/allocation_guard.h
[580/4486] COPY ../../third_party/libc++/src/include/__memory/allocator.h gen/third_party/libc++/src/include/__memory/allocator.h
[581/4486] COPY ../../third_party/libc++/src/include/__memory/allocator_arg_t.h gen/third_party/libc++/src/include/__memory/allocator_arg_t.h
[582/4486] COPY ../../third_party/libc++/src/include/__memory/allocator_destructor.h gen/third_party/libc++/src/include/__memory/allocator_destructor.h
[583/4486] COPY ../../third_party/libc++/src/include/__memory/allocator_traits.h gen/third_party/libc++/src/include/__memory/allocator_traits.h
[584/4486] COPY ../../third_party/libc++/src/include/__memory/array_cookie.h gen/third_party/libc++/src/include/__memory/array_cookie.h
[585/4486] COPY ../../third_party/libc++/src/include/__memory/assume_aligned.h gen/third_party/libc++/src/include/__memory/assume_aligned.h
[586/4486] COPY ../../third_party/libc++/src/include/__memory/auto_ptr.h gen/third_party/libc++/src/include/__memory/auto_ptr.h
[587/4486] COPY ../../third_party/libc++/src/include/__memory/compressed_pair.h gen/third_party/libc++/src/include/__memory/compressed_pair.h
[588/4486] COPY ../../third_party/libc++/src/include/__memory/concepts.h gen/third_party/libc++/src/include/__memory/concepts.h
[589/4486] COPY ../../third_party/libc++/src/include/__memory/construct_at.h gen/third_party/libc++/src/include/__memory/construct_at.h
[590/4486] COPY ../../third_party/libc++/src/include/__memory/destroy.h gen/third_party/libc++/src/include/__memory/destroy.h
[591/4486] COPY ../../third_party/libc++/src/include/__memory/destruct_n.h gen/third_party/libc++/src/include/__memory/destruct_n.h
[592/4486] COPY ../../third_party/libc++/src/include/__memory/inout_ptr.h gen/third_party/libc++/src/include/__memory/inout_ptr.h
[593/4486] COPY ../../third_party/libc++/src/include/__memory/is_sufficiently_aligned.h gen/third_party/libc++/src/include/__memory/is_sufficiently_aligned.h
[594/4486] COPY ../../third_party/libc++/src/include/__memory/noexcept_move_assign_container.h gen/third_party/libc++/src/include/__memory/noexcept_move_assign_container.h
[595/4486] COPY ../../third_party/libc++/src/include/__memory/out_ptr.h gen/third_party/libc++/src/include/__memory/out_ptr.h
[596/4486] COPY ../../third_party/libc++/src/include/__memory/pointer_traits.h gen/third_party/libc++/src/include/__memory/pointer_traits.h
[597/4486] COPY ../../third_party/libc++/src/include/__memory/ranges_construct_at.h gen/third_party/libc++/src/include/__memory/ranges_construct_at.h
[598/4486] COPY ../../third_party/libc++/src/include/__memory/ranges_destroy.h gen/third_party/libc++/src/include/__memory/ranges_destroy.h
[599/4486] COPY ../../third_party/libc++/src/include/__memory/ranges_uninitialized_algorithms.h gen/third_party/libc++/src/include/__memory/ranges_uninitialized_algorithms.h
[600/4486] COPY ../../third_party/libc++/src/include/__memory/raw_storage_iterator.h gen/third_party/libc++/src/include/__memory/raw_storage_iterator.h
[601/4486] COPY ../../third_party/libc++/src/include/__memory/shared_count.h gen/third_party/libc++/src/include/__memory/shared_count.h
[602/4486] COPY ../../third_party/libc++/src/include/__memory/shared_ptr.h gen/third_party/libc++/src/include/__memory/shared_ptr.h
[603/4486] COPY ../../third_party/libc++/src/include/__memory/swap_allocator.h gen/third_party/libc++/src/include/__memory/swap_allocator.h
[604/4486] COPY ../../third_party/libc++/src/include/__memory/temp_value.h gen/third_party/libc++/src/include/__memory/temp_value.h
[605/4486] COPY ../../third_party/libc++/src/include/__memory/temporary_buffer.h gen/third_party/libc++/src/include/__memory/temporary_buffer.h
[606/4486] COPY ../../third_party/libc++/src/include/__memory/uninitialized_algorithms.h gen/third_party/libc++/src/include/__memory/uninitialized_algorithms.h
[607/4486] COPY ../../third_party/libc++/src/include/__memory/unique_ptr.h gen/third_party/libc++/src/include/__memory/unique_ptr.h
[608/4486] COPY ../../third_party/libc++/src/include/__memory/unique_temporary_buffer.h gen/third_party/libc++/src/include/__memory/unique_temporary_buffer.h
[609/4486] COPY ../../third_party/libc++/src/include/__memory/uses_allocator.h gen/third_party/libc++/src/include/__memory/uses_allocator.h
[610/4486] COPY ../../third_party/libc++/src/include/__memory/uses_allocator_construction.h gen/third_party/libc++/src/include/__memory/uses_allocator_construction.h
[611/4486] COPY ../../third_party/libc++/src/include/__memory_resource/memory_resource.h gen/third_party/libc++/src/include/__memory_resource/memory_resource.h
[612/4486] COPY ../../third_party/libc++/src/include/__memory_resource/monotonic_buffer_resource.h gen/third_party/libc++/src/include/__memory_resource/monotonic_buffer_resource.h
[613/4486] COPY ../../third_party/libc++/src/include/__memory_resource/polymorphic_allocator.h gen/third_party/libc++/src/include/__memory_resource/polymorphic_allocator.h
[614/4486] COPY ../../third_party/libc++/src/include/__memory_resource/pool_options.h gen/third_party/libc++/src/include/__memory_resource/pool_options.h
[615/4486] COPY ../../third_party/libc++/src/include/__memory_resource/synchronized_pool_resource.h gen/third_party/libc++/src/include/__memory_resource/synchronized_pool_resource.h
[616/4486] COPY ../../third_party/libc++/src/include/__memory_resource/unsynchronized_pool_resource.h gen/third_party/libc++/src/include/__memory_resource/unsynchronized_pool_resource.h
[617/4486] COPY ../../third_party/libc++/src/include/__mutex/lock_guard.h gen/third_party/libc++/src/include/__mutex/lock_guard.h
[618/4486] COPY ../../third_party/libc++/src/include/__mutex/mutex.h gen/third_party/libc++/src/include/__mutex/mutex.h
[619/4486] COPY ../../third_party/libc++/src/include/__mutex/once_flag.h gen/third_party/libc++/src/include/__mutex/once_flag.h
[620/4486] COPY ../../third_party/libc++/src/include/__mutex/tag_types.h gen/third_party/libc++/src/include/__mutex/tag_types.h
[621/4486] COPY ../../third_party/libc++/src/include/__mutex/unique_lock.h gen/third_party/libc++/src/include/__mutex/unique_lock.h
[622/4486] COPY ../../third_party/libc++/src/include/__new/align_val_t.h gen/third_party/libc++/src/include/__new/align_val_t.h
[623/4486] COPY ../../third_party/libc++/src/include/__new/allocate.h gen/third_party/libc++/src/include/__new/allocate.h
[624/4486] COPY ../../third_party/libc++/src/include/__new/destroying_delete_t.h gen/third_party/libc++/src/include/__new/destroying_delete_t.h
[625/4486] COPY ../../third_party/libc++/src/include/__new/exceptions.h gen/third_party/libc++/src/include/__new/exceptions.h
[626/4486] COPY ../../third_party/libc++/src/include/__new/global_new_delete.h gen/third_party/libc++/src/include/__new/global_new_delete.h
[627/4486] COPY ../../third_party/libc++/src/include/__new/interference_size.h gen/third_party/libc++/src/include/__new/interference_size.h
[628/4486] COPY ../../third_party/libc++/src/include/__new/launder.h gen/third_party/libc++/src/include/__new/launder.h
[629/4486] COPY ../../third_party/libc++/src/include/__new/new_handler.h gen/third_party/libc++/src/include/__new/new_handler.h
[630/4486] COPY ../../third_party/libc++/src/include/__new/nothrow_t.h gen/third_party/libc++/src/include/__new/nothrow_t.h
[631/4486] COPY ../../third_party/libc++/src/include/__new/placement_new_delete.h gen/third_party/libc++/src/include/__new/placement_new_delete.h
[632/4486] COPY ../../third_party/libc++/src/include/__node_handle gen/third_party/libc++/src/include/__node_handle
[633/4486] COPY ../../third_party/libc++/src/include/__numeric/accumulate.h gen/third_party/libc++/src/include/__numeric/accumulate.h
[634/4486] COPY ../../third_party/libc++/src/include/__numeric/adjacent_difference.h gen/third_party/libc++/src/include/__numeric/adjacent_difference.h
[635/4486] COPY ../../third_party/libc++/src/include/__numeric/exclusive_scan.h gen/third_party/libc++/src/include/__numeric/exclusive_scan.h
[636/4486] COPY ../../third_party/libc++/src/include/__numeric/gcd_lcm.h gen/third_party/libc++/src/include/__numeric/gcd_lcm.h
[637/4486] COPY ../../third_party/libc++/src/include/__numeric/inclusive_scan.h gen/third_party/libc++/src/include/__numeric/inclusive_scan.h
[638/4486] COPY ../../third_party/libc++/src/include/__numeric/inner_product.h gen/third_party/libc++/src/include/__numeric/inner_product.h
[639/4486] COPY ../../third_party/libc++/src/include/__numeric/iota.h gen/third_party/libc++/src/include/__numeric/iota.h
[640/4486] COPY ../../third_party/libc++/src/include/__numeric/midpoint.h gen/third_party/libc++/src/include/__numeric/midpoint.h
[641/4486] COPY ../../third_party/libc++/src/include/__numeric/partial_sum.h gen/third_party/libc++/src/include/__numeric/partial_sum.h
[642/4486] COPY ../../third_party/libc++/src/include/__numeric/pstl.h gen/third_party/libc++/src/include/__numeric/pstl.h
[643/4486] COPY ../../third_party/libc++/src/include/__numeric/ranges_iota.h gen/third_party/libc++/src/include/__numeric/ranges_iota.h
[644/4486] COPY ../../third_party/libc++/src/include/__numeric/reduce.h gen/third_party/libc++/src/include/__numeric/reduce.h
[645/4486] COPY ../../third_party/libc++/src/include/__numeric/saturation_arithmetic.h gen/third_party/libc++/src/include/__numeric/saturation_arithmetic.h
[646/4486] COPY ../../third_party/libc++/src/include/__numeric/transform_exclusive_scan.h gen/third_party/libc++/src/include/__numeric/transform_exclusive_scan.h
[647/4486] COPY ../../third_party/libc++/src/include/__numeric/transform_inclusive_scan.h gen/third_party/libc++/src/include/__numeric/transform_inclusive_scan.h
[648/4486] COPY ../../third_party/libc++/src/include/__numeric/transform_reduce.h gen/third_party/libc++/src/include/__numeric/transform_reduce.h
[649/4486] COPY ../../third_party/libc++/src/include/__ostream/basic_ostream.h gen/third_party/libc++/src/include/__ostream/basic_ostream.h
[650/4486] COPY ../../third_party/libc++/src/include/__ostream/print.h gen/third_party/libc++/src/include/__ostream/print.h
[651/4486] COPY ../../third_party/libc++/src/include/__ostream/put_character_sequence.h gen/third_party/libc++/src/include/__ostream/put_character_sequence.h
[652/4486] COPY ../../third_party/libc++/src/include/__pstl/backend.h gen/third_party/libc++/src/include/__pstl/backend.h
[653/4486] COPY ../../third_party/libc++/src/include/__pstl/backend_fwd.h gen/third_party/libc++/src/include/__pstl/backend_fwd.h
[654/4486] COPY ../../third_party/libc++/src/include/__pstl/backends/default.h gen/third_party/libc++/src/include/__pstl/backends/default.h
[655/4486] COPY ../../third_party/libc++/src/include/__pstl/backends/libdispatch.h gen/third_party/libc++/src/include/__pstl/backends/libdispatch.h
[656/4486] COPY ../../third_party/libc++/src/include/__pstl/backends/serial.h gen/third_party/libc++/src/include/__pstl/backends/serial.h
[657/4486] COPY ../../third_party/libc++/src/include/__pstl/backends/std_thread.h gen/third_party/libc++/src/include/__pstl/backends/std_thread.h
[658/4486] COPY ../../third_party/libc++/src/include/__pstl/cpu_algos/any_of.h gen/third_party/libc++/src/include/__pstl/cpu_algos/any_of.h
[659/4486] COPY ../../third_party/libc++/src/include/__pstl/cpu_algos/cpu_traits.h gen/third_party/libc++/src/include/__pstl/cpu_algos/cpu_traits.h
[660/4486] COPY ../../third_party/libc++/src/include/__pstl/cpu_algos/fill.h gen/third_party/libc++/src/include/__pstl/cpu_algos/fill.h
[661/4486] COPY ../../third_party/libc++/src/include/__pstl/cpu_algos/find_if.h gen/third_party/libc++/src/include/__pstl/cpu_algos/find_if.h
[662/4486] COPY ../../third_party/libc++/src/include/__pstl/cpu_algos/for_each.h gen/third_party/libc++/src/include/__pstl/cpu_algos/for_each.h
[663/4486] COPY ../../third_party/libc++/src/include/__pstl/cpu_algos/merge.h gen/third_party/libc++/src/include/__pstl/cpu_algos/merge.h
[664/4486] COPY ../../third_party/libc++/src/include/__pstl/cpu_algos/stable_sort.h gen/third_party/libc++/src/include/__pstl/cpu_algos/stable_sort.h
[665/4486] COPY ../../third_party/libc++/src/include/__pstl/cpu_algos/transform.h gen/third_party/libc++/src/include/__pstl/cpu_algos/transform.h
[666/4486] COPY ../../third_party/libc++/src/include/__pstl/cpu_algos/transform_reduce.h gen/third_party/libc++/src/include/__pstl/cpu_algos/transform_reduce.h
[667/4486] COPY ../../third_party/libc++/src/include/__pstl/dispatch.h gen/third_party/libc++/src/include/__pstl/dispatch.h
[668/4486] COPY ../../third_party/libc++/src/include/__pstl/handle_exception.h gen/third_party/libc++/src/include/__pstl/handle_exception.h
[669/4486] COPY ../../third_party/libc++/src/include/__random/bernoulli_distribution.h gen/third_party/libc++/src/include/__random/bernoulli_distribution.h
[670/4486] COPY ../../third_party/libc++/src/include/__random/binomial_distribution.h gen/third_party/libc++/src/include/__random/binomial_distribution.h
[671/4486] COPY ../../third_party/libc++/src/include/__random/cauchy_distribution.h gen/third_party/libc++/src/include/__random/cauchy_distribution.h
[672/4486] COPY ../../third_party/libc++/src/include/__random/chi_squared_distribution.h gen/third_party/libc++/src/include/__random/chi_squared_distribution.h
[673/4486] COPY ../../third_party/libc++/src/include/__random/clamp_to_integral.h gen/third_party/libc++/src/include/__random/clamp_to_integral.h
[674/4486] COPY ../../third_party/libc++/src/include/__random/default_random_engine.h gen/third_party/libc++/src/include/__random/default_random_engine.h
[675/4486] COPY ../../third_party/libc++/src/include/__random/discard_block_engine.h gen/third_party/libc++/src/include/__random/discard_block_engine.h
[676/4486] COPY ../../third_party/libc++/src/include/__random/discrete_distribution.h gen/third_party/libc++/src/include/__random/discrete_distribution.h
[677/4486] COPY ../../third_party/libc++/src/include/__random/exponential_distribution.h gen/third_party/libc++/src/include/__random/exponential_distribution.h
[678/4486] COPY ../../third_party/libc++/src/include/__random/extreme_value_distribution.h gen/third_party/libc++/src/include/__random/extreme_value_distribution.h
[679/4486] COPY ../../third_party/libc++/src/include/__random/fisher_f_distribution.h gen/third_party/libc++/src/include/__random/fisher_f_distribution.h
[680/4486] COPY ../../third_party/libc++/src/include/__random/gamma_distribution.h gen/third_party/libc++/src/include/__random/gamma_distribution.h
[681/4486] COPY ../../third_party/libc++/src/include/__random/generate_canonical.h gen/third_party/libc++/src/include/__random/generate_canonical.h
[682/4486] COPY ../../third_party/libc++/src/include/__random/geometric_distribution.h gen/third_party/libc++/src/include/__random/geometric_distribution.h
[683/4486] COPY ../../third_party/libc++/src/include/__random/independent_bits_engine.h gen/third_party/libc++/src/include/__random/independent_bits_engine.h
[684/4486] COPY ../../third_party/libc++/src/include/__random/is_seed_sequence.h gen/third_party/libc++/src/include/__random/is_seed_sequence.h
[685/4486] COPY ../../third_party/libc++/src/include/__random/is_valid.h gen/third_party/libc++/src/include/__random/is_valid.h
[686/4486] COPY ../../third_party/libc++/src/include/__random/knuth_b.h gen/third_party/libc++/src/include/__random/knuth_b.h
[687/4486] COPY ../../third_party/libc++/src/include/__random/linear_congruential_engine.h gen/third_party/libc++/src/include/__random/linear_congruential_engine.h
[688/4486] COPY ../../third_party/libc++/src/include/__random/log2.h gen/third_party/libc++/src/include/__random/log2.h
[689/4486] COPY ../../third_party/libc++/src/include/__random/lognormal_distribution.h gen/third_party/libc++/src/include/__random/lognormal_distribution.h
[690/4486] COPY ../../third_party/libc++/src/include/__random/mersenne_twister_engine.h gen/third_party/libc++/src/include/__random/mersenne_twister_engine.h
[691/4486] COPY ../../third_party/libc++/src/include/__random/negative_binomial_distribution.h gen/third_party/libc++/src/include/__random/negative_binomial_distribution.h
[692/4486] COPY ../../third_party/libc++/src/include/__random/normal_distribution.h gen/third_party/libc++/src/include/__random/normal_distribution.h
[693/4486] COPY ../../third_party/libc++/src/include/__random/piecewise_constant_distribution.h gen/third_party/libc++/src/include/__random/piecewise_constant_distribution.h
[694/4486] COPY ../../third_party/libc++/src/include/__random/piecewise_linear_distribution.h gen/third_party/libc++/src/include/__random/piecewise_linear_distribution.h
[695/4486] COPY ../../third_party/libc++/src/include/__random/poisson_distribution.h gen/third_party/libc++/src/include/__random/poisson_distribution.h
[696/4486] COPY ../../third_party/libc++/src/include/__random/random_device.h gen/third_party/libc++/src/include/__random/random_device.h
[697/4486] COPY ../../third_party/libc++/src/include/__random/ranlux.h gen/third_party/libc++/src/include/__random/ranlux.h
[698/4486] COPY ../../third_party/libc++/src/include/__random/seed_seq.h gen/third_party/libc++/src/include/__random/seed_seq.h
[699/4486] COPY ../../third_party/libc++/src/include/__random/shuffle_order_engine.h gen/third_party/libc++/src/include/__random/shuffle_order_engine.h
[700/4486] COPY ../../third_party/libc++/src/include/__random/student_t_distribution.h gen/third_party/libc++/src/include/__random/student_t_distribution.h
[701/4486] COPY ../../third_party/libc++/src/include/__random/subtract_with_carry_engine.h gen/third_party/libc++/src/include/__random/subtract_with_carry_engine.h
[702/4486] COPY ../../third_party/libc++/src/include/__random/uniform_int_distribution.h gen/third_party/libc++/src/include/__random/uniform_int_distribution.h
[703/4486] COPY ../../third_party/libc++/src/include/__random/uniform_random_bit_generator.h gen/third_party/libc++/src/include/__random/uniform_random_bit_generator.h
[704/4486] COPY ../../third_party/libc++/src/include/__random/uniform_real_distribution.h gen/third_party/libc++/src/include/__random/uniform_real_distribution.h
[705/4486] COPY ../../third_party/libc++/src/include/__random/weibull_distribution.h gen/third_party/libc++/src/include/__random/weibull_distribution.h
[706/4486] COPY ../../third_party/libc++/src/include/__ranges/access.h gen/third_party/libc++/src/include/__ranges/access.h
[707/4486] COPY ../../third_party/libc++/src/include/__ranges/adjacent_transform_view.h gen/third_party/libc++/src/include/__ranges/adjacent_transform_view.h
[708/4486] COPY ../../third_party/libc++/src/include/__ranges/adjacent_view.h gen/third_party/libc++/src/include/__ranges/adjacent_view.h
[709/4486] COPY ../../third_party/libc++/src/include/__ranges/all.h gen/third_party/libc++/src/include/__ranges/all.h
[710/4486] COPY ../../third_party/libc++/src/include/__ranges/as_rvalue_view.h gen/third_party/libc++/src/include/__ranges/as_rvalue_view.h
[711/4486] COPY ../../third_party/libc++/src/include/__ranges/chunk_by_view.h gen/third_party/libc++/src/include/__ranges/chunk_by_view.h
[712/4486] COPY ../../third_party/libc++/src/include/__ranges/common_view.h gen/third_party/libc++/src/include/__ranges/common_view.h
[713/4486] COPY ../../third_party/libc++/src/include/__ranges/concepts.h gen/third_party/libc++/src/include/__ranges/concepts.h
[714/4486] COPY ../../third_party/libc++/src/include/__ranges/container_compatible_range.h gen/third_party/libc++/src/include/__ranges/container_compatible_range.h
[715/4486] COPY ../../third_party/libc++/src/include/__ranges/counted.h gen/third_party/libc++/src/include/__ranges/counted.h
[716/4486] COPY ../../third_party/libc++/src/include/__ranges/dangling.h gen/third_party/libc++/src/include/__ranges/dangling.h
[717/4486] COPY ../../third_party/libc++/src/include/__ranges/data.h gen/third_party/libc++/src/include/__ranges/data.h
[718/4486] COPY ../../third_party/libc++/src/include/__ranges/drop_view.h gen/third_party/libc++/src/include/__ranges/drop_view.h
[719/4486] COPY ../../third_party/libc++/src/include/__ranges/drop_while_view.h gen/third_party/libc++/src/include/__ranges/drop_while_view.h
[720/4486] COPY ../../third_party/libc++/src/include/__ranges/elements_of.h gen/third_party/libc++/src/include/__ranges/elements_of.h
[721/4486] COPY ../../third_party/libc++/src/include/__ranges/elements_view.h gen/third_party/libc++/src/include/__ranges/elements_view.h
[722/4486] COPY ../../third_party/libc++/src/include/__ranges/empty.h gen/third_party/libc++/src/include/__ranges/empty.h
[723/4486] COPY ../../third_party/libc++/src/include/__ranges/empty_view.h gen/third_party/libc++/src/include/__ranges/empty_view.h
[724/4486] COPY ../../third_party/libc++/src/include/__ranges/enable_borrowed_range.h gen/third_party/libc++/src/include/__ranges/enable_borrowed_range.h
[725/4486] COPY ../../third_party/libc++/src/include/__ranges/enable_view.h gen/third_party/libc++/src/include/__ranges/enable_view.h
[726/4486] COPY ../../third_party/libc++/src/include/__ranges/filter_view.h gen/third_party/libc++/src/include/__ranges/filter_view.h
[727/4486] COPY ../../third_party/libc++/src/include/__ranges/from_range.h gen/third_party/libc++/src/include/__ranges/from_range.h
[728/4486] COPY ../../third_party/libc++/src/include/__ranges/iota_view.h gen/third_party/libc++/src/include/__ranges/iota_view.h
[729/4486] COPY ../../third_party/libc++/src/include/__ranges/istream_view.h gen/third_party/libc++/src/include/__ranges/istream_view.h
[730/4486] COPY ../../third_party/libc++/src/include/__ranges/join_view.h gen/third_party/libc++/src/include/__ranges/join_view.h
[731/4486] COPY ../../third_party/libc++/src/include/__ranges/join_with_view.h gen/third_party/libc++/src/include/__ranges/join_with_view.h
[732/4486] COPY ../../third_party/libc++/src/include/__ranges/lazy_split_view.h gen/third_party/libc++/src/include/__ranges/lazy_split_view.h
[733/4486] COPY ../../third_party/libc++/src/include/__ranges/movable_box.h gen/third_party/libc++/src/include/__ranges/movable_box.h
[734/4486] COPY ../../third_party/libc++/src/include/__ranges/non_propagating_cache.h gen/third_party/libc++/src/include/__ranges/non_propagating_cache.h
[735/4486] COPY ../../third_party/libc++/src/include/__ranges/owning_view.h gen/third_party/libc++/src/include/__ranges/owning_view.h
[736/4486] COPY ../../third_party/libc++/src/include/__ranges/range_adaptor.h gen/third_party/libc++/src/include/__ranges/range_adaptor.h
[737/4486] COPY ../../third_party/libc++/src/include/__ranges/rbegin.h gen/third_party/libc++/src/include/__ranges/rbegin.h
[738/4486] COPY ../../third_party/libc++/src/include/__ranges/ref_view.h gen/third_party/libc++/src/include/__ranges/ref_view.h
[739/4486] COPY ../../third_party/libc++/src/include/__ranges/rend.h gen/third_party/libc++/src/include/__ranges/rend.h
[740/4486] COPY ../../third_party/libc++/src/include/__ranges/repeat_view.h gen/third_party/libc++/src/include/__ranges/repeat_view.h
[741/4486] COPY ../../third_party/libc++/src/include/__ranges/reverse_view.h gen/third_party/libc++/src/include/__ranges/reverse_view.h
[742/4486] COPY ../../third_party/libc++/src/include/__ranges/single_view.h gen/third_party/libc++/src/include/__ranges/single_view.h
[743/4486] COPY ../../third_party/libc++/src/include/__ranges/size.h gen/third_party/libc++/src/include/__ranges/size.h
[744/4486] COPY ../../third_party/libc++/src/include/__ranges/split_view.h gen/third_party/libc++/src/include/__ranges/split_view.h
[745/4486] COPY ../../third_party/libc++/src/include/__ranges/subrange.h gen/third_party/libc++/src/include/__ranges/subrange.h
[746/4486] COPY ../../third_party/libc++/src/include/__ranges/take_view.h gen/third_party/libc++/src/include/__ranges/take_view.h
[747/4486] COPY ../../third_party/libc++/src/include/__ranges/take_while_view.h gen/third_party/libc++/src/include/__ranges/take_while_view.h
[748/4486] COPY ../../third_party/libc++/src/include/__ranges/to.h gen/third_party/libc++/src/include/__ranges/to.h
[749/4486] COPY ../../third_party/libc++/src/include/__ranges/transform_view.h gen/third_party/libc++/src/include/__ranges/transform_view.h
[750/4486] COPY ../../third_party/libc++/src/include/__ranges/view_interface.h gen/third_party/libc++/src/include/__ranges/view_interface.h
[751/4486] COPY ../../third_party/libc++/src/include/__ranges/views.h gen/third_party/libc++/src/include/__ranges/views.h
[752/4486] COPY ../../third_party/libc++/src/include/__ranges/zip_transform_view.h gen/third_party/libc++/src/include/__ranges/zip_transform_view.h
[753/4486] COPY ../../third_party/libc++/src/include/__ranges/zip_view.h gen/third_party/libc++/src/include/__ranges/zip_view.h
[754/4486] COPY ../../third_party/libc++/src/include/__split_buffer gen/third_party/libc++/src/include/__split_buffer
[755/4486] COPY ../../third_party/libc++/src/include/__std_mbstate_t.h gen/third_party/libc++/src/include/__std_mbstate_t.h
[756/4486] COPY ../../third_party/libc++/src/include/__stop_token/atomic_unique_lock.h gen/third_party/libc++/src/include/__stop_token/atomic_unique_lock.h
[757/4486] COPY ../../third_party/libc++/src/include/__stop_token/intrusive_list_view.h gen/third_party/libc++/src/include/__stop_token/intrusive_list_view.h
[758/4486] COPY ../../third_party/libc++/src/include/__stop_token/intrusive_shared_ptr.h gen/third_party/libc++/src/include/__stop_token/intrusive_shared_ptr.h
[759/4486] COPY ../../third_party/libc++/src/include/__stop_token/stop_callback.h gen/third_party/libc++/src/include/__stop_token/stop_callback.h
[760/4486] COPY ../../third_party/libc++/src/include/__stop_token/stop_source.h gen/third_party/libc++/src/include/__stop_token/stop_source.h
[761/4486] COPY ../../third_party/libc++/src/include/__stop_token/stop_state.h gen/third_party/libc++/src/include/__stop_token/stop_state.h
[762/4486] COPY ../../third_party/libc++/src/include/__stop_token/stop_token.h gen/third_party/libc++/src/include/__stop_token/stop_token.h
[763/4486] COPY ../../third_party/libc++/src/include/__string/char_traits.h gen/third_party/libc++/src/include/__string/char_traits.h
[764/4486] COPY ../../third_party/libc++/src/include/__string/constexpr_c_functions.h gen/third_party/libc++/src/include/__string/constexpr_c_functions.h
[765/4486] COPY ../../third_party/libc++/src/include/__string/extern_template_lists.h gen/third_party/libc++/src/include/__string/extern_template_lists.h
[766/4486] COPY ../../third_party/libc++/src/include/__support/ibm/gettod_zos.h gen/third_party/libc++/src/include/__support/ibm/gettod_zos.h
[767/4486] COPY ../../third_party/libc++/src/include/__support/ibm/locale_mgmt_zos.h gen/third_party/libc++/src/include/__support/ibm/locale_mgmt_zos.h
[768/4486] COPY ../../third_party/libc++/src/include/__support/ibm/nanosleep.h gen/third_party/libc++/src/include/__support/ibm/nanosleep.h
[769/4486] COPY ../../third_party/libc++/src/include/__support/xlocale/__nop_locale_mgmt.h gen/third_party/libc++/src/include/__support/xlocale/__nop_locale_mgmt.h
[770/4486] COPY ../../third_party/libc++/src/include/__support/xlocale/__posix_l_fallback.h gen/third_party/libc++/src/include/__support/xlocale/__posix_l_fallback.h
[771/4486] COPY ../../third_party/libc++/src/include/__support/xlocale/__strtonum_fallback.h gen/third_party/libc++/src/include/__support/xlocale/__strtonum_fallback.h
[772/4486] COPY ../../third_party/libc++/src/include/__system_error/errc.h gen/third_party/libc++/src/include/__system_error/errc.h
[773/4486] COPY ../../third_party/libc++/src/include/__system_error/error_category.h gen/third_party/libc++/src/include/__system_error/error_category.h
[774/4486] COPY ../../third_party/libc++/src/include/__system_error/error_code.h gen/third_party/libc++/src/include/__system_error/error_code.h
[775/4486] COPY ../../third_party/libc++/src/include/__system_error/error_condition.h gen/third_party/libc++/src/include/__system_error/error_condition.h
[776/4486] COPY ../../third_party/libc++/src/include/__system_error/system_error.h gen/third_party/libc++/src/include/__system_error/system_error.h
[777/4486] COPY ../../third_party/libc++/src/include/__system_error/throw_system_error.h gen/third_party/libc++/src/include/__system_error/throw_system_error.h
[778/4486] COPY ../../third_party/libc++/src/include/__thread/formatter.h gen/third_party/libc++/src/include/__thread/formatter.h
[779/4486] COPY ../../third_party/libc++/src/include/__thread/id.h gen/third_party/libc++/src/include/__thread/id.h
[780/4486] COPY ../../third_party/libc++/src/include/__thread/jthread.h gen/third_party/libc++/src/include/__thread/jthread.h
[781/4486] COPY ../../third_party/libc++/src/include/__thread/poll_with_backoff.h gen/third_party/libc++/src/include/__thread/poll_with_backoff.h
[782/4486] COPY ../../third_party/libc++/src/include/__thread/support.h gen/third_party/libc++/src/include/__thread/support.h
[783/4486] COPY ../../third_party/libc++/src/include/__thread/support/c11.h gen/third_party/libc++/src/include/__thread/support/c11.h
[784/4486] COPY ../../third_party/libc++/src/include/__thread/support/external.h gen/third_party/libc++/src/include/__thread/support/external.h
[785/4486] COPY ../../third_party/libc++/src/include/__thread/support/pthread.h gen/third_party/libc++/src/include/__thread/support/pthread.h
[786/4486] COPY ../../third_party/libc++/src/include/__thread/support/windows.h gen/third_party/libc++/src/include/__thread/support/windows.h
[787/4486] COPY ../../third_party/libc++/src/include/__thread/this_thread.h gen/third_party/libc++/src/include/__thread/this_thread.h
[788/4486] COPY ../../third_party/libc++/src/include/__thread/thread.h gen/third_party/libc++/src/include/__thread/thread.h
[789/4486] COPY ../../third_party/libc++/src/include/__thread/timed_backoff_policy.h gen/third_party/libc++/src/include/__thread/timed_backoff_policy.h
[790/4486] COPY ../../third_party/libc++/src/include/__tree gen/third_party/libc++/src/include/__tree
[791/4486] COPY ../../third_party/libc++/src/include/__tuple/find_index.h gen/third_party/libc++/src/include/__tuple/find_index.h
[792/4486] COPY ../../third_party/libc++/src/include/__tuple/ignore.h gen/third_party/libc++/src/include/__tuple/ignore.h
[793/4486] COPY ../../third_party/libc++/src/include/__tuple/sfinae_helpers.h gen/third_party/libc++/src/include/__tuple/sfinae_helpers.h
[794/4486] COPY ../../third_party/libc++/src/include/__tuple/tuple_element.h gen/third_party/libc++/src/include/__tuple/tuple_element.h
[795/4486] COPY ../../third_party/libc++/src/include/__tuple/tuple_like.h gen/third_party/libc++/src/include/__tuple/tuple_like.h
[796/4486] COPY ../../third_party/libc++/src/include/__tuple/tuple_like_no_subrange.h gen/third_party/libc++/src/include/__tuple/tuple_like_no_subrange.h
[797/4486] COPY ../../third_party/libc++/src/include/__tuple/tuple_size.h gen/third_party/libc++/src/include/__tuple/tuple_size.h
[798/4486] COPY ../../third_party/libc++/src/include/__tuple/tuple_transform.h gen/third_party/libc++/src/include/__tuple/tuple_transform.h
[799/4486] COPY ../../third_party/libc++/src/include/__type_traits/add_cv_quals.h gen/third_party/libc++/src/include/__type_traits/add_cv_quals.h
[800/4486] COPY ../../third_party/libc++/src/include/__type_traits/add_pointer.h gen/third_party/libc++/src/include/__type_traits/add_pointer.h
[801/4486] COPY ../../third_party/libc++/src/include/__type_traits/add_reference.h gen/third_party/libc++/src/include/__type_traits/add_reference.h
[802/4486] COPY ../../third_party/libc++/src/include/__type_traits/aligned_storage.h gen/third_party/libc++/src/include/__type_traits/aligned_storage.h
[803/4486] COPY ../../third_party/libc++/src/include/__type_traits/aligned_union.h gen/third_party/libc++/src/include/__type_traits/aligned_union.h
[804/4486] COPY ../../third_party/libc++/src/include/__type_traits/alignment_of.h gen/third_party/libc++/src/include/__type_traits/alignment_of.h
[805/4486] COPY ../../third_party/libc++/src/include/__type_traits/common_reference.h gen/third_party/libc++/src/include/__type_traits/common_reference.h
[806/4486] COPY ../../third_party/libc++/src/include/__type_traits/common_type.h gen/third_party/libc++/src/include/__type_traits/common_type.h
[807/4486] COPY ../../third_party/libc++/src/include/__type_traits/conditional.h gen/third_party/libc++/src/include/__type_traits/conditional.h
[808/4486] COPY ../../third_party/libc++/src/include/__type_traits/conjunction.h gen/third_party/libc++/src/include/__type_traits/conjunction.h
[809/4486] COPY ../../third_party/libc++/src/include/__type_traits/container_traits.h gen/third_party/libc++/src/include/__type_traits/container_traits.h
[810/4486] COPY ../../third_party/libc++/src/include/__type_traits/copy_cv.h gen/third_party/libc++/src/include/__type_traits/copy_cv.h
[811/4486] COPY ../../third_party/libc++/src/include/__type_traits/copy_cvref.h gen/third_party/libc++/src/include/__type_traits/copy_cvref.h
[812/4486] COPY ../../third_party/libc++/src/include/__type_traits/datasizeof.h gen/third_party/libc++/src/include/__type_traits/datasizeof.h
[813/4486] COPY ../../third_party/libc++/src/include/__type_traits/decay.h gen/third_party/libc++/src/include/__type_traits/decay.h
[814/4486] COPY ../../third_party/libc++/src/include/__type_traits/dependent_type.h gen/third_party/libc++/src/include/__type_traits/dependent_type.h
[815/4486] COPY ../../third_party/libc++/src/include/__type_traits/desugars_to.h gen/third_party/libc++/src/include/__type_traits/desugars_to.h
[816/4486] COPY ../../third_party/libc++/src/include/__type_traits/detected_or.h gen/third_party/libc++/src/include/__type_traits/detected_or.h
[817/4486] COPY ../../third_party/libc++/src/include/__type_traits/disjunction.h gen/third_party/libc++/src/include/__type_traits/disjunction.h
[818/4486] COPY ../../third_party/libc++/src/include/__type_traits/enable_if.h gen/third_party/libc++/src/include/__type_traits/enable_if.h
[819/4486] COPY ../../third_party/libc++/src/include/__type_traits/extent.h gen/third_party/libc++/src/include/__type_traits/extent.h
[820/4486] COPY ../../third_party/libc++/src/include/__type_traits/has_unique_object_representation.h gen/third_party/libc++/src/include/__type_traits/has_unique_object_representation.h
[821/4486] COPY ../../third_party/libc++/src/include/__type_traits/has_virtual_destructor.h gen/third_party/libc++/src/include/__type_traits/has_virtual_destructor.h
[822/4486] COPY ../../third_party/libc++/src/include/__type_traits/integer_traits.h gen/third_party/libc++/src/include/__type_traits/integer_traits.h
[823/4486] COPY ../../third_party/libc++/src/include/__type_traits/integral_constant.h gen/third_party/libc++/src/include/__type_traits/integral_constant.h
[824/4486] COPY ../../third_party/libc++/src/include/__type_traits/invoke.h gen/third_party/libc++/src/include/__type_traits/invoke.h
[825/4486] COPY ../../third_party/libc++/src/include/__type_traits/is_abstract.h gen/third_party/libc++/src/include/__type_traits/is_abstract.h
[826/4486] COPY ../../third_party/libc++/src/include/__type_traits/is_aggregate.h gen/third_party/libc++/src/include/__type_traits/is_aggregate.h
[827/4486] COPY ../../third_party/libc++/src/include/__type_traits/is_allocator.h gen/third_party/libc++/src/include/__type_traits/is_allocator.h
[828/4486] COPY ../../third_party/libc++/src/include/__type_traits/is_always_bitcastable.h gen/third_party/libc++/src/include/__type_traits/is_always_bitcastable.h
[829/4486] COPY ../../third_party/libc++/src/include/__type_traits/is_arithmetic.h gen/third_party/libc++/src/include/__type_traits/is_arithmetic.h
[830/4486] COPY ../../third_party/libc++/src/include/__type_traits/is_array.h gen/third_party/libc++/src/include/__type_traits/is_array.h
[831/4486] COPY ../../third_party/libc++/src/include/__type_traits/is_assignable.h gen/third_party/libc++/src/include/__type_traits/is_assignable.h
[832/4486] COPY ../../third_party/libc++/src/include/__type_traits/is_base_of.h gen/third_party/libc++/src/include/__type_traits/is_base_of.h
[833/4486] COPY ../../third_party/libc++/src/include/__type_traits/is_callable.h gen/third_party/libc++/src/include/__type_traits/is_callable.h
[834/4486] COPY ../../third_party/libc++/src/include/__type_traits/is_char_like_type.h gen/third_party/libc++/src/include/__type_traits/is_char_like_type.h
[835/4486] COPY ../../third_party/libc++/src/include/__type_traits/is_class.h gen/third_party/libc++/src/include/__type_traits/is_class.h
[836/4486] COPY ../../third_party/libc++/src/include/__type_traits/is_compound.h gen/third_party/libc++/src/include/__type_traits/is_compound.h
[837/4486] COPY ../../third_party/libc++/src/include/__type_traits/is_const.h gen/third_party/libc++/src/include/__type_traits/is_const.h
[838/4486] COPY ../../third_party/libc++/src/include/__type_traits/is_constant_evaluated.h gen/third_party/libc++/src/include/__type_traits/is_constant_evaluated.h
[839/4486] COPY ../../third_party/libc++/src/include/__type_traits/is_constructible.h gen/third_party/libc++/src/include/__type_traits/is_constructible.h
[840/4486] COPY ../../third_party/libc++/src/include/__type_traits/is_convertible.h gen/third_party/libc++/src/include/__type_traits/is_convertible.h
[841/4486] COPY ../../third_party/libc++/src/include/__type_traits/is_core_convertible.h gen/third_party/libc++/src/include/__type_traits/is_core_convertible.h
[842/4486] COPY ../../third_party/libc++/src/include/__type_traits/is_destructible.h gen/third_party/libc++/src/include/__type_traits/is_destructible.h
[843/4486] COPY ../../third_party/libc++/src/include/__type_traits/is_empty.h gen/third_party/libc++/src/include/__type_traits/is_empty.h
[844/4486] COPY ../../third_party/libc++/src/include/__type_traits/is_enum.h gen/third_party/libc++/src/include/__type_traits/is_enum.h
[845/4486] COPY ../../third_party/libc++/src/include/__type_traits/is_equality_comparable.h gen/third_party/libc++/src/include/__type_traits/is_equality_comparable.h
[846/4486] COPY ../../third_party/libc++/src/include/__type_traits/is_execution_policy.h gen/third_party/libc++/src/include/__type_traits/is_execution_policy.h
[847/4486] COPY ../../third_party/libc++/src/include/__type_traits/is_final.h gen/third_party/libc++/src/include/__type_traits/is_final.h
[848/4486] COPY ../../third_party/libc++/src/include/__type_traits/is_floating_point.h gen/third_party/libc++/src/include/__type_traits/is_floating_point.h
[849/4486] COPY ../../third_party/libc++/src/include/__type_traits/is_function.h gen/third_party/libc++/src/include/__type_traits/is_function.h
[850/4486] COPY ../../third_party/libc++/src/include/__type_traits/is_fundamental.h gen/third_party/libc++/src/include/__type_traits/is_fundamental.h
[851/4486] COPY ../../third_party/libc++/src/include/__type_traits/is_generic_transparent_comparator.h gen/third_party/libc++/src/include/__type_traits/is_generic_transparent_comparator.h
[852/4486] COPY ../../third_party/libc++/src/include/__type_traits/is_implicit_lifetime.h gen/third_party/libc++/src/include/__type_traits/is_implicit_lifetime.h
[853/4486] COPY ../../third_party/libc++/src/include/__type_traits/is_implicitly_default_constructible.h gen/third_party/libc++/src/include/__type_traits/is_implicitly_default_constructible.h
[854/4486] COPY ../../third_party/libc++/src/include/__type_traits/is_integral.h gen/third_party/libc++/src/include/__type_traits/is_integral.h
[855/4486] COPY ../../third_party/libc++/src/include/__type_traits/is_literal_type.h gen/third_party/libc++/src/include/__type_traits/is_literal_type.h
[856/4486] COPY ../../third_party/libc++/src/include/__type_traits/is_member_pointer.h gen/third_party/libc++/src/include/__type_traits/is_member_pointer.h
[857/4486] COPY ../../third_party/libc++/src/include/__type_traits/is_nothrow_assignable.h gen/third_party/libc++/src/include/__type_traits/is_nothrow_assignable.h
[858/4486] COPY ../../third_party/libc++/src/include/__type_traits/is_nothrow_constructible.h gen/third_party/libc++/src/include/__type_traits/is_nothrow_constructible.h
[859/4486] COPY ../../third_party/libc++/src/include/__type_traits/is_nothrow_destructible.h gen/third_party/libc++/src/include/__type_traits/is_nothrow_destructible.h
[860/4486] COPY ../../third_party/libc++/src/include/__type_traits/is_null_pointer.h gen/third_party/libc++/src/include/__type_traits/is_null_pointer.h
[861/4486] COPY ../../third_party/libc++/src/include/__type_traits/is_object.h gen/third_party/libc++/src/include/__type_traits/is_object.h
[862/4486] COPY ../../third_party/libc++/src/include/__type_traits/is_pod.h gen/third_party/libc++/src/include/__type_traits/is_pod.h
[863/4486] COPY ../../third_party/libc++/src/include/__type_traits/is_pointer.h gen/third_party/libc++/src/include/__type_traits/is_pointer.h
[864/4486] COPY ../../third_party/libc++/src/include/__type_traits/is_polymorphic.h gen/third_party/libc++/src/include/__type_traits/is_polymorphic.h
[865/4486] COPY ../../third_party/libc++/src/include/__type_traits/is_primary_template.h gen/third_party/libc++/src/include/__type_traits/is_primary_template.h
[866/4486] COPY ../../third_party/libc++/src/include/__type_traits/is_reference.h gen/third_party/libc++/src/include/__type_traits/is_reference.h
[867/4486] COPY ../../third_party/libc++/src/include/__type_traits/is_reference_wrapper.h gen/third_party/libc++/src/include/__type_traits/is_reference_wrapper.h
[868/4486] COPY ../../third_party/libc++/src/include/__type_traits/is_referenceable.h gen/third_party/libc++/src/include/__type_traits/is_referenceable.h
[869/4486] COPY ../../third_party/libc++/src/include/__type_traits/is_same.h gen/third_party/libc++/src/include/__type_traits/is_same.h
[870/4486] COPY ../../third_party/libc++/src/include/__type_traits/is_scalar.h gen/third_party/libc++/src/include/__type_traits/is_scalar.h
[871/4486] COPY ../../third_party/libc++/src/include/__type_traits/is_signed.h gen/third_party/libc++/src/include/__type_traits/is_signed.h
[872/4486] COPY ../../third_party/libc++/src/include/__type_traits/is_specialization.h gen/third_party/libc++/src/include/__type_traits/is_specialization.h
[873/4486] COPY ../../third_party/libc++/src/include/__type_traits/is_standard_layout.h gen/third_party/libc++/src/include/__type_traits/is_standard_layout.h
[874/4486] COPY ../../third_party/libc++/src/include/__type_traits/is_swappable.h gen/third_party/libc++/src/include/__type_traits/is_swappable.h
[875/4486] COPY ../../third_party/libc++/src/include/__type_traits/is_trivial.h gen/third_party/libc++/src/include/__type_traits/is_trivial.h
[876/4486] COPY ../../third_party/libc++/src/include/__type_traits/is_trivially_assignable.h gen/third_party/libc++/src/include/__type_traits/is_trivially_assignable.h
[877/4486] COPY ../../third_party/libc++/src/include/__type_traits/is_trivially_constructible.h gen/third_party/libc++/src/include/__type_traits/is_trivially_constructible.h
[878/4486] COPY ../../third_party/libc++/src/include/__type_traits/is_trivially_copyable.h gen/third_party/libc++/src/include/__type_traits/is_trivially_copyable.h
[879/4486] COPY ../../third_party/libc++/src/include/__type_traits/is_trivially_destructible.h gen/third_party/libc++/src/include/__type_traits/is_trivially_destructible.h
[880/4486] COPY ../../third_party/libc++/src/include/__type_traits/is_trivially_lexicographically_comparable.h gen/third_party/libc++/src/include/__type_traits/is_trivially_lexicographically_comparable.h
[881/4486] COPY ../../third_party/libc++/src/include/__type_traits/is_trivially_relocatable.h gen/third_party/libc++/src/include/__type_traits/is_trivially_relocatable.h
[882/4486] COPY ../../third_party/libc++/src/include/__type_traits/is_union.h gen/third_party/libc++/src/include/__type_traits/is_union.h
[883/4486] COPY ../../third_party/libc++/src/include/__type_traits/is_unqualified.h gen/third_party/libc++/src/include/__type_traits/is_unqualified.h
[884/4486] COPY ../../third_party/libc++/src/include/__type_traits/is_unsigned.h gen/third_party/libc++/src/include/__type_traits/is_unsigned.h
[885/4486] COPY ../../third_party/libc++/src/include/__type_traits/is_valid_expansion.h gen/third_party/libc++/src/include/__type_traits/is_valid_expansion.h
[886/4486] COPY ../../third_party/libc++/src/include/__type_traits/is_void.h gen/third_party/libc++/src/include/__type_traits/is_void.h
[887/4486] COPY ../../third_party/libc++/src/include/__type_traits/is_volatile.h gen/third_party/libc++/src/include/__type_traits/is_volatile.h
[888/4486] COPY ../../third_party/libc++/src/include/__type_traits/is_within_lifetime.h gen/third_party/libc++/src/include/__type_traits/is_within_lifetime.h
[889/4486] COPY ../../third_party/libc++/src/include/__type_traits/lazy.h gen/third_party/libc++/src/include/__type_traits/lazy.h
[890/4486] COPY ../../third_party/libc++/src/include/__type_traits/make_32_64_or_128_bit.h gen/third_party/libc++/src/include/__type_traits/make_32_64_or_128_bit.h
[891/4486] COPY ../../third_party/libc++/src/include/__type_traits/make_const_lvalue_ref.h gen/third_party/libc++/src/include/__type_traits/make_const_lvalue_ref.h
[892/4486] COPY ../../third_party/libc++/src/include/__type_traits/make_signed.h gen/third_party/libc++/src/include/__type_traits/make_signed.h
[893/4486] COPY ../../third_party/libc++/src/include/__type_traits/make_transparent.h gen/third_party/libc++/src/include/__type_traits/make_transparent.h
[894/4486] COPY ../../third_party/libc++/src/include/__type_traits/make_unsigned.h gen/third_party/libc++/src/include/__type_traits/make_unsigned.h
[895/4486] COPY ../../third_party/libc++/src/include/__type_traits/maybe_const.h gen/third_party/libc++/src/include/__type_traits/maybe_const.h
[896/4486] COPY ../../third_party/libc++/src/include/__type_traits/nat.h gen/third_party/libc++/src/include/__type_traits/nat.h
[897/4486] COPY ../../third_party/libc++/src/include/__type_traits/negation.h gen/third_party/libc++/src/include/__type_traits/negation.h
[898/4486] COPY ../../third_party/libc++/src/include/__type_traits/promote.h gen/third_party/libc++/src/include/__type_traits/promote.h
[899/4486] COPY ../../third_party/libc++/src/include/__type_traits/rank.h gen/third_party/libc++/src/include/__type_traits/rank.h
[900/4486] COPY ../../third_party/libc++/src/include/__type_traits/reference_constructs_from_temporary.h gen/third_party/libc++/src/include/__type_traits/reference_constructs_from_temporary.h
[901/4486] COPY ../../third_party/libc++/src/include/__type_traits/reference_converts_from_temporary.h gen/third_party/libc++/src/include/__type_traits/reference_converts_from_temporary.h
[902/4486] COPY ../../third_party/libc++/src/include/__type_traits/remove_all_extents.h gen/third_party/libc++/src/include/__type_traits/remove_all_extents.h
[903/4486] COPY ../../third_party/libc++/src/include/__type_traits/remove_const.h gen/third_party/libc++/src/include/__type_traits/remove_const.h
[904/4486] COPY ../../third_party/libc++/src/include/__type_traits/remove_const_ref.h gen/third_party/libc++/src/include/__type_traits/remove_const_ref.h
[905/4486] COPY ../../third_party/libc++/src/include/__type_traits/remove_cv.h gen/third_party/libc++/src/include/__type_traits/remove_cv.h
[906/4486] COPY ../../third_party/libc++/src/include/__type_traits/remove_cvref.h gen/third_party/libc++/src/include/__type_traits/remove_cvref.h
[907/4486] COPY ../../third_party/libc++/src/include/__type_traits/remove_extent.h gen/third_party/libc++/src/include/__type_traits/remove_extent.h
[908/4486] COPY ../../third_party/libc++/src/include/__type_traits/remove_pointer.h gen/third_party/libc++/src/include/__type_traits/remove_pointer.h
[909/4486] COPY ../../third_party/libc++/src/include/__type_traits/remove_reference.h gen/third_party/libc++/src/include/__type_traits/remove_reference.h
[910/4486] COPY ../../third_party/libc++/src/include/__type_traits/remove_volatile.h gen/third_party/libc++/src/include/__type_traits/remove_volatile.h
[911/4486] COPY ../../third_party/libc++/src/include/__type_traits/result_of.h gen/third_party/libc++/src/include/__type_traits/result_of.h
[912/4486] COPY ../../third_party/libc++/src/include/__type_traits/strip_signature.h gen/third_party/libc++/src/include/__type_traits/strip_signature.h
[913/4486] COPY ../../third_party/libc++/src/include/__type_traits/type_identity.h gen/third_party/libc++/src/include/__type_traits/type_identity.h
[914/4486] COPY ../../third_party/libc++/src/include/__type_traits/type_list.h gen/third_party/libc++/src/include/__type_traits/type_list.h
[915/4486] COPY ../../third_party/libc++/src/include/__type_traits/underlying_type.h gen/third_party/libc++/src/include/__type_traits/underlying_type.h
[916/4486] COPY ../../third_party/libc++/src/include/__type_traits/unwrap_ref.h gen/third_party/libc++/src/include/__type_traits/unwrap_ref.h
[917/4486] COPY ../../third_party/libc++/src/include/__type_traits/void_t.h gen/third_party/libc++/src/include/__type_traits/void_t.h
[918/4486] COPY ../../third_party/libc++/src/include/__undef_macros gen/third_party/libc++/src/include/__undef_macros
[919/4486] COPY ../../third_party/libc++/src/include/__utility/as_const.h gen/third_party/libc++/src/include/__utility/as_const.h
[920/4486] COPY ../../third_party/libc++/src/include/__utility/as_lvalue.h gen/third_party/libc++/src/include/__utility/as_lvalue.h
[921/4486] COPY ../../third_party/libc++/src/include/__utility/auto_cast.h gen/third_party/libc++/src/include/__utility/auto_cast.h
[922/4486] COPY ../../third_party/libc++/src/include/__utility/cmp.h gen/third_party/libc++/src/include/__utility/cmp.h
[923/4486] COPY ../../third_party/libc++/src/include/__utility/convert_to_integral.h gen/third_party/libc++/src/include/__utility/convert_to_integral.h
[924/4486] COPY ../../third_party/libc++/src/include/__utility/declval.h gen/third_party/libc++/src/include/__utility/declval.h
[925/4486] COPY ../../third_party/libc++/src/include/__utility/default_three_way_comparator.h gen/third_party/libc++/src/include/__utility/default_three_way_comparator.h
[926/4486] COPY ../../third_party/libc++/src/include/__utility/element_count.h gen/third_party/libc++/src/include/__utility/element_count.h
[927/4486] COPY ../../third_party/libc++/src/include/__utility/empty.h gen/third_party/libc++/src/include/__utility/empty.h
[928/4486] COPY ../../third_party/libc++/src/include/__utility/exception_guard.h gen/third_party/libc++/src/include/__utility/exception_guard.h
[929/4486] COPY ../../third_party/libc++/src/include/__utility/exchange.h gen/third_party/libc++/src/include/__utility/exchange.h
[930/4486] COPY ../../third_party/libc++/src/include/__utility/forward.h gen/third_party/libc++/src/include/__utility/forward.h
[931/4486] COPY ../../third_party/libc++/src/include/__utility/forward_like.h gen/third_party/libc++/src/include/__utility/forward_like.h
[932/4486] COPY ../../third_party/libc++/src/include/__utility/in_place.h gen/third_party/libc++/src/include/__utility/in_place.h
[933/4486] COPY ../../third_party/libc++/src/include/__utility/integer_sequence.h gen/third_party/libc++/src/include/__utility/integer_sequence.h
[934/4486] COPY ../../third_party/libc++/src/include/__utility/is_pointer_in_range.h gen/third_party/libc++/src/include/__utility/is_pointer_in_range.h
[935/4486] COPY ../../third_party/libc++/src/include/__utility/is_valid_range.h gen/third_party/libc++/src/include/__utility/is_valid_range.h
[936/4486] COPY ../../third_party/libc++/src/include/__utility/lazy_synth_three_way_comparator.h gen/third_party/libc++/src/include/__utility/lazy_synth_three_way_comparator.h
[937/4486] COPY ../../third_party/libc++/src/include/__utility/move.h gen/third_party/libc++/src/include/__utility/move.h
[938/4486] COPY ../../third_party/libc++/src/include/__utility/no_destroy.h gen/third_party/libc++/src/include/__utility/no_destroy.h
[939/4486] COPY ../../third_party/libc++/src/include/__utility/pair.h gen/third_party/libc++/src/include/__utility/pair.h
[940/4486] COPY ../../third_party/libc++/src/include/__utility/piecewise_construct.h gen/third_party/libc++/src/include/__utility/piecewise_construct.h
[941/4486] COPY ../../third_party/libc++/src/include/__utility/priority_tag.h gen/third_party/libc++/src/include/__utility/priority_tag.h
[942/4486] COPY ../../third_party/libc++/src/include/__utility/private_constructor_tag.h gen/third_party/libc++/src/include/__utility/private_constructor_tag.h
[943/4486] COPY ../../third_party/libc++/src/include/__utility/rel_ops.h gen/third_party/libc++/src/include/__utility/rel_ops.h
[944/4486] COPY ../../third_party/libc++/src/include/__utility/scope_guard.h gen/third_party/libc++/src/include/__utility/scope_guard.h
[945/4486] COPY ../../third_party/libc++/src/include/__utility/small_buffer.h gen/third_party/libc++/src/include/__utility/small_buffer.h
[946/4486] COPY ../../third_party/libc++/src/include/__utility/swap.h gen/third_party/libc++/src/include/__utility/swap.h
[947/4486] COPY ../../third_party/libc++/src/include/__utility/to_underlying.h gen/third_party/libc++/src/include/__utility/to_underlying.h
[948/4486] COPY ../../third_party/libc++/src/include/__utility/try_key_extraction.h gen/third_party/libc++/src/include/__utility/try_key_extraction.h
[949/4486] COPY ../../third_party/libc++/src/include/__utility/unreachable.h gen/third_party/libc++/src/include/__utility/unreachable.h
[950/4486] COPY ../../third_party/libc++/src/include/__variant/monostate.h gen/third_party/libc++/src/include/__variant/monostate.h
[951/4486] COPY ../../third_party/libc++/src/include/__vector/comparison.h gen/third_party/libc++/src/include/__vector/comparison.h
[952/4486] COPY ../../third_party/libc++/src/include/__vector/container_traits.h gen/third_party/libc++/src/include/__vector/container_traits.h
[953/4486] COPY ../../third_party/libc++/src/include/__vector/erase.h gen/third_party/libc++/src/include/__vector/erase.h
[954/4486] COPY ../../third_party/libc++/src/include/__vector/pmr.h gen/third_party/libc++/src/include/__vector/pmr.h
[955/4486] COPY ../../third_party/libc++/src/include/__vector/swap.h gen/third_party/libc++/src/include/__vector/swap.h
[956/4486] COPY ../../third_party/libc++/src/include/__vector/vector.h gen/third_party/libc++/src/include/__vector/vector.h
[957/4486] COPY ../../third_party/libc++/src/include/__vector/vector_bool.h gen/third_party/libc++/src/include/__vector/vector_bool.h
[958/4486] COPY ../../third_party/libc++/src/include/__vector/vector_bool_formatter.h gen/third_party/libc++/src/include/__vector/vector_bool_formatter.h
[959/4486] COPY ../../third_party/libc++/src/include/__verbose_abort gen/third_party/libc++/src/include/__verbose_abort
[960/4486] COPY ../../third_party/libc++/src/include/__verbose_trap gen/third_party/libc++/src/include/__verbose_trap
[961/4486] COPY ../../third_party/libc++/src/include/algorithm gen/third_party/libc++/src/include/algorithm
[962/4486] COPY ../../third_party/libc++/src/include/any gen/third_party/libc++/src/include/any
[963/4486] COPY ../../third_party/libc++/src/include/array gen/third_party/libc++/src/include/array
[964/4486] COPY ../../third_party/libc++/src/include/atomic gen/third_party/libc++/src/include/atomic
[965/4486] COPY ../../third_party/libc++/src/include/barrier gen/third_party/libc++/src/include/barrier
[966/4486] COPY ../../third_party/libc++/src/include/bit gen/third_party/libc++/src/include/bit
[967/4486] COPY ../../third_party/libc++/src/include/bitset gen/third_party/libc++/src/include/bitset
[968/4486] COPY ../../third_party/libc++/src/include/cassert gen/third_party/libc++/src/include/cassert
[969/4486] COPY ../../third_party/libc++/src/include/ccomplex gen/third_party/libc++/src/include/ccomplex
[970/4486] COPY ../../third_party/libc++/src/include/cctype gen/third_party/libc++/src/include/cctype
[971/4486] COPY ../../third_party/libc++/src/include/cerrno gen/third_party/libc++/src/include/cerrno
[972/4486] COPY ../../third_party/libc++/src/include/cfenv gen/third_party/libc++/src/include/cfenv
[973/4486] COPY ../../third_party/libc++/src/include/cfloat gen/third_party/libc++/src/include/cfloat
[974/4486] COPY ../../third_party/libc++/src/include/charconv gen/third_party/libc++/src/include/charconv
[975/4486] COPY ../../third_party/libc++/src/include/chrono gen/third_party/libc++/src/include/chrono
[976/4486] COPY ../../third_party/libc++/src/include/cinttypes gen/third_party/libc++/src/include/cinttypes
[977/4486] COPY ../../third_party/libc++/src/include/ciso646 gen/third_party/libc++/src/include/ciso646
[978/4486] COPY ../../third_party/libc++/src/include/climits gen/third_party/libc++/src/include/climits
[979/4486] COPY ../../third_party/libc++/src/include/clocale gen/third_party/libc++/src/include/clocale
[980/4486] COPY ../../third_party/libc++/src/include/cmath gen/third_party/libc++/src/include/cmath
[981/4486] COPY ../../third_party/libc++/src/include/codecvt gen/third_party/libc++/src/include/codecvt
[982/4486] COPY ../../third_party/libc++/src/include/compare gen/third_party/libc++/src/include/compare
[983/4486] COPY ../../third_party/libc++/src/include/complex gen/third_party/libc++/src/include/complex
[984/4486] COPY ../../third_party/libc++/src/include/complex.h gen/third_party/libc++/src/include/complex.h
[985/4486] COPY ../../third_party/libc++/src/include/concepts gen/third_party/libc++/src/include/concepts
[986/4486] COPY ../../third_party/libc++/src/include/condition_variable gen/third_party/libc++/src/include/condition_variable
[987/4486] COPY ../../third_party/libc++/src/include/coroutine gen/third_party/libc++/src/include/coroutine
[988/4486] COPY ../../third_party/libc++/src/include/csetjmp gen/third_party/libc++/src/include/csetjmp
[989/4486] COPY ../../third_party/libc++/src/include/csignal gen/third_party/libc++/src/include/csignal
[990/4486] COPY ../../third_party/libc++/src/include/cstdalign gen/third_party/libc++/src/include/cstdalign
[991/4486] COPY ../../third_party/libc++/src/include/cstdarg gen/third_party/libc++/src/include/cstdarg
[992/4486] COPY ../../third_party/libc++/src/include/cstdbool gen/third_party/libc++/src/include/cstdbool
[993/4486] COPY ../../third_party/libc++/src/include/cstddef gen/third_party/libc++/src/include/cstddef
[994/4486] COPY ../../third_party/libc++/src/include/cstdint gen/third_party/libc++/src/include/cstdint
[995/4486] COPY ../../third_party/libc++/src/include/cstdio gen/third_party/libc++/src/include/cstdio
[996/4486] COPY ../../third_party/libc++/src/include/cstdlib gen/third_party/libc++/src/include/cstdlib
[997/4486] COPY ../../third_party/libc++/src/include/cstring gen/third_party/libc++/src/include/cstring
[998/4486] COPY ../../third_party/libc++/src/include/ctgmath gen/third_party/libc++/src/include/ctgmath
[999/4486] COPY ../../third_party/libc++/src/include/ctime gen/third_party/libc++/src/include/ctime
[1000/4486] COPY ../../third_party/libc++/src/include/ctype.h gen/third_party/libc++/src/include/ctype.h
[1001/4486] COPY ../../third_party/libc++/src/include/cuchar gen/third_party/libc++/src/include/cuchar
[1002/4486] COPY ../../third_party/libc++/src/include/cwchar gen/third_party/libc++/src/include/cwchar
[1003/4486] COPY ../../third_party/libc++/src/include/cwctype gen/third_party/libc++/src/include/cwctype
[1004/4486] COPY ../../third_party/libc++/src/include/deque gen/third_party/libc++/src/include/deque
[1005/4486] COPY ../../third_party/libc++/src/include/errno.h gen/third_party/libc++/src/include/errno.h
[1006/4486] COPY ../../third_party/libc++/src/include/exception gen/third_party/libc++/src/include/exception
[1007/4486] COPY ../../third_party/libc++/src/include/execution gen/third_party/libc++/src/include/execution
[1008/4486] COPY ../../third_party/libc++/src/include/expected gen/third_party/libc++/src/include/expected
[1009/4486] COPY ../../third_party/libc++/src/include/experimental/__simd/aligned_tag.h gen/third_party/libc++/src/include/experimental/__simd/aligned_tag.h
[1010/4486] COPY ../../third_party/libc++/src/include/experimental/__simd/declaration.h gen/third_party/libc++/src/include/experimental/__simd/declaration.h
[1011/4486] COPY ../../third_party/libc++/src/include/experimental/__simd/reference.h gen/third_party/libc++/src/include/experimental/__simd/reference.h
[1012/4486] COPY ../../third_party/libc++/src/include/experimental/__simd/scalar.h gen/third_party/libc++/src/include/experimental/__simd/scalar.h
[1013/4486] COPY ../../third_party/libc++/src/include/experimental/__simd/simd.h gen/third_party/libc++/src/include/experimental/__simd/simd.h
[1014/4486] COPY ../../third_party/libc++/src/include/experimental/__simd/simd_mask.h gen/third_party/libc++/src/include/experimental/__simd/simd_mask.h
[1015/4486] COPY ../../third_party/libc++/src/include/experimental/__simd/traits.h gen/third_party/libc++/src/include/experimental/__simd/traits.h
[1016/4486] COPY ../../third_party/libc++/src/include/experimental/__simd/utility.h gen/third_party/libc++/src/include/experimental/__simd/utility.h
[1017/4486] COPY ../../third_party/libc++/src/include/experimental/__simd/vec_ext.h gen/third_party/libc++/src/include/experimental/__simd/vec_ext.h
[1018/4486] COPY ../../third_party/libc++/src/include/experimental/iterator gen/third_party/libc++/src/include/experimental/iterator
[1019/4486] COPY ../../third_party/libc++/src/include/experimental/memory gen/third_party/libc++/src/include/experimental/memory
[1020/4486] COPY ../../third_party/libc++/src/include/experimental/propagate_const gen/third_party/libc++/src/include/experimental/propagate_const
[1021/4486] COPY ../../third_party/libc++/src/include/experimental/simd gen/third_party/libc++/src/include/experimental/simd
[1022/4486] COPY ../../third_party/libc++/src/include/experimental/type_traits gen/third_party/libc++/src/include/experimental/type_traits
[1023/4486] COPY ../../third_party/libc++/src/include/experimental/utility gen/third_party/libc++/src/include/experimental/utility
[1024/4486] COPY ../../third_party/libc++/src/include/ext/__hash gen/third_party/libc++/src/include/ext/__hash
[1025/4486] COPY ../../third_party/libc++/src/include/ext/hash_map gen/third_party/libc++/src/include/ext/hash_map
[1026/4486] COPY ../../third_party/libc++/src/include/ext/hash_set gen/third_party/libc++/src/include/ext/hash_set
[1027/4486] COPY ../../third_party/libc++/src/include/fenv.h gen/third_party/libc++/src/include/fenv.h
[1028/4486] COPY ../../third_party/libc++/src/include/filesystem gen/third_party/libc++/src/include/filesystem
[1029/4486] COPY ../../third_party/libc++/src/include/flat_map gen/third_party/libc++/src/include/flat_map
[1030/4486] COPY ../../third_party/libc++/src/include/flat_set gen/third_party/libc++/src/include/flat_set
[1031/4486] COPY ../../third_party/libc++/src/include/float.h gen/third_party/libc++/src/include/float.h
[1032/4486] COPY ../../third_party/libc++/src/include/format gen/third_party/libc++/src/include/format
[1033/4486] COPY ../../third_party/libc++/src/include/forward_list gen/third_party/libc++/src/include/forward_list
[1034/4486] COPY ../../third_party/libc++/src/include/fstream gen/third_party/libc++/src/include/fstream
[1035/4486] COPY ../../third_party/libc++/src/include/functional gen/third_party/libc++/src/include/functional
[1036/4486] COPY ../../third_party/libc++/src/include/future gen/third_party/libc++/src/include/future
[1037/4486] COPY ../../third_party/libc++/src/include/initializer_list gen/third_party/libc++/src/include/initializer_list
[1038/4486] COPY ../../third_party/libc++/src/include/inttypes.h gen/third_party/libc++/src/include/inttypes.h
[1039/4486] COPY ../../third_party/libc++/src/include/iomanip gen/third_party/libc++/src/include/iomanip
[1040/4486] COPY ../../third_party/libc++/src/include/ios gen/third_party/libc++/src/include/ios
[1041/4486] COPY ../../third_party/libc++/src/include/iosfwd gen/third_party/libc++/src/include/iosfwd
[1042/4486] COPY ../../third_party/libc++/src/include/iostream gen/third_party/libc++/src/include/iostream
[1043/4486] COPY ../../third_party/libc++/src/include/istream gen/third_party/libc++/src/include/istream
[1044/4486] COPY ../../third_party/libc++/src/include/iterator gen/third_party/libc++/src/include/iterator
[1045/4486] COPY ../../third_party/libc++/src/include/latch gen/third_party/libc++/src/include/latch
[1046/4486] COPY ../../third_party/libc++/src/include/limits gen/third_party/libc++/src/include/limits
[1047/4486] COPY ../../third_party/libc++/src/include/list gen/third_party/libc++/src/include/list
[1048/4486] COPY ../../third_party/libc++/src/include/locale gen/third_party/libc++/src/include/locale
[1049/4486] COPY ../../third_party/libc++/src/include/map gen/third_party/libc++/src/include/map
[1050/4486] COPY ../../third_party/libc++/src/include/math.h gen/third_party/libc++/src/include/math.h
[1051/4486] COPY ../../third_party/libc++/src/include/mdspan gen/third_party/libc++/src/include/mdspan
[1052/4486] COPY ../../third_party/libc++/src/include/memory gen/third_party/libc++/src/include/memory
[1053/4486] COPY ../../third_party/libc++/src/include/memory_resource gen/third_party/libc++/src/include/memory_resource
[1054/4486] COPY ../../third_party/libc++/src/include/module.modulemap.in gen/third_party/libc++/src/include/module.modulemap.in
[1055/4486] COPY ../../third_party/libc++/src/include/mutex gen/third_party/libc++/src/include/mutex
[1056/4486] COPY ../../third_party/libc++/src/include/new gen/third_party/libc++/src/include/new
[1057/4486] COPY ../../third_party/libc++/src/include/numbers gen/third_party/libc++/src/include/numbers
[1058/4486] COPY ../../third_party/libc++/src/include/numeric gen/third_party/libc++/src/include/numeric
[1059/4486] COPY ../../third_party/libc++/src/include/optional gen/third_party/libc++/src/include/optional
[1060/4486] COPY ../../third_party/libc++/src/include/ostream gen/third_party/libc++/src/include/ostream
[1061/4486] COPY ../../third_party/libc++/src/include/print gen/third_party/libc++/src/include/print
[1062/4486] COPY ../../third_party/libc++/src/include/queue gen/third_party/libc++/src/include/queue
[1063/4486] COPY ../../third_party/libc++/src/include/random gen/third_party/libc++/src/include/random
[1064/4486] COPY ../../third_party/libc++/src/include/ranges gen/third_party/libc++/src/include/ranges
[1065/4486] COPY ../../third_party/libc++/src/include/ratio gen/third_party/libc++/src/include/ratio
[1066/4486] COPY ../../third_party/libc++/src/include/regex gen/third_party/libc++/src/include/regex
[1067/4486] COPY ../../third_party/libc++/src/include/scoped_allocator gen/third_party/libc++/src/include/scoped_allocator
[1068/4486] COPY ../../third_party/libc++/src/include/semaphore gen/third_party/libc++/src/include/semaphore
[1069/4486] COPY ../../third_party/libc++/src/include/set gen/third_party/libc++/src/include/set
[1070/4486] COPY ../../third_party/libc++/src/include/shared_mutex gen/third_party/libc++/src/include/shared_mutex
[1071/4486] COPY ../../third_party/libc++/src/include/source_location gen/third_party/libc++/src/include/source_location
[1072/4486] COPY ../../third_party/libc++/src/include/span gen/third_party/libc++/src/include/span
[1073/4486] COPY ../../third_party/libc++/src/include/sstream gen/third_party/libc++/src/include/sstream
[1074/4486] COPY ../../third_party/libc++/src/include/stack gen/third_party/libc++/src/include/stack
[1075/4486] COPY ../../third_party/libc++/src/include/stdatomic.h gen/third_party/libc++/src/include/stdatomic.h
[1076/4486] COPY ../../third_party/libc++/src/include/stddef.h gen/third_party/libc++/src/include/stddef.h
[1077/4486] COPY ../../third_party/libc++/src/include/stdexcept gen/third_party/libc++/src/include/stdexcept
[1078/4486] COPY ../../third_party/libc++/src/include/stdio.h gen/third_party/libc++/src/include/stdio.h
[1079/4486] COPY ../../third_party/libc++/src/include/stdlib.h gen/third_party/libc++/src/include/stdlib.h
[1080/4486] COPY ../../third_party/libc++/src/include/stop_token gen/third_party/libc++/src/include/stop_token
[1081/4486] COPY ../../third_party/libc++/src/include/streambuf gen/third_party/libc++/src/include/streambuf
[1082/4486] COPY ../../third_party/libc++/src/include/string gen/third_party/libc++/src/include/string
[1083/4486] COPY ../../third_party/libc++/src/include/string.h gen/third_party/libc++/src/include/string.h
[1084/4486] COPY ../../third_party/libc++/src/include/string_view gen/third_party/libc++/src/include/string_view
[1085/4486] COPY ../../third_party/libc++/src/include/strstream gen/third_party/libc++/src/include/strstream
[1086/4486] COPY ../../third_party/libc++/src/include/syncstream gen/third_party/libc++/src/include/syncstream
[1087/4486] COPY ../../third_party/libc++/src/include/system_error gen/third_party/libc++/src/include/system_error
[1088/4486] COPY ../../third_party/libc++/src/include/tgmath.h gen/third_party/libc++/src/include/tgmath.h
[1089/4486] COPY ../../third_party/libc++/src/include/thread gen/third_party/libc++/src/include/thread
[1090/4486] COPY ../../third_party/libc++/src/include/tuple gen/third_party/libc++/src/include/tuple
[1091/4486] COPY ../../third_party/libc++/src/include/type_traits gen/third_party/libc++/src/include/type_traits
[1092/4486] COPY ../../third_party/libc++/src/include/typeindex gen/third_party/libc++/src/include/typeindex
[1093/4486] COPY ../../third_party/libc++/src/include/typeinfo gen/third_party/libc++/src/include/typeinfo
[1094/4486] COPY ../../third_party/libc++/src/include/uchar.h gen/third_party/libc++/src/include/uchar.h
[1095/4486] COPY ../../third_party/libc++/src/include/unordered_map gen/third_party/libc++/src/include/unordered_map
[1096/4486] COPY ../../third_party/libc++/src/include/unordered_set gen/third_party/libc++/src/include/unordered_set
[1097/4486] COPY ../../third_party/libc++/src/include/utility gen/third_party/libc++/src/include/utility
[1098/4486] COPY ../../third_party/libc++/src/include/valarray gen/third_party/libc++/src/include/valarray
[1099/4486] COPY ../../third_party/libc++/src/include/variant gen/third_party/libc++/src/include/variant
[1100/4486] COPY ../../third_party/libc++/src/include/vector gen/third_party/libc++/src/include/vector
[1101/4486] COPY ../../third_party/libc++/src/include/version gen/third_party/libc++/src/include/version
[1102/4486] COPY ../../third_party/libc++/src/include/wchar.h gen/third_party/libc++/src/include/wchar.h
[1103/4486] COPY ../../third_party/libc++/src/include/wctype.h gen/third_party/libc++/src/include/wctype.h
[1104/4486] COPY ../../third_party/icu/common/icudtl.dat icudtl.dat
[1105/4486] ACTION //build/rust/std/rules:std_std_vunknown_build_script_write_rustflags(//build/toolchain/linux:clang_x64)
[1106/4486] ACTION //build/rust/std/rules:compiler_builtins_compiler_builtins_vunknown_build_script_write_rustflags(//build/toolchain/linux:clang_x64)
[1107/4486] ACTION //build/rust/std/rules:test_test_vunknown_build_script_write_rustflags(//build/toolchain/linux:clang_x64)
[1108/4486] ACTION //build/rust/std/rules:libc_libc_vunknown_build_script_write_rustflags(//build/toolchain/linux:clang_x64)
[1109/4486] ACTION //build/rust/std/rules:object_object_vunknown_build_script_write_rustflags(//build/toolchain/linux:clang_x64)
[1110/4486] ACTION //third_party/rust/quote/v1:quote_lib_v1_build_script_write_rustflags(//build/toolchain/linux:clang_x64_for_rust_host_build_tools)
[1111/4486] ACTION //third_party/rust/icu_locale_data/v2:icu_locale_data_lib_v2_build_script_write_rustflags(//build/toolchain/linux:clang_x64)
[1112/4486] ACTION //third_party/rust/proc_macro2/v1:proc_macro2_lib_v1_build_script_write_rustflags(//build/toolchain/linux:clang_x64_for_rust_host_build_tools)
[1113/4486] ACTION //third_party/rust/libm/v0_2:libm_lib_v0_2_build_script_write_rustflags(//build/toolchain/linux:clang_x64)
[1114/4486] ACTION //third_party/rust/serde/v1:serde_lib_v1_build_script_write_rustflags(//build/toolchain/linux:clang_x64_for_rust_host_build_tools)
[1115/4486] CXX obj/buildtools/third_party/libc++/libc++/any.o
[1116/4486] ACTION //third_party/rust/icu_calendar_data/v2:icu_calendar_data_lib_v2_build_script_write_rustflags(//build/toolchain/linux:clang_x64)
[1117/4486] ACTION //third_party/rust/serde_core/v1:serde_core_lib_v1_build_script_write_rustflags(//build/toolchain/linux:clang_x64_for_rust_host_build_tools)
[1118/4486] ACTION //third_party/rust/serde_core/v1:serde_core_lib_v1_build_script_write_rustflags(//build/toolchain/linux:clang_x64)
[1119/4486] ACTION //third_party/rust/serde/v1:serde_lib_v1_build_script_write_rustflags(//build/toolchain/linux:clang_x64)
[1120/4486] CXX obj/buildtools/third_party/libc++/libc++/condition_variable_destructor.o
[1121/4486] RUST local_rustc_sysroot/lib/rustlib/x86_64-unknown-linux-gnu/lib/libprofiler_builtins_profiler_builtins.rlib local_rustc_sysroot/lib/rustlib/x86_64-unknown-linux-gnu/lib/libprofiler_builtins_profiler_builtins.rmeta obj/build/rust/std/rules/profiler_builtins.rustflags.json obj/build/rust/std/rules/profiler_builtins.rsp.rust
[1122/4486] ACTION //build/rust/gni_impl:rustc_print_cfg(//build/toolchain/linux:clang_x64)
[1123/4486] ACTION //build/rust/gni_impl:rustc_print_cfg(//build/toolchain/linux:clang_x64_for_rust_host_build_tools)
[1124/4486] ACTION //third_party/perfetto/python:trace_processor_table_generator(//build/toolchain/linux:clang_x64)
[1125/4486] CXX obj/buildtools/third_party/libc++/libc++/bind.o
[1126/4486] CXX obj/buildtools/third_party/libc++/libc++/call_once.o
[1127/4486] CXX obj/buildtools/third_party/libc++/libc++/error_category.o
[1128/4486] CXX obj/buildtools/third_party/libc++/libc++/exception.o
[1129/4486] CXX obj/buildtools/third_party/libc++/libc++/functional.o
[1130/4486] ACTION //v8:v8_dump_build_config(//build/toolchain/linux:clang_x64)
[1131/4486] CXX_MODULE obj/build/modules/linux/_Builtin_stddef/module.pcm
[1132/4486] CXX_MODULE clang_x64_for_rust_host_build_tools/obj/build/modules/linux/_Builtin_stddef/module.pcm
[1133/4486] CXX_MODULE obj/build/modules/linux/_Builtin_float/module.pcm
[1134/4486] CXX_MODULE obj/build/modules/linux/_Builtin_iso646/module.pcm
[1135/4486] CXX_MODULE obj/build/modules/linux/_Builtin_stdbool/module.pcm
[1136/4486] CXX_MODULE obj/build/modules/linux/_Builtin_stdcountof/module.pcm
[1137/4486] CXX_MODULE obj/build/modules/linux/_Builtin_stdnoreturn/module.pcm
[1138/4486] CXX_MODULE obj/build/modules/linux/ptrauth/module.pcm
[1139/4486] CXX_MODULE clang_x64_for_rust_host_build_tools/obj/build/modules/linux/_Builtin_stdalign/module.pcm
[1140/4486] ACTION //third_party/perfetto/gn:gen_buildflags(//build/toolchain/linux:clang_x64)
[1141/4486] CXX_MODULE obj/build/modules/linux/_Builtin_stdarg/module.pcm
[1142/4486] CXX_MODULE clang_x64_for_rust_host_build_tools/obj/build/modules/linux/_Builtin_stdarg/module.pcm
[1143/4486] CXX_MODULE obj/build/modules/linux/_Builtin_stdalign/module.pcm
[1144/4486] CXX_MODULE clang_x64_for_rust_host_build_tools/obj/build/modules/linux/_Builtin_float/module.pcm
[1145/4486] CXX_MODULE obj/build/modules/linux/_Builtin_stddef_wint_t/module.pcm
[1146/4486] CXX obj/buildtools/third_party/libc++/libc++/typeinfo.o
[1147/4486] CXX obj/buildtools/third_party/libc++/libc++/mutex_destructor.o
[1148/4486] CXX obj/buildtools/third_party/libc++/libc++/new_helpers.o
[1149/4486] CXX obj/buildtools/third_party/libc++/libc++/hash.o
[1150/4486] CXX obj/buildtools/third_party/libc++/libc++/verbose_abort.o
[1151/4486] CXX obj/buildtools/third_party/libc++/libc++/new_handler.o
[1152/4486] CXX obj/buildtools/third_party/libc++/libc++/d2s.o
[1153/4486] CXX obj/buildtools/third_party/libc++/libc++/f2s.o
[1154/4486] CXX obj/buildtools/third_party/libc++/libc++/shared_mutex.o
[1155/4486] CXX obj/buildtools/third_party/libc++/libc++/variant.o
[1156/4486] CXX obj/buildtools/third_party/libc++/libc++/new.o
[1157/4486] CXX obj/buildtools/third_party/libc++/libc++/atomic.o
[1158/4486] CXX obj/buildtools/third_party/libc++/libc++/filesystem_error.o
[1159/4486] CXX obj/buildtools/third_party/libc++/libc++/future.o
[1160/4486] CXX obj/buildtools/third_party/libc++/libc++/ios.o
[1161/4486] CXX obj/buildtools/third_party/libc++/libc++/mutex.o
[1162/4486] CXX obj/buildtools/third_party/libc++/libc++/optional.o
[1163/4486] CXX obj/buildtools/third_party/libc++/libc++/d2fixed.o
[1164/4486] CXX obj/buildtools/third_party/libc++/libc++/stdexcept.o
[1165/4486] CXX obj/buildtools/third_party/libc++/libc++/valarray.o
[1166/4486] CXX obj/buildtools/third_party/libc++/libc++/barrier.o
[1167/4486] CXX obj/buildtools/third_party/libc++/libc++/condition_variable.o
[1168/4486] CXX obj/buildtools/third_party/libc++abi/libc++abi/stdlib_exception.o
[1169/4486] CXX obj/buildtools/third_party/libc++abi/libc++abi/abort_message.o
[1170/4486] CXX obj/buildtools/third_party/libc++abi/libc++abi/cxa_virtual.o
[1171/4486] CXX obj/buildtools/third_party/libc++abi/libc++abi/stdlib_typeinfo.o
[1172/4486] CXX obj/buildtools/third_party/libc++/libc++/charconv.o
[1173/4486] CXX obj/buildtools/third_party/libc++/libc++/system_error.o
[1174/4486] CXX_MODULE clang_x64_for_rust_host_build_tools/obj/build/modules/linux/_Builtin_stdnoreturn/module.pcm
[1175/4486] CXX_MODULE clang_x64_for_rust_host_build_tools/obj/build/modules/linux/_Builtin_stdcountof/module.pcm
[1176/4486] CXX_MODULE clang_x64_for_rust_host_build_tools/obj/build/modules/linux/_Builtin_stddef_wint_t/module.pcm
[1177/4486] CXX_MODULE clang_x64_for_rust_host_build_tools/obj/build/modules/linux/ptrauth/module.pcm
[1178/4486] CXX_MODULE clang_x64_for_rust_host_build_tools/obj/build/modules/linux/_Builtin_iso646/module.pcm
[1179/4486] CXX_MODULE clang_x64_for_rust_host_build_tools/obj/build/modules/linux/_Builtin_stdbool/module.pcm
[1180/4486] ACTION //v8/src/inspector:protocol_compatibility(//build/toolchain/linux:clang_x64)
[1181/4486] CXX obj/buildtools/third_party/libc++abi/libc++abi/cxa_vector.o
[1182/4486] CXX obj/buildtools/third_party/libc++abi/libc++abi/cxa_aux_runtime.o
[1183/4486] CXX obj/buildtools/third_party/libc++abi/libc++abi/fallback_malloc.o
[1184/4486] CXX obj/buildtools/third_party/libc++abi/libc++abi/private_typeinfo.o
[1185/4486] CXX obj/buildtools/third_party/libc++abi/libc++abi/cxa_thread_atexit.o
[1186/4486] CXX obj/buildtools/third_party/libc++abi/libc++abi/cxa_exception_storage.o
[1187/4486] CXX obj/buildtools/third_party/libc++abi/libc++abi/cxa_personality.o
[1188/4486] CXX obj/buildtools/third_party/libc++abi/libc++abi/stdlib_stdexcept.o
[1189/4486] CXX obj/buildtools/third_party/libc++abi/libc++abi/cxa_guard.o
[1190/4486] CXX obj/buildtools/third_party/libc++/libc++/random_shuffle.o
[1191/4486] CXX obj/buildtools/third_party/libc++/libc++/string.o
[1192/4486] CXX obj/buildtools/third_party/libc++/libc++/algorithm.o
[1193/4486] CXX obj/buildtools/third_party/libc++/libc++/strstream.o
[1194/4486] CXX obj/buildtools/third_party/libc++abi/libc++abi/cxa_handlers.o
[1195/4486] CXX obj/buildtools/third_party/libc++/libc++/path.o
[1196/4486] CXX obj/buildtools/third_party/libc++/libc++/memory.o
[1197/4486] CXX obj/buildtools/third_party/libc++/libc++/vector.o
[1198/4486] CXX obj/buildtools/third_party/libc++/libc++/regex.o
[1199/4486] CXX obj/buildtools/third_party/libc++/libc++/chrono.o
[1200/4486] CXX obj/buildtools/third_party/libc++/libc++/iostream.o
[1201/4486] CXX obj/buildtools/third_party/libc++abi/libc++abi/cxa_default_handlers.o
[1202/4486] CXX obj/buildtools/third_party/libc++/libc++/thread.o
[1203/4486] CXX obj/buildtools/third_party/libc++abi/libc++abi/cxa_exception.o
[1204/4486] CXX_MODULE obj/build/modules/linux/sys_stage1/module.pcm
[1205/4486] CXX obj/buildtools/third_party/libc++/libc++/random.o
[1206/4486] CXX obj/buildtools/third_party/libc++/libc++/ios.instantiations.o
[1207/4486] CXX_MODULE obj/build/modules/linux/_Builtin_stdint/module.pcm
[1208/4486] CXX_MODULE obj/build/modules/linux/_Builtin_limits/module.pcm
[1209/4486] CXX_MODULE obj/build/modules/linux/std_ctype_h/module.pcm
[1210/4486] CXX_MODULE obj/build/modules/linux/_Builtin_inttypes/module.pcm
[1211/4486] CXX_MODULE clang_x64_for_rust_host_build_tools/obj/build/modules/linux/sys_stage1/module.pcm
[1212/4486] CXX_MODULE obj/build/modules/linux/std_errno_h/module.pcm
[1213/4486] CXX_MODULE obj/build/modules/linux/std_fenv_h/module.pcm
[1214/4486] CXX obj/third_party/icu/icuuc_private/cwchar.o
[1215/4486] CXX obj/third_party/icu/icuuc_private/icuplug.o
[1216/4486] CXX obj/third_party/icu/icuuc_private/appendable.o
[1217/4486] CXX obj/third_party/icu/icuuc_private/errorcode.o
[1218/4486] CXX obj/buildtools/third_party/libc++/libc++/directory_iterator.o
[1219/4486] CXX_MODULE obj/build/modules/linux/std_float_h/module.pcm
[1220/4486] CXX_MODULE obj/build/modules/linux/std_private_mbstate_t/module.pcm
[1221/4486] CXX_MODULE obj/build/modules/linux/std_inttypes_h/module.pcm
[1222/4486] CXX_MODULE obj/build/modules/linux/std_string_h/module.pcm
[1223/4486] CXX_MODULE obj/build/modules/linux/std_wctype_h/module.pcm
[1224/4486] CXX_MODULE clang_x64_for_rust_host_build_tools/obj/build/modules/linux/_Builtin_limits/module.pcm
[1225/4486] CXX_MODULE clang_x64_for_rust_host_build_tools/obj/build/modules/linux/_Builtin_stdint/module.pcm
[1226/4486] CXX_MODULE obj/build/modules/linux/sys_stage2/module.pcm
[1227/4486] CXX_MODULE obj/build/modules/linux/_Builtin_stdatomic/module.pcm
[1228/4486] CXX_MODULE obj/build/modules/linux/_Builtin_unwind/module.pcm
[1229/4486] CXX obj/third_party/icu/icuuc_private/cstring.o
[1230/4486] CXX obj/third_party/icu/icuuc_private/dtintrv.o
[1231/4486] CXX_MODULE clang_x64_for_rust_host_build_tools/obj/build/modules/linux/std_ctype_h/module.pcm
[1232/4486] CXX obj/third_party/icu/icuuc_private/chariter.o
[1233/4486] CXX obj/third_party/icu/icuuc_private/bmpset.o
[1234/4486] CXX obj/third_party/icu/icuuc_private/bytestream.o
[1235/4486] CXX_MODULE clang_x64_for_rust_host_build_tools/obj/build/modules/linux/_Builtin_inttypes/module.pcm
[1236/4486] CXX_MODULE clang_x64_for_rust_host_build_tools/obj/build/modules/linux/std_errno_h/module.pcm
[1237/4486] CXX_MODULE clang_x64_for_rust_host_build_tools/obj/build/modules/linux/std_private_mbstate_t/module.pcm
[1238/4486] CXX_MODULE clang_x64_for_rust_host_build_tools/obj/build/modules/linux/std_float_h/module.pcm
[1239/4486] CXX_MODULE clang_x64_for_rust_host_build_tools/obj/build/modules/linux/std_inttypes_h/module.pcm
[1240/4486] CXX_MODULE clang_x64_for_rust_host_build_tools/obj/build/modules/linux/std_wctype_h/module.pcm
[1241/4486] CXX_MODULE clang_x64_for_rust_host_build_tools/obj/build/modules/linux/_Builtin_unwind/module.pcm
[1242/4486] CXX_MODULE obj/build/modules/linux/std_uchar_h/module.pcm
[1243/4486] CXX_MODULE clang_x64_for_rust_host_build_tools/obj/build/modules/linux/std_uchar_h/module.pcm
[1244/4486] CXX_MODULE clang_x64_for_rust_host_build_tools/obj/build/modules/linux/_Builtin_stdatomic/module.pcm
[1245/4486] CXX_MODULE obj/build/modules/linux/std_core/module.pcm
[1246/4486] CXX obj/third_party/icu/icuuc_private/bytestrie.o
[1247/4486] CXX obj/buildtools/third_party/libc++abi/libc++abi/cxa_demangle.o
[1248/4486] CXX obj/buildtools/third_party/libc++/libc++/filesystem_clock.o
[1249/4486] CXX_MODULE clang_x64_for_rust_host_build_tools/obj/build/modules/linux/std_string_h/module.pcm
[1250/4486] CXX obj/buildtools/third_party/libc++/libc++/directory_entry.o
[1251/4486] CXX_MODULE clang_x64_for_rust_host_build_tools/obj/build/modules/linux/std_fenv_h/module.pcm
[1252/4486] CXX_MODULE obj/build/modules/linux/std_math_h/module.pcm
[1253/4486] CXX obj/third_party/icu/icuuc_private/cstr.o
[1254/4486] CXX_MODULE clang_x64_for_rust_host_build_tools/obj/build/modules/linux/std_core/module.pcm
[1255/4486] CXX obj/third_party/icu/icuuc_private/bytesinkutil.o
[1256/4486] CXX obj/third_party/icu/icuuc_private/cmemory.o
[1257/4486] CXX obj/third_party/icu/icuuc_private/edits.o
[1258/4486] CXX obj/third_party/icu/icuuc_private/charstr.o
[1259/4486] CXX_MODULE clang_x64_for_rust_host_build_tools/obj/build/modules/linux/sys_stage2/module.pcm
[1260/4486] CXX obj/third_party/icu/icuuc_private/filterednormalizer2.o
[1261/4486] CXX obj/buildtools/third_party/libc++/libc++/operations.o
[1262/4486] CXX_MODULE clang_x64_for_rust_host_build_tools/obj/build/modules/linux/std_math_h/module.pcm
[1263/4486] CXX obj/third_party/icu/icuuc_private/fixedstring.o
[1264/4486] CXX obj/third_party/icu/icuuc_private/dictionarydata.o
[1265/4486] CXX obj/third_party/icu/icuuc_private/icudataver.o
[1266/4486] CXX obj/buildtools/third_party/libc++/libc++/locale.o
[1267/4486] CXX obj/third_party/icu/icuuc_private/emojiprops.o
[1268/4486] CXX obj/third_party/icu/icuuc_private/locbased.o
[1269/4486] CXX obj/third_party/icu/icuuc_private/localeprioritylist.o
[1270/4486] CXX obj/third_party/icu/icuuc_private/bytestrieiterator.o
[1271/4486] CXX obj/third_party/icu/icuuc_private/parsepos.o
[1272/4486] CXX obj/third_party/icu/icuuc_private/bytestriebuilder.o
[1273/4486] CXX obj/third_party/icu/icuuc_private/loadednormalizer2impl.o
[1274/4486] SOLINK ./libc++.so
[1275/4486] CXX obj/third_party/icu/icuuc_private/locavailable.o
[1276/4486] ACTION //third_party/perfetto/src/trace_processor/tables:tables_python(//build/toolchain/linux:clang_x64)
[1277/4486] CXX obj/third_party/icu/icuuc_private/locresdata.o
[1278/4486] CXX obj/third_party/icu/icuuc_private/locmap.o
[1279/4486] CXX obj/third_party/icu/icuuc_private/localebuilder.o
[1280/4486] CXX obj/third_party/icu/icuuc_private/caniter.o
[1281/4486] CXX obj/third_party/icu/icuuc_private/brkeng.o
[1282/4486] CXX_MODULE obj/build/modules/linux/_Builtin_intrinsics/module.pcm
[1283/4486] CXX_MODULE clang_x64_for_rust_host_build_tools/obj/build/modules/linux/_Builtin_intrinsics/module.pcm
[1284/4486] CXX obj/third_party/icu/icuuc_private/localematcher.o
[1285/4486] CXX obj/third_party/icu/icuuc_private/dictbe.o
[1286/4486] CXX obj/third_party/icu/icuuc_private/brkiter.o
[1287/4486] CXX obj/third_party/icu/icuuc_private/characterproperties.o
[1288/4486] CXX obj/third_party/icu/icuuc_private/loclikely.o
[1289/4486] CXX obj/third_party/icu/icuuc_private/locutil.o
[1290/4486] CXX obj/third_party/icu/icuuc_private/mlbe.o
[1291/4486] CXX obj/third_party/icu/icuuc_private/filteredbrk.o
[1292/4486] CXX obj/third_party/icu/icuuc_private/locdispnames.o
[1293/4486] CXX obj/third_party/icu/icuuc_private/patternprops.o
[1294/4486] CXX obj/third_party/icu/icuuc_private/locdistance.o
[1295/4486] CXX obj/third_party/icu/icuuc_private/lsr.o
[1296/4486] CXX obj/third_party/icu/icuuc_private/messagepattern.o
[1297/4486] CXX obj/third_party/icu/icuuc_private/pluralmap.o
[1298/4486] CXX obj/third_party/icu/icuuc_private/propsvec.o
[1299/4486] CXX obj/third_party/icu/icuuc_private/loclikelysubtags.o
[1300/4486] CXX obj/third_party/icu/icuuc_private/punycode.o
[1301/4486] CXX obj/third_party/icu/icuuc_private/normlzr.o
[1302/4486] CXX obj/third_party/icu/icuuc_private/locdspnm.o
[1303/4486] CXX obj/third_party/icu/icuuc_private/lstmbe.o
[1304/4486] CXX obj/third_party/icu/icuuc_private/normalizer2.o
[1305/4486] CXX obj/third_party/icu/icuuc_private/locid.o
[1306/4486] CXX obj/third_party/icu/icuuc_private/resource.o
[1307/4486] CXX obj/third_party/icu/icuuc_private/resbund_cnv.o
[1308/4486] CXX obj/third_party/icu/icuuc_private/normalizer2impl.o
[1309/4486] CXX obj/third_party/icu/icuuc_private/restrace.o
[1310/4486] CXX obj/third_party/icu/icuuc_private/uarrsort.o
[1311/4486] CXX obj/third_party/icu/icuuc_private/schriter.o
[1312/4486] CXX obj/third_party/icu/icuuc_private/rbbisetb.o
[1313/4486] CXX obj/third_party/icu/icuuc_private/rbbinode.o
[1314/4486] CXX obj/third_party/icu/icuuc_private/stringtriebuilder.o
[1315/4486] CXX obj/third_party/icu/icuuc_private/stringpiece.o
[1316/4486] CXX obj/third_party/icu/icuuc_private/simpleformatter.o
[1317/4486] CXX obj/third_party/icu/icuuc_private/resbund.o
[1318/4486] CXX obj/third_party/icu/icuuc_private/ruleiter.o
[1319/4486] CXX obj/third_party/icu/icuuc_private/rbbistbl.o
[1320/4486] CXX obj/third_party/icu/icuuc_private/rbbi_cache.o
[1321/4486] CXX obj/third_party/icu/icuuc_private/rbbirb.o
[1322/4486] CXX obj/third_party/icu/icuuc_private/ucnvbocu.o
[1323/4486] CXX obj/third_party/icu/icuuc_private/servlk.o
[1324/4486] CXX obj/third_party/icu/icuuc_private/static_unicode_sets.o
[1325/4486] CXX obj/third_party/icu/icuuc_private/propname.o
[1326/4486] CXX obj/third_party/icu/icuuc_private/rbbiscan.o
[1327/4486] CXX obj/third_party/icu/icuuc_private/servls.o
[1328/4486] CXX obj/third_party/icu/icuuc_private/servnotf.o
[1329/4486] CXX obj/third_party/icu/icuuc_private/serv.o
[1330/4486] CXX obj/third_party/icu/icuuc_private/servlkf.o
[1331/4486] CXX obj/third_party/icu/icuuc_private/rbbitblb.o
[1332/4486] CXX obj/third_party/icu/icuuc_private/rbbidata.o
[1333/4486] CXX obj/third_party/icu/icuuc_private/ubiditransform.o
[1334/4486] CXX obj/third_party/icu/icuuc_private/ucmndata.o
[1335/4486] CXX obj/third_party/icu/icuuc_private/ubidi_props.o
[1336/4486] CXX obj/third_party/icu/icuuc_private/ubidiwrt.o
[1337/4486] CXX obj/third_party/icu/icuuc_private/servrbf.o
[1338/4486] CXX obj/third_party/icu/icuuc_private/ubidi.o
[1339/4486] CXX obj/third_party/icu/icuuc_private/ubidiln.o
[1340/4486] CXX obj/third_party/icu/icuuc_private/putil.o
[1341/4486] CXX obj/third_party/icu/icuuc_private/servslkf.o
[1342/4486] CXX obj/third_party/icu/icuuc_private/sharedobject.o
[1343/4486] CXX obj/third_party/icu/icuuc_private/rbbi.o
[1344/4486] CXX obj/third_party/icu/icuuc_private/ucasemap_titlecase_brkiter.o
[1345/4486] CXX obj/third_party/icu/icuuc_private/ucnv_lmb.o
[1346/4486] CXX obj/third_party/icu/icuuc_private/ucnv_ct.o
[1347/4486] CXX obj/third_party/icu/icuuc_private/ucnvhz.o
[1348/4486] CXX obj/third_party/icu/icuuc_private/ucharstriebuilder.o
[1349/4486] CXX obj/third_party/icu/icuuc_private/uchriter.o
[1350/4486] CXX obj/third_party/icu/icuuc_private/ucln_cmn.o
[1351/4486] CXX obj/third_party/icu/icuuc_private/ucat.o
[1352/4486] CXX obj/third_party/icu/icuuc_private/ucharstrie.o
[1353/4486] CXX obj/third_party/icu/icuuc_private/ucharstrieiterator.o
[1354/4486] CXX obj/third_party/icu/icuuc_private/ubrk.o
[1355/4486] CXX obj/third_party/icu/icuuc_private/ucasemap.o
[1356/4486] CXX obj/third_party/icu/icuuc_private/ucnv_u32.o
[1357/4486] CXX obj/third_party/icu/icuuc_private/ucnvisci.o
[1358/4486] CXX obj/third_party/icu/icuuc_private/ucnvscsu.o
[1359/4486] CXX obj/third_party/icu/icuuc_private/ucnv_u7.o
[1360/4486] CXX obj/third_party/icu/icuuc_private/ucase.o
[1361/4486] CXX obj/third_party/icu/icuuc_private/udataswp.o
[1362/4486] CXX obj/third_party/icu/icuuc_private/ucnv_err.o
[1363/4486] CXX obj/third_party/icu/icuuc_private/ucptrie.o
[1364/4486] CXX obj/third_party/icu/icuuc_private/udatamem.o
[1365/4486] CXX obj/third_party/icu/icuuc_private/ucnv_io.o
[1366/4486] CXX obj/third_party/icu/icuuc_private/uenum.o
[1367/4486] CXX obj/third_party/icu/icuuc_private/umath.o
[1368/4486] CXX obj/third_party/icu/icuuc_private/uchar.o
[1369/4486] CXX obj/third_party/icu/icuuc_private/ucol_swp.o
[1370/4486] CXX obj/third_party/icu/icuuc_private/ucnvdisp.o
[1371/4486] CXX obj/third_party/icu/icuuc_private/ucnv_set.o
[1372/4486] CXX obj/third_party/icu/icuuc_private/uhash.o
[1373/4486] CXX obj/third_party/icu/icuuc_private/ucnv_u8.o
[1374/4486] CXX obj/third_party/icu/icuuc_private/ucnv_cb.o
[1375/4486] CXX obj/third_party/icu/icuuc_private/ucnv_cnv.o
[1376/4486] CXX obj/third_party/icu/icuuc_private/ucnvlat1.o
[1377/4486] CXX obj/third_party/icu/icuuc_private/ucnv_ext.o
[1378/4486] CXX obj/third_party/icu/icuuc_private/unifunct.o
[1379/4486] CXX obj/third_party/icu/icuuc_private/umapfile.o
[1380/4486] CXX obj/third_party/icu/icuuc_private/ulist.o
[1381/4486] CXX obj/third_party/icu/icuuc_private/ucnv.o
[1382/4486] CXX obj/third_party/icu/icuuc_private/ucnvsel.o
[1383/4486] CXX obj/third_party/icu/icuuc_private/ucnv_u16.o
[1384/4486] CXX obj/third_party/icu/icuuc_private/umutablecptrie.o
[1385/4486] CXX obj/third_party/icu/icuuc_private/unifilt.o
[1386/4486] CXX obj/third_party/icu/icuuc_private/uhash_us.o
[1387/4486] CXX obj/third_party/icu/icuuc_private/uiter.o
[1388/4486] CXX obj/third_party/icu/icuuc_private/udata.o
[1389/4486] CXX obj/third_party/icu/icuuc_private/ucnv2022.o
[1390/4486] CXX obj/third_party/icu/icuuc_private/uidna.o
[1391/4486] CXX obj/third_party/icu/icuuc_private/uinit.o
[1392/4486] CXX obj/third_party/icu/icuuc_private/ucnvmbcs.o
[1393/4486] CXX obj/third_party/icu/icuuc_private/uinvchar.o
[1394/4486] CXX obj/third_party/icu/icuuc_private/ucnv_bld.o
[1395/4486] CXX obj/third_party/icu/icuuc_private/ulocale.o
[1396/4486] CXX obj/third_party/icu/icuuc_private/ulocbuilder.o
[1397/4486] CXX obj/third_party/icu/icuuc_private/ucurr.o
[1398/4486] CXX obj/third_party/icu/icuuc_private/unistr_case_locale.o
[1399/4486] CXX obj/third_party/icu/icuuc_private/umutex.o
[1400/4486] CXX obj/third_party/icu/icuuc_private/uniset_closure.o
[1401/4486] CXX obj/third_party/icu/icuuc_private/unistr_case.o
[1402/4486] CXX obj/third_party/icu/icuuc_private/uloc_keytype.o
[1403/4486] CXX obj/third_party/icu/icuuc_private/usc_impl.o
[1404/4486] CXX obj/third_party/icu/icuuc_private/uobject.o
[1405/4486] CXX obj/third_party/icu/icuuc_private/unistr_props.o
[1406/4486] CXX obj/third_party/icu/icuuc_private/unames.o
[1407/4486] CXX obj/third_party/icu/icuuc_private/unistr_cnv.o
[1408/4486] CXX obj/third_party/icu/icuuc_private/uloc_tag.o
[1409/4486] CXX obj/third_party/icu/icuuc_private/unisetspan.o
[1410/4486] CXX obj/third_party/icu/icuuc_private/utf_impl.o
[1411/4486] CXX obj/third_party/icu/icuuc_private/ustack.o
[1412/4486] CXX obj/third_party/icu/icuuc_private/unistr_titlecase_brkiter.o
[1413/4486] CXX obj/third_party/icu/icuuc_private/ures_cnv.o
[1414/4486] CXX obj/third_party/icu/icuuc_private/ushape.o
[1415/4486] CXX obj/third_party/icu/icuuc_private/usetiter.o
[1416/4486] CXX obj/third_party/icu/icuuc_private/uniset_props.o
[1417/4486] CXX obj/third_party/icu/icuuc_private/uloc.o
[1418/4486] CXX obj/third_party/icu/icuuc_private/unifiedcache.o
[1419/4486] CXX obj/third_party/icu/icuuc_private/uscript_props.o
[1420/4486] CXX obj/third_party/icu/icuuc_private/uset_props.o
[1421/4486] CXX obj/third_party/icu/icuuc_private/uscript.o
[1422/4486] CXX obj/third_party/icu/icuuc_private/unorm.o
[1423/4486] CXX obj/third_party/icu/icuuc_private/ustrfmt.o
[1424/4486] CXX obj/third_party/icu/icuuc_private/ustr_wcs.o
[1425/4486] CXX obj/third_party/icu/icuuc_private/uniset.o
[1426/4486] CXX obj/third_party/icu/icuuc_private/ustr_cnv.o
[1427/4486] CXX obj/third_party/icu/icuuc_private/uresdata.o
[1428/4486] CXX obj/third_party/icu/icuuc_private/unormcmp.o
[1429/4486] CXX obj/third_party/icu/icuuc_private/utypes.o
[1430/4486] CXX obj/third_party/icu/icuuc_private/wintz.o
[1431/4486] CXX obj/third_party/icu/icuuc_private/ustrtrns.o
[1432/4486] CXX obj/third_party/icu/icuuc_private/utrie_swap.o
[1433/4486] CXX obj/third_party/icu/icuuc_private/utrace.o
[1434/4486] CXX obj/third_party/icu/icuuc_private/utrie.o
[1435/4486] CXX obj/third_party/icu/icuuc_private/ustring.o
[1436/4486] CXX obj/third_party/icu/icuuc_private/ustrcase_locale.o
[1437/4486] CXX obj/third_party/icu/icuuc_private/uset.o
[1438/4486] CXX obj/third_party/icu/icuuc_private/ustr_titlecase_brkiter.o
[1439/4486] CXX obj/third_party/icu/icuuc_private/unistr.o
[1440/4486] CXX obj/third_party/icu/icuuc_private/ustrcase.o
[1441/4486] CXX obj/third_party/icu/icuuc_private/stubdata.o
[1442/4486] CXX obj/third_party/icu/icuuc_private/uvector.o
[1443/4486] CXX obj/third_party/icu/icuuc_private/utrie2_builder.o
[1444/4486] CXX obj/third_party/icu/icuuc_private/utrie2.o
[1445/4486] CXX obj/third_party/icu/icuuc_private/ustrenum.o
[1446/4486] CXX obj/third_party/icu/icuuc_private/usprep.o
[1447/4486] CXX obj/third_party/icu/icuuc_private/uprops.o
[1448/4486] CXX obj/third_party/icu/icuuc_private/uvectr32.o
[1449/4486] CXX obj/third_party/icu/icuuc_private/uvectr64.o
[1450/4486] CXX obj/third_party/icu/icuuc_private/uresbund.o
[1451/4486] CXX obj/third_party/icu/icuuc_private/util.o
[1452/4486] CXX obj/third_party/icu/icuuc_private/util_props.o
[1453/4486] CXX obj/third_party/icu/icui18n/basictz.o
[1454/4486] CXX obj/third_party/icu/icuuc_private/utext.o
[1455/4486] CXX obj/third_party/icu/icui18n/bocsu.o
[1456/4486] CXX obj/third_party/icu/icui18n/collation.o
[1457/4486] CXX obj/third_party/icu/icui18n/collationfcd.o
[1458/4486] CXX obj/third_party/icu/icui18n/collationrootelements.o
[1459/4486] CXX obj/third_party/icu/icuuc_private/uts46.o
[1460/4486] CXX obj/third_party/icu/icui18n/alphaindex.o
[1461/4486] CXX obj/third_party/icu/icui18n/csrecog.o
[1462/4486] CXX obj/third_party/icu/icui18n/csrucode.o
[1463/4486] CXX obj/third_party/icu/icui18n/csr2022.o
[1464/4486] CXX obj/third_party/icu/icui18n/collationweights.o
[1465/4486] CXX obj/third_party/icu/icui18n/brktrans.o
[1466/4486] CXX obj/third_party/icu/icui18n/choicfmt.o
[1467/4486] CXX obj/third_party/icu/icui18n/csrutf8.o
[1468/4486] CXX obj/third_party/icu/icui18n/casetrn.o
[1469/4486] CXX obj/third_party/icu/icui18n/cecal.o
[1470/4486] CXX obj/third_party/icu/icui18n/decContext.o
[1471/4486] CXX obj/third_party/icu/icui18n/chnsecal.o
[1472/4486] CXX obj/third_party/icu/icui18n/anytrans.o
[1473/4486] CXX obj/third_party/icu/icui18n/cpdtrans.o
[1474/4486] CXX obj/third_party/icu/icui18n/buddhcal.o
[1475/4486] CXX obj/third_party/icu/icui18n/csmatch.o
[1476/4486] CXX obj/third_party/icu/icui18n/csrmbcs.o
[1477/4486] CXX obj/third_party/icu/icui18n/csdetect.o
[1478/4486] CXX obj/third_party/icu/icui18n/csrsbcs.o
[1479/4486] CXX obj/third_party/icu/icui18n/astro.o
[1480/4486] CXX obj/third_party/icu/icui18n/collationcompare.o
[1481/4486] CXX obj/third_party/icu/icui18n/collationdata.o
[1482/4486] CXX obj/third_party/icu/icui18n/collationfastlatin.o
[1483/4486] CXX obj/third_party/icu/icui18n/coptccal.o
[1484/4486] CXX obj/third_party/icu/icui18n/collationfastlatinbuilder.o
[1485/4486] CXX obj/third_party/icu/icui18n/curramt.o
[1486/4486] CXX obj/third_party/icu/icui18n/displayoptions.o
[1487/4486] CXX obj/third_party/icu/icui18n/collationdatareader.o
[1488/4486] CXX obj/third_party/icu/icui18n/collationiterator.o
[1489/4486] CXX obj/third_party/icu/icui18n/currfmt.o
[1490/4486] CXX obj/third_party/icu/icui18n/dtrule.o
[1491/4486] CXX obj/third_party/icu/icui18n/collationsettings.o
[1492/4486] CXX obj/third_party/icu/icui18n/collationkeys.o
[1493/4486] CXX obj/third_party/icu/icui18n/currpinf.o
[1494/4486] CXX obj/third_party/icu/icui18n/collationtailoring.o
[1495/4486] CXX obj/third_party/icu/icui18n/coleitr.o
[1496/4486] CXX obj/third_party/icu/icui18n/collationroot.o
[1497/4486] CXX obj/third_party/icu/icui18n/collationruleparser.o
[1498/4486] CXX obj/third_party/icu/icui18n/dangical.o
[1499/4486] CXX obj/third_party/icu/icui18n/collationdatabuilder.o
[1500/4486] CXX obj/third_party/icu/icui18n/collationsets.o
[1501/4486] CXX obj/third_party/icu/icui18n/double-conversion-bignum-dtoa.o
[1502/4486] CXX obj/third_party/icu/icui18n/double-conversion-cached-powers.o
[1503/4486] CXX obj/third_party/icu/icui18n/double-conversion-fast-dtoa.o
[1504/4486] CXX obj/third_party/icu/icui18n/double-conversion-strtod.o
[1505/4486] CXX obj/third_party/icu/icui18n/double-conversion-string-to-double.o
[1506/4486] CXX obj/third_party/icu/icui18n/currunit.o
[1507/4486] CXX obj/third_party/icu/icui18n/double-conversion-bignum.o
[1508/4486] CXX obj/third_party/icu/icui18n/collationdatawriter.o
[1509/4486] CXX obj/third_party/icu/icui18n/coll.o
[1510/4486] CXX obj/third_party/icu/icui18n/dayperiodrules.o
[1511/4486] CXX obj/third_party/icu/icui18n/double-conversion-double-to-string.o
[1512/4486] CXX obj/third_party/icu/icui18n/collationbuilder.o
[1513/4486] CXX obj/third_party/icu/icui18n/dcfmtsym.o
[1514/4486] CXX obj/third_party/icu/icui18n/fpositer.o
[1515/4486] CXX obj/third_party/icu/icui18n/fmtable_cnv.o
[1516/4486] CXX obj/third_party/icu/icui18n/dtitvinf.o
[1517/4486] CXX obj/third_party/icu/icui18n/decNumber.o
[1518/4486] CXX obj/third_party/icu/icui18n/calendar.o
[1519/4486] CXX obj/third_party/icu/icui18n/esctrn.o
[1520/4486] CXX obj/third_party/icu/icui18n/datefmt.o
[1521/4486] CXX obj/third_party/icu/icui18n/ethpccal.o
[1522/4486] CXX obj/third_party/icu/icui18n/erarules.o
[1523/4486] CXX obj/third_party/icu/icui18n/format.o
[1524/4486] CXX obj/third_party/icu/icui18n/formatted_string_builder.o
[1525/4486] CXX obj/third_party/icu/icui18n/gregoimp.o
[1526/4486] CXX obj/third_party/icu/icui18n/inputext.o
[1527/4486] CXX obj/third_party/icu/icui18n/hebrwcal.o
[1528/4486] CXX obj/third_party/icu/icui18n/fphdlimp.o
[1529/4486] CXX obj/third_party/icu/icui18n/iso8601cal.o
[1530/4486] CXX obj/third_party/icu/icui18n/islamcal.o
[1531/4486] CXX obj/third_party/icu/icui18n/formattedval_iterimpl.o
[1532/4486] CXX obj/third_party/icu/icui18n/measunit.o
[1533/4486] CXX obj/third_party/icu/icui18n/formattedvalue.o
[1534/4486] CXX obj/third_party/icu/icui18n/funcrepl.o
[1535/4486] CXX obj/third_party/icu/icui18n/indiancal.o
[1536/4486] CXX obj/third_party/icu/icui18n/measure.o
[1537/4486] CXX obj/third_party/icu/icui18n/dtitvfmt.o
[1538/4486] CXX obj/third_party/icu/icui18n/gregocal.o
[1539/4486] CXX_MODULE obj/build/modules/linux/std/module.pcm
[1540/4486] CXX_MODULE clang_x64_for_rust_host_build_tools/obj/build/modules/linux/std/module.pcm
[1541/4486] CXX obj/third_party/icu/icui18n/gender.o
[1542/4486] CXX obj/third_party/icu/icui18n/dtfmtsym.o
[1543/4486] CXX obj/third_party/icu/icui18n/japancal.o
[1544/4486] CXX obj/third_party/icu/icui18n/listformatter.o
[1545/4486] CXX obj/third_party/icu/icui18n/fmtable.o
[1546/4486] CXX obj/third_party/icu/icui18n/dtptngen.o
[1547/4486] CXX obj/third_party/icu/icui18n/measunit_extra.o
[1548/4486] CXX obj/third_party/icu/icui18n/name2uni.o
[1549/4486] CXX obj/third_party/icu/icui18n/nultrans.o
[1550/4486] CXX_MODULE obj/build/modules/linux/std_complex_h/module.pcm
[1551/4486] CXX obj/third_party/icu/icui18n/nortrans.o
[1552/4486] CXX obj/third_party/icu/icui18n/compactdecimalformat.o
[1553/4486] CXX_MODULE clang_x64_for_rust_host_build_tools/obj/build/modules/linux/std_tgmath_h/module.pcm
[1554/4486] CXX_MODULE obj/build/modules/linux/std_tgmath_h/module.pcm
[1555/4486] CXX obj/third_party/icu/icui18n/messageformat2_errors.o
[1556/4486] CXX_MODULE obj/build/modules/linux/std_stdatomic_h/module.pcm
[1557/4486] CXX_MODULE clang_x64_for_rust_host_build_tools/obj/build/modules/linux/std_complex_h/module.pcm
[1558/4486] CXX_MODULE clang_x64_for_rust_host_build_tools/obj/build/modules/linux/std_stdatomic_h/module.pcm
[1559/4486] ACTION //build:chromeos_buildflags(//build/toolchain/linux:clang_x64)
[1560/4486] CXX obj/third_party/icu/icui18n/nfsubs.o
[1561/4486] CXX obj/third_party/icu/icui18n/formattedval_sbimpl.o
[1562/4486] CXX obj/third_party/icu/icui18n/nfrs.o
[1563/4486] CXX obj/third_party/icu/icui18n/number_affixutils.o
[1564/4486] CXX obj/third_party/icu/icui18n/measfmt.o
[1565/4486] CXX obj/third_party/icu/icui18n/number_currencysymbols.o
[1566/4486] CXX obj/third_party/icu/icui18n/number_capi.o
[1567/4486] CXX obj/third_party/abseil-cpp/absl/base/base/unscaledcycleclock.o
[1568/4486] CC obj/third_party/compiler-rt/atomic/atomic.o
[1569/4486] CXX obj/third_party/icu/icui18n/messageformat2_formattable.o
[1570/4486] CXX obj/third_party/abseil-cpp/absl/base/base/casts.o
[1571/4486] CXX obj/third_party/icu/icui18n/msgfmt.o
[1572/4486] CXX obj/third_party/icu/icui18n/nfrule.o
[1573/4486] ACTION //build/rust/std:find_stdlib(//build/toolchain/linux:clang_x64_for_rust_host_build_tools)
[1574/4486] CXX obj/third_party/icu/icui18n/number_grouping.o
[1575/4486] CXX obj/third_party/icu/icui18n/number_integerwidth.o
[1576/4486] CXX obj/third_party/abseil-cpp/absl/base/base/cycleclock.o
[1577/4486] CXX obj/third_party/abseil-cpp/absl/base/base/thread_identity.o
[1578/4486] CXX obj/third_party/icu/icui18n/decimfmt.o
[1579/4486] CXX obj/third_party/abseil-cpp/absl/base/base/spinlock.o
[1580/4486] CXX obj/third_party/abseil-cpp/absl/base/tracing_internal/tracing.o
[1581/4486] CXX obj/third_party/abseil-cpp/absl/base/raw_logging_internal/raw_logging.o
[1582/4486] CXX obj/third_party/icu/icui18n/number_compact.o
[1583/4486] CXX obj/third_party/abseil-cpp/absl/base/log_severity/log_severity.o
[1584/4486] CXX obj/third_party/abseil-cpp/absl/base/strerror/strerror.o
[1585/4486] CXX obj/third_party/abseil-cpp/absl/base/base/sysinfo.o
[1586/4486] CXX obj/third_party/abseil-cpp/absl/base/spinlock_wait/spinlock_wait.o
[1587/4486] CXX obj/third_party/icu/icui18n/messageformat2_checker.o
[1588/4486] CXX obj/third_party/abseil-cpp/absl/base/malloc_internal/low_level_alloc.o
[1589/4486] CXX obj/third_party/icu/icui18n/number_formatimpl.o
[1590/4486] CXX obj/third_party/icu/icui18n/number_decimfmtprops.o
[1591/4486] CXX obj/third_party/abseil-cpp/absl/base/throw_delegate/throw_delegate.o
[1592/4486] CXX obj/third_party/abseil-cpp/absl/crc/cpu_detect/cpu_detect.o
[1593/4486] CXX obj/third_party/icu/icui18n/number_decimalquantity.o
[1594/4486] CXX obj/third_party/icu/icui18n/number_padding.o
[1595/4486] CXX obj/third_party/icu/icui18n/number_notation.o
[1596/4486] CXX obj/third_party/icu/icui18n/messageformat2_arguments.o
[1597/4486] CXX obj/third_party/icu/icui18n/messageformat2.o
[1598/4486] CXX obj/third_party/icu/icui18n/messageformat2_formatter.o
[1599/4486] CXX obj/third_party/icu/icui18n/number_asformat.o
[1600/4486] CXX obj/third_party/icu/icui18n/number_mapper.o
[1601/4486] CXX obj/third_party/icu/icui18n/number_patternmodifier.o
[1602/4486] CXX obj/third_party/icu/icui18n/number_multiplier.o
[1603/4486] CXX obj/third_party/icu/icui18n/number_modifiers.o
[1604/4486] CXX obj/third_party/icu/icui18n/number_fluent.o
[1605/4486] CXX obj/third_party/abseil-cpp/absl/debugging/utf8_for_code_point/utf8_for_code_point.o
[1606/4486] CXX obj/third_party/abseil-cpp/absl/debugging/leak_check/leak_check.o
[1607/4486] CXX obj/third_party/abseil-cpp/absl/debugging/demangle_rust/demangle_rust.o
[1608/4486] CXX obj/third_party/abseil-cpp/absl/debugging/decode_rust_punycode/decode_rust_punycode.o
[1609/4486] CXX obj/third_party/abseil-cpp/absl/debugging/examine_stack/examine_stack.o
[1610/4486] CXX obj/third_party/abseil-cpp/absl/container/hashtablez_sampler/hashtablez_sampler_force_weak_definition.o
[1611/4486] CXX obj/third_party/abseil-cpp/absl/debugging/debugging_internal/vdso_support.o
[1612/4486] CXX obj/third_party/icu/icui18n/number_longnames.o
[1613/4486] CXX obj/third_party/icu/icui18n/messageformat2_function_registry.o
[1614/4486] CXX obj/third_party/icu/icui18n/messageformat2_serializer.o
[1615/4486] CXX obj/third_party/abseil-cpp/absl/debugging/stacktrace/stacktrace.o
[1616/4486] CXX obj/third_party/abseil-cpp/absl/crc/crc32c/crc_memcpy_fallback.o
[1617/4486] CXX obj/third_party/abseil-cpp/absl/crc/crc32c/crc32c.o
[1618/4486] CXX obj/third_party/icu/icui18n/messageformat2_parser.o
[1619/4486] CXX obj/third_party/abseil-cpp/absl/debugging/debugging_internal/address_is_readable.o
[1620/4486] CXX obj/third_party/abseil-cpp/absl/debugging/debugging_internal/elf_mem_image.o
[1621/4486] CXX obj/third_party/icu/icui18n/number_patternstring.o
[1622/4486] CXX obj/third_party/abseil-cpp/absl/crc/crc_internal/crc_x86_arm_combined.o
[1623/4486] CXX obj/third_party/abseil-cpp/absl/container/hashtablez_sampler/hashtablez_sampler.o
[1624/4486] CXX obj/third_party/abseil-cpp/absl/debugging/failure_signal_handler/failure_signal_handler.o
[1625/4486] CXX obj/third_party/abseil-cpp/absl/crc/crc32c/crc_non_temporal_memcpy.o
[1626/4486] CXX obj/third_party/abseil-cpp/absl/flags/commandlineflag/commandlineflag.o
[1627/4486] CXX obj/third_party/abseil-cpp/absl/crc/crc_cord_state/crc_cord_state.o
[1628/4486] CXX obj/third_party/icu/icui18n/messageformat2_data_model.o
[1629/4486] CXX obj/third_party/abseil-cpp/absl/crc/crc32c/crc_memcpy_x86_arm_combined.o
[1630/4486] CXX obj/third_party/abseil-cpp/absl/crc/crc_internal/crc.o
[1631/4486] CXX obj/third_party/icu/icui18n/number_output.o
[1632/4486] CXX obj/third_party/icu/icui18n/messageformat2_evaluation.o
[1633/4486] CXX obj/third_party/abseil-cpp/absl/log/internal/nullguard/nullguard.o
[1634/4486] CXX obj/third_party/abseil-cpp/absl/flags/commandlineflag_internal/commandlineflag.o
[1635/4486] CXX obj/third_party/abseil-cpp/absl/log/internal/fnmatch/fnmatch.o
[1636/4486] CXX obj/third_party/abseil-cpp/absl/flags/private_handle_accessor/private_handle_accessor.o
[1637/4486] CXX obj/third_party/abseil-cpp/absl/log/internal/conditions/conditions.o
[1638/4486] CXX obj/third_party/abseil-cpp/absl/log/log_sink/log_sink.o
[1639/4486] CXX obj/third_party/abseil-cpp/absl/log/internal/proto/proto.o
[1640/4486] CXX obj/third_party/abseil-cpp/absl/hash/city/city.o
[1641/4486] CXX obj/third_party/abseil-cpp/absl/log/initialize/initialize.o
[1642/4486] CXX obj/third_party/abseil-cpp/absl/debugging/demangle_internal/demangle.o
[1643/4486] CXX obj/third_party/abseil-cpp/absl/flags/program_name/program_name.o
[1644/4486] CXX obj/third_party/abseil-cpp/absl/flags/usage/usage.o
[1645/4486] CXX obj/third_party/abseil-cpp/absl/random/internal/randen_hwaes/randen_detect.o
[1646/4486] CXX obj/third_party/abseil-cpp/absl/profiling/exponential_biased/exponential_biased.o
[1647/4486] CXX obj/third_party/abseil-cpp/absl/debugging/symbolize/symbolize.o
[1648/4486] CXX obj/third_party/abseil-cpp/absl/log/globals/globals.o
[1649/4486] CXX obj/third_party/abseil-cpp/absl/log/internal/structured_proto/structured_proto.o
[1650/4486] CXX obj/third_party/abseil-cpp/absl/hash/hash/hash.o
[1651/4486] CXX obj/third_party/abseil-cpp/absl/container/raw_hash_set/raw_hash_set.o
[1652/4486] CXX obj/third_party/abseil-cpp/absl/random/internal/randen/randen.o
[1653/4486] CXX obj/third_party/abseil-cpp/absl/log/die_if_null/die_if_null.o
[1654/4486] CXX obj/third_party/abseil-cpp/absl/log/internal/log_sink_set/log_sink_set.o
[1655/4486] CXX obj/third_party/abseil-cpp/absl/random/internal/platform/randen_round_keys.o
[1656/4486] CXX obj/third_party/abseil-cpp/absl/random/internal/randen_hwaes_impl/randen_hwaes.o
[1657/4486] CXX obj/third_party/abseil-cpp/absl/random/seed_gen_exception/seed_gen_exception.o
[1658/4486] CXX obj/third_party/abseil-cpp/absl/strings/cordz_functions/cordz_functions.o
[1659/4486] CXX obj/third_party/abseil-cpp/absl/strings/internal/utf8.o
[1660/4486] CXX obj/third_party/abseil-cpp/absl/flags/flag_internal/flag.o
[1661/4486] CXX obj/third_party/abseil-cpp/absl/log/internal/globals/globals.o
[1662/4486] CXX obj/third_party/abseil-cpp/absl/random/internal/randen_slow/randen_slow.o
[1663/4486] CXX obj/third_party/abseil-cpp/absl/numeric/int128/int128.o
[1664/4486] CXX obj/third_party/abseil-cpp/absl/random/distributions/gaussian_distribution.o
[1665/4486] CXX obj/third_party/abseil-cpp/absl/strings/internal/escaping.o
[1666/4486] CXX obj/third_party/abseil-cpp/absl/random/seed_sequences/seed_sequences.o
[1667/4486] CXX obj/third_party/abseil-cpp/absl/random/internal/entropy_pool/entropy_pool.o
[1668/4486] CXX obj/third_party/abseil-cpp/absl/strings/cord_internal/cord_rep_btree_reader.o
[1669/4486] CXX obj/third_party/abseil-cpp/absl/log/internal/check_op/check_op.o
[1670/4486] CXX obj/third_party/abseil-cpp/absl/flags/config/usage_config.o
[1671/4486] CXX obj/third_party/abseil-cpp/absl/strings/cord_internal/cord_rep_btree_navigator.o
[1672/4486] CXX obj/third_party/abseil-cpp/absl/log/log_entry/log_entry.o
[1673/4486] CXX obj/third_party/abseil-cpp/absl/random/distributions/discrete_distribution.o
[1674/4486] CXX obj/third_party/abseil-cpp/absl/random/internal/seed_material/seed_material.o
[1675/4486] CXX obj/third_party/abseil-cpp/absl/strings/cord_internal/cord_rep_consume.o
[1676/4486] CXX obj/third_party/abseil-cpp/absl/log/internal/format/log_format.o
[1677/4486] CXX obj/third_party/abseil-cpp/absl/log/internal/log_message/log_message.o
[1678/4486] CXX obj/third_party/abseil-cpp/absl/strings/cordz_handle/cordz_handle.o
[1679/4486] CXX obj/third_party/abseil-cpp/absl/strings/internal/ostringstream.o
[1680/4486] CXX obj/third_party/abseil-cpp/absl/strings/str_format_internal/bind.o
[1681/4486] CXX obj/third_party/abseil-cpp/absl/strings/str_format_internal/extension.o
[1682/4486] CXX obj/third_party/abseil-cpp/absl/strings/str_format_internal/output.o
[1683/4486] CXX obj/third_party/abseil-cpp/absl/strings/strings/ascii.o
[1684/4486] CXX obj/third_party/abseil-cpp/absl/flags/marshalling/marshalling.o
[1685/4486] CXX obj/third_party/abseil-cpp/absl/flags/usage_internal/usage.o
[1686/4486] CXX obj/third_party/abseil-cpp/absl/log/internal/vlog_config/vlog_config.o
[1687/4486] CXX obj/third_party/abseil-cpp/absl/status/status/status.o
[1688/4486] CXX obj/third_party/abseil-cpp/absl/strings/cord_internal/cord_rep_btree.o
[1689/4486] CXX obj/third_party/abseil-cpp/absl/strings/cord_internal/cord_rep_crc.o
[1690/4486] CXX obj/third_party/abseil-cpp/absl/strings/strings/stringify_sink.o
[1691/4486] CXX obj/third_party/abseil-cpp/absl/status/status/status_internal.o
[1692/4486] CXX obj/third_party/abseil-cpp/absl/status/status/status_payload_printer.o
[1693/4486] CXX obj/third_party/abseil-cpp/absl/strings/cord/cord_analysis.o
[1694/4486] CXX obj/third_party/abseil-cpp/absl/strings/cord_internal/cord_internal.o
[1695/4486] CXX obj/third_party/abseil-cpp/absl/strings/cordz_info/cordz_info.o
[1696/4486] CXX obj/third_party/abseil-cpp/absl/strings/str_format_internal/arg.o
[1697/4486] CXX obj/third_party/abseil-cpp/absl/strings/str_format_internal/parser.o
[1698/4486] CXX obj/third_party/abseil-cpp/absl/strings/strings/damerau_levenshtein_distance.o
[1699/4486] CXX obj/third_party/abseil-cpp/absl/flags/parse/parse.o
[1700/4486] CXX obj/third_party/abseil-cpp/absl/flags/reflection/reflection.o
[1701/4486] CXX obj/third_party/abseil-cpp/absl/status/statusor/statusor.o
[1702/4486] CXX obj/third_party/abseil-cpp/absl/strings/strings/escaping.o
[1703/4486] CXX obj/third_party/abseil-cpp/absl/strings/strings/memutil.o
[1704/4486] CXX obj/third_party/abseil-cpp/absl/strings/strings/charconv_parse.o
[1705/4486] CXX obj/third_party/abseil-cpp/absl/strings/strings/match.o
[1706/4486] COPY clang_x64_for_rust_host_build_tools/obj/build/rust/std/libstd.rlib clang_x64_for_rust_host_build_tools/prebuilt_rustc_sysroot/lib/rustlib/x86_64-unknown-linux-gnu/lib/libstd.rlib
[1707/4486] COPY clang_x64_for_rust_host_build_tools/obj/build/rust/std/liballoc.rlib clang_x64_for_rust_host_build_tools/prebuilt_rustc_sysroot/lib/rustlib/x86_64-unknown-linux-gnu/lib/liballoc.rlib
[1708/4486] COPY clang_x64_for_rust_host_build_tools/obj/build/rust/std/libcfg_if.rlib clang_x64_for_rust_host_build_tools/prebuilt_rustc_sysroot/lib/rustlib/x86_64-unknown-linux-gnu/lib/libcfg_if.rlib
[1709/4486] COPY clang_x64_for_rust_host_build_tools/obj/build/rust/std/libcompiler_builtins.rlib clang_x64_for_rust_host_build_tools/prebuilt_rustc_sysroot/lib/rustlib/x86_64-unknown-linux-gnu/lib/libcompiler_builtins.rlib
[1710/4486] COPY clang_x64_for_rust_host_build_tools/obj/build/rust/std/libcore.rlib clang_x64_for_rust_host_build_tools/prebuilt_rustc_sysroot/lib/rustlib/x86_64-unknown-linux-gnu/lib/libcore.rlib
[1711/4486] COPY clang_x64_for_rust_host_build_tools/obj/build/rust/std/libgetopts.rlib clang_x64_for_rust_host_build_tools/prebuilt_rustc_sysroot/lib/rustlib/x86_64-unknown-linux-gnu/lib/libgetopts.rlib
[1712/4486] COPY clang_x64_for_rust_host_build_tools/obj/build/rust/std/libhashbrown.rlib clang_x64_for_rust_host_build_tools/prebuilt_rustc_sysroot/lib/rustlib/x86_64-unknown-linux-gnu/lib/libhashbrown.rlib
[1713/4486] COPY clang_x64_for_rust_host_build_tools/obj/build/rust/std/libpanic_abort.rlib clang_x64_for_rust_host_build_tools/prebuilt_rustc_sysroot/lib/rustlib/x86_64-unknown-linux-gnu/lib/libpanic_abort.rlib
[1714/4486] COPY clang_x64_for_rust_host_build_tools/obj/build/rust/std/librustc_demangle.rlib clang_x64_for_rust_host_build_tools/prebuilt_rustc_sysroot/lib/rustlib/x86_64-unknown-linux-gnu/lib/librustc_demangle.rlib
[1715/4486] COPY clang_x64_for_rust_host_build_tools/obj/build/rust/std/libstd_detect.rlib clang_x64_for_rust_host_build_tools/prebuilt_rustc_sysroot/lib/rustlib/x86_64-unknown-linux-gnu/lib/libstd_detect.rlib
[1716/4486] COPY clang_x64_for_rust_host_build_tools/obj/build/rust/std/libtest.rlib clang_x64_for_rust_host_build_tools/prebuilt_rustc_sysroot/lib/rustlib/x86_64-unknown-linux-gnu/lib/libtest.rlib
[1717/4486] COPY clang_x64_for_rust_host_build_tools/obj/build/rust/std/libunwind.rlib clang_x64_for_rust_host_build_tools/prebuilt_rustc_sysroot/lib/rustlib/x86_64-unknown-linux-gnu/lib/libunwind.rlib
[1718/4486] COPY clang_x64_for_rust_host_build_tools/obj/build/rust/std/libaddr2line.rlib clang_x64_for_rust_host_build_tools/prebuilt_rustc_sysroot/lib/rustlib/x86_64-unknown-linux-gnu/lib/libaddr2line.rlib
[1719/4486] COPY clang_x64_for_rust_host_build_tools/obj/build/rust/std/libgimli.rlib clang_x64_for_rust_host_build_tools/prebuilt_rustc_sysroot/lib/rustlib/x86_64-unknown-linux-gnu/lib/libgimli.rlib
[1720/4486] CXX obj/third_party/abseil-cpp/absl/strings/strings/charconv.o
[1721/4486] COPY clang_x64_for_rust_host_build_tools/obj/build/rust/std/liblibc.rlib clang_x64_for_rust_host_build_tools/prebuilt_rustc_sysroot/lib/rustlib/x86_64-unknown-linux-gnu/lib/liblibc.rlib
[1722/4486] COPY clang_x64_for_rust_host_build_tools/obj/build/rust/std/libminiz_oxide.rlib clang_x64_for_rust_host_build_tools/prebuilt_rustc_sysroot/lib/rustlib/x86_64-unknown-linux-gnu/lib/libminiz_oxide.rlib
[1723/4486] COPY clang_x64_for_rust_host_build_tools/obj/build/rust/std/libmemchr.rlib clang_x64_for_rust_host_build_tools/prebuilt_rustc_sysroot/lib/rustlib/x86_64-unknown-linux-gnu/lib/libmemchr.rlib
[1724/4486] COPY clang_x64_for_rust_host_build_tools/obj/build/rust/std/libobject.rlib clang_x64_for_rust_host_build_tools/prebuilt_rustc_sysroot/lib/rustlib/x86_64-unknown-linux-gnu/lib/libobject.rlib
[1725/4486] COPY clang_x64_for_rust_host_build_tools/obj/build/rust/std/libadler2.rlib clang_x64_for_rust_host_build_tools/prebuilt_rustc_sysroot/lib/rustlib/x86_64-unknown-linux-gnu/lib/libadler2.rlib
[1726/4486] COPY clang_x64_for_rust_host_build_tools/obj/build/rust/std/libprofiler_builtins.rlib clang_x64_for_rust_host_build_tools/prebuilt_rustc_sysroot/lib/rustlib/x86_64-unknown-linux-gnu/lib/libprofiler_builtins.rlib
[1727/4486] COPY clang_x64_for_rust_host_build_tools/obj/build/rust/std/libproc_macro.rlib clang_x64_for_rust_host_build_tools/prebuilt_rustc_sysroot/lib/rustlib/x86_64-unknown-linux-gnu/lib/libproc_macro.rlib
[1728/4486] COPY clang_x64_for_rust_host_build_tools/obj/build/rust/std/librustc_std_workspace_alloc.rlib clang_x64_for_rust_host_build_tools/prebuilt_rustc_sysroot/lib/rustlib/x86_64-unknown-linux-gnu/lib/librustc_std_workspace_alloc.rlib
[1729/4486] COPY clang_x64_for_rust_host_build_tools/obj/build/rust/std/librustc_std_workspace_core.rlib clang_x64_for_rust_host_build_tools/prebuilt_rustc_sysroot/lib/rustlib/x86_64-unknown-linux-gnu/lib/librustc_std_workspace_core.rlib
[1730/4486] COPY clang_x64_for_rust_host_build_tools/obj/build/rust/std/librustc_std_workspace_std.rlib clang_x64_for_rust_host_build_tools/prebuilt_rustc_sysroot/lib/rustlib/x86_64-unknown-linux-gnu/lib/librustc_std_workspace_std.rlib
[1731/4486] SOLINK ./libatomic.so
[1732/4486] CXX obj/third_party/abseil-cpp/absl/synchronization/kernel_timeout_internal/kernel_timeout.o
[1733/4486] CXX obj/third_party/abseil-cpp/absl/strings/strings/charconv_bigint.o
[1734/4486] CXX obj/third_party/abseil-cpp/absl/strings/strings/str_split.o
[1735/4486] CXX obj/third_party/abseil-cpp/absl/strings/str_format_internal/float_conversion.o
[1736/4486] CXX obj/third_party/abseil-cpp/absl/strings/strings/str_replace.o
[1737/4486] CXX obj/third_party/abseil-cpp/absl/synchronization/synchronization/barrier.o
[1738/4486] CXX obj/third_party/abseil-cpp/absl/time/internal/cctz/civil_time/civil_time_detail.o
[1739/4486] CXX obj/third_party/abseil-cpp/absl/synchronization/synchronization/win32_waiter.o
[1740/4486] CXX obj/third_party/abseil-cpp/absl/strings/cord/cord.o
[1741/4486] CXX obj/third_party/abseil-cpp/absl/synchronization/synchronization/blocking_counter.o
[1742/4486] CXX obj/third_party/abseil-cpp/absl/strings/strings/numbers.o
[1743/4486] CXX obj/third_party/abseil-cpp/absl/strings/strings/substitute.o
[1744/4486] CXX obj/third_party/abseil-cpp/absl/strings/strings/str_cat.o
[1745/4486] CXX obj/third_party/abseil-cpp/absl/time/time/format.o
[1746/4486] CXX obj/third_party/abseil-cpp/absl/synchronization/synchronization/notification.o
[1747/4486] CXX obj/third_party/protobuf/protobuf_full/arenaz_sampler.o
[1748/4486] CXX obj/third_party/abseil-cpp/absl/synchronization/synchronization/per_thread_sem.o
[1749/4486] CXX obj/third_party/abseil-cpp/absl/synchronization/synchronization/create_thread_identity.o
[1750/4486] CXX obj/third_party/abseil-cpp/absl/time/internal/cctz/time_zone/time_zone_fixed.o
[1751/4486] CXX obj/third_party/abseil-cpp/absl/time/internal/cctz/time_zone/time_zone_format.o
[1752/4486] CXX obj/third_party/abseil-cpp/absl/synchronization/synchronization/futex_waiter.o
[1753/4486] CXX obj/third_party/abseil-cpp/absl/time/time/civil_time.o
[1754/4486] CXX obj/third_party/abseil-cpp/absl/time/internal/cctz/time_zone/time_zone_libc.o
[1755/4486] CXX obj/third_party/abseil-cpp/absl/synchronization/synchronization/waiter_base.o
[1756/4486] CXX obj/third_party/abseil-cpp/absl/time/internal/cctz/time_zone/time_zone_posix.o
[1757/4486] CXX obj/third_party/abseil-cpp/absl/synchronization/graphcycles_internal/graphcycles.o
[1758/4486] CXX obj/third_party/abseil-cpp/absl/time/internal/cctz/time_zone/zone_info_source.o
[1759/4486] CXX obj/third_party/abseil-cpp/absl/synchronization/synchronization/pthread_waiter.o
[1760/4486] CXX obj/third_party/abseil-cpp/absl/synchronization/synchronization/stdcpp_waiter.o
[1761/4486] CXX obj/third_party/abseil-cpp/absl/time/clock_interface/clock_interface.o
[1762/4486] CXX obj/third_party/abseil-cpp/absl/time/time/duration.o
[1763/4486] CXX obj/third_party/abseil-cpp/absl/time/time/time.o
[1764/4486] CXX obj/third_party/abseil-cpp/absl/time/time/clock.o
[1765/4486] CXX obj/third_party/abseil-cpp/absl/synchronization/synchronization/sem_waiter.o
[1766/4486] CXX obj/third_party/protobuf/protobuf_full/io_win32.o
[1767/4486] CXX obj/third_party/abseil-cpp/absl/synchronization/synchronization/mutex.o
[1768/4486] CXX obj/third_party/protobuf/protobuf_full/zero_copy_stream_impl_lite.o
[1769/4486] CXX obj/third_party/protobuf/protobuf_full/arena.o
[1770/4486] CXX obj/third_party/protobuf/protobuf_full/raw_ptr.o
[1771/4486] CXX obj/third_party/abseil-cpp/absl/time/internal/cctz/time_zone/time_zone_if.o
[1772/4486] CXX obj/third_party/abseil-cpp/absl/time/internal/cctz/time_zone/time_zone_lookup.o
[1773/4486] CXX obj/third_party/protobuf/protobuf_full/coded_stream.o
[1774/4486] CXX obj/third_party/abseil-cpp/absl/time/internal/cctz/time_zone/time_zone_impl.o
[1775/4486] CXX obj/third_party/abseil-cpp/absl/time/internal/cctz/time_zone/time_zone_info.o
[1776/4486] CXX obj/third_party/protobuf/protobuf_full/any_lite.o
[1777/4486] CXX obj/third_party/protobuf/protobuf_full/implicit_weak_message.o
[1778/4486] CXX obj/third_party/protobuf/protobuf_full/arenastring.o
[1779/4486] CXX obj/third_party/protobuf/protobuf_full/strtod.o
[1780/4486] CXX obj/third_party/protobuf/protobuf_full/zero_copy_stream.o
[1781/4486] CXX obj/third_party/protobuf/protobuf_full/zero_copy_sink.o
[1782/4486] CXX obj/third_party/protobuf/protobuf_full/generated_enum_util.o
[1783/4486] CXX obj/third_party/protobuf/protobuf_full/tokenizer.o
[1784/4486] CXX obj/third_party/protobuf/protobuf_full/generated_message_util.o
[1785/4486] CXX obj/third_party/protobuf/protobuf_full/reflection_mode.o
[1786/4486] SOLINK ./libthird_party_abseil-cpp_absl.so
[1787/4486] CXX obj/third_party/protobuf/protobuf_full/micro_string.o
[1788/4486] CXX obj/third_party/protobuf/protobuf_full/service.o
[1789/4486] CC obj/third_party/protobuf/utf8_range/utf8_range.o
[1790/4486] CXX obj/third_party/protobuf/protobuf_full/port.o
[1791/4486] CXX obj/third_party/protobuf/protobuf_full/zero_copy_stream_impl.o
[1792/4486] CXX obj/third_party/protobuf/protobuf_full/repeated_ptr_field.o
[1793/4486] CXX obj/third_party/protobuf/protobuf_full/common.o
[1794/4486] CXX obj/third_party/protobuf/protobuf_full/repeated_field.o
[1795/4486] CXX obj/third_party/protobuf/protobuf_full/inlined_string_field.o
[1796/4486] CXX obj/third_party/protobuf/protobuf_full/wire_format_lite.o
[1797/4486] CXX obj/third_party/protobuf/protobuf_full/map.o
[1798/4486] CXX obj/third_party/protobuf/protobuf_full/extension_set.o
[1799/4486] RUST(BIN) clang_x64_for_rust_host_build_tools/compiler_builtins_compiler_builtins_vunknown_build_script clang_x64_for_rust_host_build_tools/obj/build/rust/std/rules/compiler_builtins_compiler_builtins_vunknown_build_script.rustflags.json clang_x64_for_rust_host_build_tools/obj/build/rust/std/rules/compiler_builtins_compiler_builtins_vunknown_build_script.rsp.rust
[1800/4486] CXX obj/third_party/protobuf/protobuf_full/parse_context.o
[1801/4486] CXX obj/third_party/protobuf/protobuf_full/message_lite.o
[1802/4486] CXX obj/third_party/protobuf/protobuf_full/delimited_message_util.o
[1803/4486] CXX obj/third_party/protobuf/protobuf_full/printer.o
[1804/4486] ACTION //build/rust/std/rules:compiler_builtins_compiler_builtins_vunknown_build_script_output(//build/toolchain/linux:clang_x64)
[1805/4486] CXX obj/third_party/protobuf/protobuf_full/any.o
[1806/4486] CXX obj/third_party/protobuf/protobuf_full/any.pb.o
[1807/4486] CXX obj/third_party/protobuf/protobuf_full/generated_message_bases.o
[1808/4486] CXX obj/third_party/protobuf/protobuf_full/generated_message_tctable_full.o
[1809/4486] CXX obj/third_party/protobuf/protobuf_full/cpp_features.pb.o
[1810/4486] CXX obj/third_party/protobuf/protobuf_full/extension_set_heavy.o
[1811/4486] CXX obj/third_party/protobuf/protobuf_full/generated_message_tctable_lite.o
[1812/4486] CXX obj/third_party/protobuf/protobuf_full/map_field.o
[1813/4486] CXX obj/third_party/protobuf/protobuf_full/unknown_field_set.o
[1814/4486] CXX obj/third_party/protobuf/protobuf_full/internal_feature_helper.o
[1815/4486] CXX obj/third_party/protobuf/protobuf_full/reflection_ops.o
[1816/4486] CXX obj/third_party/protobuf/protobuf_full/field_comparator.o
[1817/4486] CXX obj/third_party/protobuf/protobuf_full/generated_message_tctable_gen.o
[1818/4486] CXX obj/third_party/protobuf/protobuf_full/dynamic_message.o
[1819/4486] CXX obj/third_party/protobuf/protobuf_full/feature_resolver.o
[1820/4486] CXX obj/third_party/protobuf/protoc_cpp/ifndef_guard.o
[1821/4486] CXX obj/third_party/protobuf/protobuf_full/importer.o
[1822/4486] CXX obj/third_party/protobuf/protoc_cpp/namespace_printer.o
[1823/4486] CXX obj/third_party/protobuf/protobuf_full/wire_format.o
[1824/4486] CXX obj/third_party/protobuf/protobuf_full/parser.o
[1825/4486] CXX obj/third_party/protobuf/protobuf_full/message.o
[1826/4486] CXX obj/third_party/protobuf/protoc_cpp/field_chunk.o
[1827/4486] CXX obj/third_party/protobuf/protobuf_full/descriptor.pb.o
[1828/4486] CXX obj/third_party/protobuf/protoc_cpp/field.o
[1829/4486] CXX obj/third_party/protobuf/protobuf_full/descriptor_database.o
[1830/4486] CXX obj/third_party/protobuf/protoc_cpp/primitive_field.o
[1831/4486] CXX obj/third_party/protobuf/protoc_cpp/enum_field.o
[1832/4486] CXX obj/third_party/protobuf/protoc_cpp/map_field.o
[1833/4486] CXX obj/third_party/protobuf/protoc_cpp/message_field.o
[1834/4486] CXX obj/third_party/protobuf/protoc_cpp/cord_field.o
[1835/4486] CXX obj/third_party/protobuf/protobuf_full/text_format.o
[1836/4486] CXX obj/third_party/protobuf/protoc_cpp/string_view_field.o
[1837/4486] CXX obj/third_party/protobuf/protoc_cpp/extension.o
[1838/4486] CXX obj/third_party/protobuf/protoc_cpp/string_field.o
[1839/4486] CXX obj/third_party/protobuf/protoc_cpp/service.o
[1840/4486] CXX obj/third_party/protobuf/protoc_cpp/enum.o
[1841/4486] CXX obj/third_party/protobuf/protobuf_full/message_differencer.o
[1842/4486] CXX obj/third_party/protobuf/protoc_java/doc_comment.o
[1843/4486] CXX obj/third_party/protobuf/protoc_java/generator.o
[1844/4486] CXX obj/third_party/protobuf/protoc_cpp/message_layout_helper.o
[1845/4486] CXX obj/third_party/protobuf/protoc_java/message_serialization.o
[1846/4486] CXX obj/third_party/protobuf/protoc_cpp/tracker.o
[1847/4486] CXX obj/third_party/protobuf/protoc_cpp/generator.o
[1848/4486] CXX obj/third_party/protobuf/protoc_java/java_features.pb.o
[1849/4486] CXX obj/third_party/protobuf/protobuf_full/generated_message_reflection.o
[1850/4486] CXX obj/third_party/protobuf/protoc_java/context.o
[1851/4486] CXX obj/third_party/protobuf/protoc_java/internal_helpers.o
[1852/4486] CXX obj/third_party/protobuf/protoc_java/field_common.o
[1853/4486] CXX obj/third_party/protobuf/protoc_java/names.o
[1854/4486] CXX obj/third_party/protobuf/protoc_java/name_resolver.o
[1855/4486] CXX obj/third_party/protobuf/protoc_java/file.o
[1856/4486] CXX obj/third_party/protobuf/protoc_java/shared_code_generator.o
[1857/4486] CXX obj/third_party/protobuf/protoc_java_full/generator_factory.o
[1858/4486] CXX obj/third_party/protobuf/protoc_java/helpers.o
[1859/4486] CXX obj/third_party/protobuf/protoc_cpp/parse_function_generator.o
[1860/4486] CXX obj/third_party/protobuf-javascript/protoc-gen-js/well_known_types_embed.o
[1861/4486] CXX clang_x64_for_rust_host_build_tools/obj/build/rust/allocator/alloc_error_handler_impl/alias.o
[1862/4486] CXX clang_x64_for_rust_host_build_tools/obj/build/rust/allocator/alloc_error_handler_impl/alloc_error_handler_impl.o
[1863/4486] CXX obj/third_party/protobuf/protoc_java_full/extension.o
[1864/4486] CXX obj/third_party/protobuf/protoc_lib/zip_writer.o
[1865/4486] CXX obj/third_party/protobuf/protoc_java_full/enum.o
[1866/4486] CXX obj/third_party/perfetto/src/base/base/ctrl_c_handler.o
[1867/4486] CXX obj/third_party/perfetto/src/base/base/base64.o
[1868/4486] CXX obj/third_party/perfetto/src/base/base/event_fd.o
[1869/4486] CXX obj/third_party/perfetto/src/base/base/android_utils.o
[1870/4486] CXX obj/third_party/protobuf/protoc_java_full/enum_field.o
[1871/4486] CXX obj/third_party/perfetto/src/base/base/crash_keys.o
[1872/4486] CXX obj/third_party/protobuf/protoc_java_full/make_field_gens.o
[1873/4486] CXX obj/third_party/perfetto/src/base/base/fixed_string_writer.o
[1874/4486] CXX obj/third_party/perfetto/src/base/base/intrusive_tree.o
[1875/4486] CXX obj/third_party/perfetto/src/base/base/intrusive_list.o
[1876/4486] CXX obj/third_party/perfetto/src/base/base/getopt_compat.o
[1877/4486] CXX obj/third_party/perfetto/src/base/base/pipe.o
[1878/4486] CXX obj/third_party/perfetto/src/base/base/paged_memory.o
[1879/4486] CXX obj/third_party/perfetto/src/base/base/logging.o
[1880/4486] CXX obj/third_party/perfetto/src/base/base/metatrace.o
[1881/4486] CXX obj/third_party/perfetto/src/base/base/rt_mutex.o
[1882/4486] CXX obj/third_party/protobuf/protoc_java_full/service.o
[1883/4486] CXX obj/third_party/perfetto/src/base/base/file_utils.o
[1884/4486] CXX obj/third_party/perfetto/src/base/base/scoped_mmap.o
[1885/4486] CXX obj/third_party/perfetto/src/base/base/string_splitter.o
[1886/4486] CXX obj/third_party/protobuf/protoc_java_lite/extension.o
[1887/4486] CXX obj/third_party/perfetto/src/base/base/string_view.o
[1888/4486] CXX obj/third_party/perfetto/src/base/base/periodic_task.o
[1889/4486] CXX obj/third_party/perfetto/src/base/base/status.o
[1890/4486] CXX obj/third_party/perfetto/src/base/base/thread_checker.o
[1891/4486] CXX obj/third_party/perfetto/src/base/base/scoped_sched_boost.o
[1892/4486] CXX obj/third_party/protobuf/protoc_java_lite/generator_factory.o
[1893/4486] CXX obj/third_party/protobuf/protoc_lib/subprocess.o
[1894/4486] CXX obj/third_party/protobuf/protoc_lib/code_generator.o
[1895/4486] CXX obj/third_party/perfetto/src/base/base/string_view_splitter.o
[1896/4486] CXX obj/third_party/perfetto/src/base/base/thread_utils.o
[1897/4486] CXX obj/third_party/perfetto/src/base/base/virtual_destructors.o
[1898/4486] CXX obj/third_party/protobuf/protoc_cpp/helpers.o
[1899/4486] CXX obj/third_party/perfetto/src/base/base/string_utils.o
[1900/4486] CXX obj/third_party/perfetto/src/base/base/watchdog_posix.o
[1901/4486] CXX obj/third_party/protobuf/protoc_lib/plugin.o
[1902/4486] CXX obj/third_party/perfetto/src/base/base/waitable_event.o
[1903/4486] CXX obj/third_party/protobuf/protoc_lib/plugin.pb.o
[1904/4486] CXX obj/third_party/perfetto/src/base/perfetto_base_default_platform/default_platform.o
[1905/4486] CXX obj/third_party/protobuf/protoc_java_full/map_field.o
[1906/4486] AR clang_x64_for_rust_host_build_tools/obj/build/rust/allocator/liballoc_error_handler_impl.a
[1907/4486] CXX obj/third_party/perfetto/src/base/base/utils.o
[1908/4486] CXX obj/third_party/protobuf/protoc_java_full/message_builder.o
[1909/4486] CXX obj/third_party/perfetto/src/base/base/weak_runner.o
[1910/4486] CXX obj/third_party/perfetto/src/base/base/uuid.o
[1911/4486] CXX obj/third_party/perfetto/src/base/base/temp_file.o
[1912/4486] ACTION //base/allocator/partition_allocator/src/partition_alloc:buildflags(//build/toolchain/linux:clang_x64)
[1913/4486] CXX obj/third_party/perfetto/src/base/base/time.o
[1914/4486] CXX obj/third_party/protobuf/protoc_lib/code_generator_lite.o
[1915/4486] CXX obj/third_party/protobuf/protoc_java_full/string_field.o
[1916/4486] CXX obj/third_party/protobuf/protoc_java_lite/make_field_gens.o
[1917/4486] CXX obj/third_party/perfetto/src/base/base/subprocess_windows.o
[1918/4486] CXX obj/third_party/protobuf/protoc_cpp/file.o
[1919/4486] CXX obj/third_party/perfetto/src/base/base/subprocess.o
[1920/4486] CXX obj/third_party/protobuf/protoc_java_full/message_field.o
[1921/4486] CXX obj/base/allocator/partition_allocator/src/partition_alloc/allocator_base/alias.o
[1922/4486] CXX obj/third_party/perfetto/src/base/base/subprocess_posix.o
[1923/4486] CXX obj/third_party/protobuf/protoc_java_lite/enum_field.o
[1924/4486] CXX obj/third_party/perfetto/src/protozero/protozero/field.o
[1925/4486] ACTION //build/rust/allocator:alloc_error_handler_impl_ffi_generator(//build/toolchain/linux:clang_x64_for_rust_host_build_tools)
[1926/4486] CXX obj/base/allocator/partition_allocator/src/partition_alloc/allocator_base/cpu.o
[1927/4486] CXX obj/base/allocator/partition_allocator/src/partition_alloc/allocator_base/logging.o
[1928/4486] CXX obj/base/allocator/partition_allocator/src/partition_alloc/allocator_base/check.o
[1929/4486] CXX obj/base/allocator/partition_allocator/src/partition_alloc/allocator_base/rand_util.o
[1930/4486] CXX obj/base/allocator/partition_allocator/src/partition_alloc/allocator_base/ref_counted.o
[1931/4486] CXX obj/base/allocator/partition_allocator/src/partition_alloc/allocator_base/log_message.o
[1932/4486] CXX obj/third_party/protobuf/protoc_java_lite/enum.o
[1933/4486] CXX obj/base/allocator/partition_allocator/src/partition_alloc/allocator_base/string_util.o
[1934/4486] CXX obj/base/allocator/partition_allocator/src/partition_alloc/allocator_base/stack_trace.o
[1935/4486] CXX obj/base/allocator/partition_allocator/src/partition_alloc/allocator_base/page_size_posix.o
[1936/4486] CXX obj/base/allocator/partition_allocator/src/partition_alloc/allocator_base/file_util_posix.o
[1937/4486] CXX obj/third_party/protobuf/protoc_lib/versions.o
[1938/4486] CXX obj/base/allocator/partition_allocator/src/partition_alloc/allocator_base/process_handle_posix.o
[1939/4486] CXX obj/third_party/protobuf/protoc_java_full/primitive_field.o
[1940/4486] CXX obj/third_party/protobuf/protoc_java_full/message.o
[1941/4486] CXX obj/base/allocator/partition_allocator/src/partition_alloc/allocator_base/stringprintf.o
[1942/4486] CXX obj/base/allocator/partition_allocator/src/partition_alloc/allocator_base/rand_util_posix.o
[1943/4486] CXX obj/third_party/perfetto/src/protozero/protozero/gen_field_helpers.o
[1944/4486] CXX obj/base/allocator/partition_allocator/src/partition_alloc/allocator_core/allocation_guard.o
[1945/4486] CXX obj/base/allocator/partition_allocator/src/partition_alloc/allocator_core/address_space_randomization.o
[1946/4486] CXX obj/base/allocator/partition_allocator/src/partition_alloc/allocator_core/allocator_config.o
[1947/4486] CXX obj/base/allocator/partition_allocator/src/partition_alloc/allocator_base/stack_trace_posix.o
[1948/4486] CXX obj/base/allocator/partition_allocator/src/partition_alloc/allocator_base/platform_thread.o
[1949/4486] CXX obj/base/allocator/partition_allocator/src/partition_alloc/allocator_base/time_override.o
[1950/4486] CXX obj/base/allocator/partition_allocator/src/partition_alloc/allocator_base/stack_trace_linux.o
[1951/4486] CXX obj/base/allocator/partition_allocator/src/partition_alloc/allocator_base/cstring_builder.o
[1952/4486] CXX obj/base/allocator/partition_allocator/src/partition_alloc/allocator_base/safe_strerror.o
[1953/4486] CXX obj/third_party/perfetto/src/base/base/unix_task_runner.o
[1954/4486] CXX obj/base/allocator/partition_allocator/src/partition_alloc/allocator_base/safe_sprintf.o
[1955/4486] CXX obj/base/allocator/partition_allocator/src/partition_alloc/allocator_core/dangling_raw_ptr_checks.o
[1956/4486] RUST clang_x64_for_rust_host_build_tools/obj/build/rust/allocator/liballoc_error_handler_impl_ffi.rlib clang_x64_for_rust_host_build_tools/obj/build/rust/allocator/liballoc_error_handler_impl_ffi.rmeta clang_x64_for_rust_host_build_tools/obj/build/rust/allocator/alloc_error_handler_impl_ffi.rustflags.json clang_x64_for_rust_host_build_tools/obj/build/rust/allocator/alloc_error_handler_impl_ffi.rsp.rust
[1957/4486] CXX obj/third_party/perfetto/src/base/base/thread_task_runner.o
[1958/4486] CXX obj/base/allocator/partition_allocator/src/partition_alloc/allocator_core/oom.o
[1959/4486] CXX obj/third_party/perfetto/src/base/base/lock_free_task_runner.o
[1960/4486] CXX obj/base/allocator/partition_allocator/src/partition_alloc/allocator_core/oom_callback.o
[1961/4486] CXX obj/base/allocator/partition_allocator/src/partition_alloc/allocator_base/platform_thread_posix.o
[1962/4486] CXX obj/base/allocator/partition_allocator/src/partition_alloc/allocator_base/time_now_posix.o
[1963/4486] RUST(BIN) clang_x64_for_rust_host_build_tools/std_std_vunknown_build_script clang_x64_for_rust_host_build_tools/obj/build/rust/std/rules/std_std_vunknown_build_script.rustflags.json clang_x64_for_rust_host_build_tools/obj/build/rust/std/rules/std_std_vunknown_build_script.rsp.rust
[1964/4486] CXX obj/base/allocator/partition_allocator/src/partition_alloc/allocator_core/partition_cookie.o
[1965/4486] CXX obj/base/allocator/partition_allocator/src/partition_alloc/allocator_base/time_conversion_posix.o
[1966/4486] CXX obj/base/allocator/partition_allocator/src/partition_alloc/allocator_core/partition_oom.o
[1967/4486] CXX obj/base/allocator/partition_allocator/src/partition_alloc/allocator_base/time.o
[1968/4486] CXX obj/third_party/protobuf-javascript/protoc-gen-js/protoc-gen-js.o
[1969/4486] CXX obj/third_party/protobuf/protoc_python/helpers.o
[1970/4486] RUST(BIN) clang_x64_for_rust_host_build_tools/object_object_vunknown_build_script clang_x64_for_rust_host_build_tools/obj/build/rust/std/rules/object_object_vunknown_build_script.rustflags.json clang_x64_for_rust_host_build_tools/obj/build/rust/std/rules/object_object_vunknown_build_script.rsp.rust
[1971/4486] CXX obj/base/allocator/partition_allocator/src/partition_alloc/allocator_core/compressed_pointer.o
[1972/4486] CXX obj/third_party/protobuf/protoc_lib/retention.o
[1973/4486] CXX obj/third_party/protobuf/protoc_java_lite/message_field.o
[1974/4486] SOLINK ./libbase_allocator_partition_allocator_src_partition_alloc_allocator_base.so
[1975/4486] CXX obj/third_party/protobuf/protoc_cpp/message.o
[1976/4486] CXX obj/base/allocator/partition_allocator/src/partition_alloc/allocator_core/partition_stats.o
[1977/4486] ACTION //build/rust/std/rules:object_object_vunknown_build_script_output(//build/toolchain/linux:clang_x64)
[1978/4486] CXX obj/base/allocator/partition_allocator/src/partition_alloc/allocator_core/tagging.o
[1979/4486] CXX obj/third_party/protobuf/protoc_java_lite/message.o
[1980/4486] CXX obj/base/allocator/partition_allocator/src/partition_alloc/allocator_core/partition_freelist_entry.o
[1981/4486] CXX obj/base/allocator/partition_allocator/src/partition_alloc/allocator_core/push_registers_asm.o
[1982/4486] CXX obj/base/allocator/partition_allocator/src/partition_alloc/allocator_core/pkey.o
[1983/4486] RUST(BIN) clang_x64_for_rust_host_build_tools/libc_libc_vunknown_build_script clang_x64_for_rust_host_build_tools/obj/build/rust/std/rules/libc_libc_vunknown_build_script.rustflags.json clang_x64_for_rust_host_build_tools/obj/build/rust/std/rules/libc_libc_vunknown_build_script.rsp.rust
[1984/4486] CXX obj/base/allocator/partition_allocator/src/partition_alloc/allocator_core/page_allocator_internals_posix.o
[1985/4486] ACTION //build/rust/std/rules:std_std_vunknown_build_script_output(//build/toolchain/linux:clang_x64)
[1986/4486] CXX obj/base/allocator/partition_allocator/src/partition_alloc/allocator_core/address_pool_manager_bitmap.o
[1987/4486] CXX obj/third_party/perfetto/src/protozero/protozero/packed_repeated_fields.o
[1988/4486] CXX obj/third_party/perfetto/src/protozero/protozero/message.o
[1989/4486] CXX obj/third_party/perfetto/src/protozero/protozero/message_arena.o
[1990/4486] ACTION //build/rust/std/rules:libc_libc_vunknown_build_script_output(//build/toolchain/linux:clang_x64)
[1991/4486] CXX obj/third_party/protobuf/protoc_java_lite/string_field.o
[1992/4486] CXX obj/third_party/protobuf/protoc_java_lite/message_builder.o
[1993/4486] CXX obj/third_party/perfetto/src/protozero/protozero/proto_decoder.o
[1994/4486] CXX obj/base/allocator/partition_allocator/src/partition_alloc/allocator_core/random.o
[1995/4486] CXX obj/third_party/perfetto/src/protozero/protozero/scattered_stream_null_delegate.o
[1996/4486] CXX obj/base/allocator/partition_allocator/src/partition_alloc/allocator_core/reservation_offset_table.o
[1997/4486] CXX obj/base/allocator/partition_allocator/src/partition_alloc/allocator_core/address_pool_manager.o
[1998/4486] ACTION //build/rust/allocator:buildflags(//build/toolchain/linux:clang_x64)
[1999/4486] CXX obj/third_party/perfetto/src/protozero/protozero/scattered_stream_writer.o
[2000/4486] CXX obj/third_party/perfetto/src/protozero/protozero/static_buffer.o
[2001/4486] CXX obj/build/rust/allocator/alloc_error_handler_impl/alias.o
[2002/4486] CXX obj/third_party/protobuf/protoc_java_lite/primitive_field.o
[2003/4486] CXX obj/third_party/perfetto/src/protozero/protozero/virtual_destructors.o
[2004/4486] CXX obj/build/rust/allocator/alloc_error_handler_impl/alloc_error_handler_impl.o
[2005/4486] CXX obj/third_party/perfetto/src/protozero/protozero/scattered_heap_buffer.o
[2006/4486] AR obj/build/rust/allocator/liballoc_error_handler_impl.a
[2007/4486] CXX obj/third_party/perfetto/src/base/version/version.o
[2008/4486] CXX obj/base/allocator/partition_allocator/src/partition_alloc/allocator_core/spinning_mutex.o
[2009/4486] RUST clang_x64_for_rust_host_build_tools/obj/build/rust/allocator/liballocator_6ead5877.rlib clang_x64_for_rust_host_build_tools/obj/build/rust/allocator/liballocator_6ead5877.rmeta clang_x64_for_rust_host_build_tools/obj/build/rust/allocator/allocator.rustflags.json clang_x64_for_rust_host_build_tools/obj/build/rust/allocator/allocator.rsp.rust
[2010/4486] CXX obj/third_party/protobuf/protoc_java_lite/map_field.o
[2011/4486] CXX obj/base/allocator/partition_allocator/src/partition_alloc/allocator_core/page_allocator.o
[2012/4486] CXX obj/base/allocator/partition_allocator/src/partition_alloc/allocator_shim/allocator_shim_dispatch_to_noop_on_free.o
[2013/4486] ACTION //build/rust/allocator:alloc_error_handler_impl_ffi_generator(//build/toolchain/linux:clang_x64)
[2014/4486] CC obj/third_party/zlib/zlib/compress.o
[2015/4486] CXX obj/base/allocator/partition_allocator/src/partition_alloc/allocator_core/in_slot_metadata.o
[2016/4486] CXX obj/build/rust/allocator/allocator_impls/allocator_impls.o
[2017/4486] CXX obj/base/allocator/partition_allocator/src/partition_alloc/allocator_core/bounds_checks.o
[2018/4486] CC obj/third_party/zlib/zlib/adler32.o
[2019/4486] CXX obj/base/allocator/partition_allocator/src/partition_alloc/allocator_core/partition_dcheck_helper.o
[2020/4486] CXX obj/base/allocator/partition_allocator/src/partition_alloc/allocator_core/thread_isolation.o
[2021/4486] CC obj/third_party/zlib/zlib/gzclose.o
[2022/4486] CC obj/third_party/zlib/zlib/cpu_features.o
[2023/4486] CC obj/third_party/zlib/zlib/gzwrite.o
[2024/4486] CXX obj/base/allocator/partition_allocator/src/partition_alloc/allocator_core/partition_alloc.o
[2025/4486] CC obj/third_party/zlib/zlib/gzlib.o
[2026/4486] CC obj/third_party/zlib/zlib/gzread.o
[2027/4486] CC obj/third_party/zlib/zlib/uncompr.o
[2028/4486] CC obj/third_party/zlib/zlib/inffast.o
[2029/4486] CC obj/third_party/zlib/zlib/crc32.o
[2030/4486] CC obj/third_party/zlib/zlib/infback.o
[2031/4486] CC obj/third_party/zlib/zlib/trees.o
[2032/4486] CC obj/third_party/zlib/zlib/zutil.o
[2033/4486] CC obj/third_party/zlib/zlib_adler32_simd/adler32_simd.o
[2034/4486] CC obj/third_party/zlib/zlib/inftrees.o
[2035/4486] RUST clang_x64_for_rust_host_build_tools/obj/third_party/rust/unicode_ident/v1/lib/libunicode_ident_lib.rlib clang_x64_for_rust_host_build_tools/obj/third_party/rust/unicode_ident/v1/lib/libunicode_ident_lib.rmeta clang_x64_for_rust_host_build_tools/obj/third_party/rust/unicode_ident/v1/lib.rustflags.json clang_x64_for_rust_host_build_tools/obj/third_party/rust/unicode_ident/v1/lib.rsp.rust
[2036/4486] CC obj/third_party/zlib/zlib_crc32_simd/crc32_simd.o
[2037/4486] CXX obj/base/allocator/partition_allocator/src/partition_alloc/allocator_shim/allocator_shim.o
[2038/4486] CXX obj/base/allocator/partition_allocator/src/partition_alloc/allocator_core/gwp_asan_support.o
[2039/4486] CC obj/third_party/zlib/zlib/deflate.o
[2040/4486] CXX obj/base/allocator/partition_allocator/src/partition_alloc/allocator_core/partition_address_space.o
[2041/4486] CXX obj/base/allocator/partition_allocator/src/partition_alloc/allocator_core/partition_page.o
[2042/4486] CXX obj/third_party/protobuf/protobuf_full/descriptor.o
[2043/4486] CC obj/third_party/zlib/zlib_data_chunk_simd/inffast_chunk.o
[2044/4486] AR obj/third_party/protobuf/libprotobuf_full.a
[2045/4486] CXX obj/base/allocator/partition_allocator/src/partition_alloc/allocator_core/scheduler_loop_quarantine_support.o
[2046/4486] CXX obj/base/allocator/partition_allocator/src/partition_alloc/allocator_core/memory_reclaimer.o
[2047/4486] CC obj/third_party/zlib/zlib_data_chunk_simd/inflate.o
[2048/4486] CXX obj/base/allocator/partition_allocator/src/partition_alloc/allocator_core/slot_address_and_size.o
[2049/4486] CXX obj/base/allocator/partition_allocator/src/partition_alloc/allocator_core/internal_allocator.o
[2050/4486] CXX obj/base/allocator/partition_allocator/src/partition_alloc/allocator_core/partition_alloc_hooks.o
[2051/4486] CXX obj/third_party/perfetto/src/android_stats/android_stats/statsd_logging_helper.o
[2052/4486] CXX obj/base/allocator/partition_allocator/src/partition_alloc/allocator_core/slot_start.o
[2053/4486] CXX obj/third_party/perfetto/src/trace_processor/importers/memory_tracker/graph_processor/raw_memory_graph_node.o
[2054/4486] CC obj/third_party/zlib/zlib_crc32_simd/crc_folding.o
[2055/4486] CC obj/v8/libm/sincostab.o
[2056/4486] RUST(BIN) clang_x64_for_rust_host_build_tools/quote_lib_v1_build_script clang_x64_for_rust_host_build_tools/obj/third_party/rust/quote/v1/quote_lib_v1_build_script.rustflags.json clang_x64_for_rust_host_build_tools/obj/third_party/rust/quote/v1/quote_lib_v1_build_script.rsp.rust
[2057/4486] RUST(BIN) clang_x64_for_rust_host_build_tools/proc_macro2_lib_v1_build_script clang_x64_for_rust_host_build_tools/obj/third_party/rust/proc_macro2/v1/proc_macro2_lib_v1_build_script.rustflags.json clang_x64_for_rust_host_build_tools/obj/third_party/rust/proc_macro2/v1/proc_macro2_lib_v1_build_script.rsp.rust
[2058/4486] CXX obj/third_party/perfetto/src/trace_processor/util/bump_allocator/bump_allocator.o
[2059/4486] CC obj/v8/libm/s_sin.o
[2060/4486] CC obj/v8/libm/branred.o
[2061/4486] CXX obj/third_party/perfetto/src/trace_processor/importers/memory_tracker/graph_processor/memory_allocator_node_id.o
[2062/4486] RUST(BIN) clang_x64_for_rust_host_build_tools/test_test_vunknown_build_script clang_x64_for_rust_host_build_tools/obj/build/rust/std/rules/test_test_vunknown_build_script.rustflags.json clang_x64_for_rust_host_build_tools/obj/build/rust/std/rules/test_test_vunknown_build_script.rsp.rust
[2063/4486] CXX obj/v8/v8_libbase/abort-mode.o
[2064/4486] CXX obj/third_party/perfetto/src/protozero/filtering/bytecode_parser/filter_bytecode_parser.o
[2065/4486] CXX obj/third_party/perfetto/src/trace_processor/util/gzip/gzip_utils.o
[2066/4486] CXX obj/third_party/perfetto/src/trace_processor/importers/memory_tracker/graph_processor/raw_process_memory_node.o
[2067/4486] CXX obj/third_party/perfetto/src/trace_processor/util/glob/glob.o
[2068/4486] ACTION //third_party/rust/quote/v1:quote_lib_v1_build_script_output(//build/toolchain/linux:clang_x64_for_rust_host_build_tools)
[2069/4486] CXX obj/third_party/perfetto/src/trace_processor/util/build_id/build_id.o
[2070/4486] CXX obj/v8/v8_libbase/fpu.o
[2071/4486] ACTION //build/rust/std/rules:test_test_vunknown_build_script_output(//build/toolchain/linux:clang_x64)
[2072/4486] CXX obj/third_party/perfetto/src/trace_processor/util/elf/elf/binary_info.o
[2073/4486] CXX obj/third_party/perfetto/src/trace_processor/util/trace_blob_view_reader/trace_blob_view_reader.o
[2074/4486] SOLINK ./libchrome_zlib.so
[2075/4486] CXX obj/base/allocator/partition_allocator/src/partition_alloc/allocator_core/partition_bucket.o
[2076/4486] CXX obj/third_party/perfetto/src/protozero/filtering/message_filter/message_filter.o
[2077/4486] CXX obj/v8/v8_libbase/bits.o
[2078/4486] CXX obj/v8/v8_libbase/cpu.o
[2079/4486] RUST(BIN) clang_x64_for_rust_host_build_tools/libm_lib_v0_2_build_script clang_x64_for_rust_host_build_tools/obj/third_party/rust/libm/v0_2/libm_lib_v0_2_build_script.rustflags.json clang_x64_for_rust_host_build_tools/obj/third_party/rust/libm/v0_2/libm_lib_v0_2_build_script.rsp.rust
[2080/4486] CXX obj/third_party/protobuf/protoc_python/pyi_generator.o
[2081/4486] CXX obj/third_party/protobuf/protoc/main.o
[2082/4486] RUST(BIN) clang_x64_for_rust_host_build_tools/serde_core_lib_v1_build_script clang_x64_for_rust_host_build_tools/obj/third_party/rust/serde_core/v1/serde_core_lib_v1_build_script.rustflags.json clang_x64_for_rust_host_build_tools/obj/third_party/rust/serde_core/v1/serde_core_lib_v1_build_script.rsp.rust
[2083/4486] CXX obj/v8/v8_libbase/stack_trace.o
[2084/4486] CXX obj/third_party/perfetto/src/base/unix_socket/unix_socket.o
[2085/4486] CXX obj/v8/v8_libbase/file-utils.o
[2086/4486] CXX obj/third_party/perfetto/src/trace_processor/importers/common/v8_profile_parser/v8_profile_parser.o
[2087/4486] ACTION //third_party/rust/libm/v0_2:libm_lib_v0_2_build_script_output(//build/toolchain/linux:clang_x64)
[2088/4486] CXX obj/v8/v8_libbase/once.o
[2089/4486] RUST(BIN) clang_x64_for_rust_host_build_tools/icu_locale_data_lib_v2_build_script clang_x64_for_rust_host_build_tools/obj/third_party/rust/icu_locale_data/v2/icu_locale_data_lib_v2_build_script.rustflags.json clang_x64_for_rust_host_build_tools/obj/third_party/rust/icu_locale_data/v2/icu_locale_data_lib_v2_build_script.rsp.rust
[2090/4486] ACTION //third_party/rust/proc_macro2/v1:proc_macro2_lib_v1_build_script_output(//build/toolchain/linux:clang_x64_for_rust_host_build_tools)
[2091/4486] CXX obj/base/allocator/partition_allocator/src/partition_alloc/allocator_core/scheduler_loop_quarantine.o
[2092/4486] CXX obj/v8/v8_libbase/division-by-constant.o
[2093/4486] CXX obj/v8/v8_libbase/diy-fp.o
[2094/4486] ACTION //third_party/rust/serde_core/v1:serde_core_lib_v1_build_script_output(//build/toolchain/linux:clang_x64)
[2095/4486] CXX obj/base/allocator/partition_allocator/src/partition_alloc/allocator_core/partition_root.o
[2096/4486] CXX obj/v8/v8_libbase/cached-powers.o
[2097/4486] CXX obj/third_party/perfetto/src/trace_processor/util/simple_json_parser/simple_json_parser.o
[2098/4486] CXX obj/v8/v8_libbase/emulated-virtual-address-subspace.o
[2099/4486] ACTION //third_party/rust/icu_locale_data/v2:icu_locale_data_lib_v2_build_script_output(//build/toolchain/linux:clang_x64)
[2100/4486] CXX obj/v8/v8_libbase/dtoa.o
[2101/4486] CXX obj/base/allocator/partition_allocator/src/partition_alloc/allocator_shim/allocator_shim_default_dispatch_to_partition_alloc.o
[2102/4486] CXX obj/third_party/perfetto/src/trace_processor/importers/memory_tracker/graph_processor/graph.o
[2103/4486] CXX obj/base/allocator/partition_allocator/src/partition_alloc/allocator_core/stack.o
[2104/4486] CXX obj/third_party/protobuf/protoc_python/generator.o
[2105/4486] RUST(BIN) clang_x64_for_rust_host_build_tools/serde_lib_v1_build_script clang_x64_for_rust_host_build_tools/obj/third_party/rust/serde/v1/serde_lib_v1_build_script.rustflags.json clang_x64_for_rust_host_build_tools/obj/third_party/rust/serde/v1/serde_lib_v1_build_script.rsp.rust
[2106/4486] CXX obj/v8/v8_libbase/platform.o
[2107/4486] CXX obj/base/allocator/partition_allocator/src/partition_alloc/allocator_core/thread_cache.o
[2108/4486] CXX obj/v8/v8_libbase/bounded-page-allocator.o
[2109/4486] CXX obj/v8/v8_libbase/semaphore.o
[2110/4486] CXX obj/v8/v8_libbase/lsan-page-allocator.o
[2111/4486] CXX obj/v8/v8_libbase/page-allocator.o
[2112/4486] CXX obj/v8/v8_libbase/logging.o
[2113/4486] ACTION //third_party/rust/serde_core/v1:serde_core_lib_v1_build_script_output(//build/toolchain/linux:clang_x64_for_rust_host_build_tools)
[2114/4486] ACTION //third_party/rust/serde/v1:serde_lib_v1_build_script_output(//build/toolchain/linux:clang_x64)
[2115/4486] CXX obj/third_party/perfetto/src/trace_processor/importers/memory_tracker/graph_processor/graph_processor.o
[2116/4486] CXX obj/v8/v8_libbase/vlq-base64.o
[2117/4486] CXX obj/v8/v8_libbase/fixed-dtoa.o
[2118/4486] CXX obj/v8/v8_libbase/condition-variable.o
[2119/4486] CXX obj/third_party/perfetto/src/protozero/filtering/string_filter/string_filter.o
[2120/4486] SOLINK ./libbase_allocator_partition_allocator_src_partition_alloc_allocator_core.so
[2121/4486] CXX obj/v8/v8_libbase/sys-info.o
[2122/4486] CXX obj/v8/v8_libbase/bignum-dtoa.o
[2123/4486] CXX obj/v8/v8_libbase/lsan-virtual-address-space.o
[2124/4486] CXX obj/v8/v8_libbase/platform-posix-time.o
[2125/4486] CXX obj/v8/v8_libbase/fast-dtoa.o
[2126/4486] SOLINK ./libbase_allocator_partition_allocator_src_partition_alloc_allocator_shim.so
[2127/4486] CXX obj/v8/v8_libbase/ieee754.o
[2128/4486] CXX obj/v8/v8_libbase/strings.o
[2129/4486] AR obj/build/rust/allocator/liballocator_impls.a
[2130/4486] CXX obj/v8/v8_libbase/mutex.o
[2131/4486] CXX obj/v8/v8_libbase/memory-protection-key.o
[2132/4486] CXX obj/v8/v8_libbase/strtod.o
[2133/4486] CXX obj/v8/v8_libbase/bignum.o
[2134/4486] CXX obj/v8/v8_libbase/time.o
[2135/4486] ACTION //build/rust/allocator:allocator_impls_ffi_generator(//build/toolchain/linux:clang_x64)
[2136/4486] CXX obj/v8/v8_libbase/stack_trace_posix.o
[2137/4486] CXX obj/v8/v8_libbase/virtual-address-space-page-allocator.o
[2138/4486] RUST(BIN) clang_x64_for_rust_host_build_tools/icu_calendar_data_lib_v2_build_script clang_x64_for_rust_host_build_tools/obj/third_party/rust/icu_calendar_data/v2/icu_calendar_data_lib_v2_build_script.rustflags.json clang_x64_for_rust_host_build_tools/obj/third_party/rust/icu_calendar_data/v2/icu_calendar_data_lib_v2_build_script.rsp.rust
[2139/4486] CXX obj/v8/v8_libbase/virtual-address-space.o
[2140/4486] CXX obj/third_party/icu/icui18n/number_rounding.o
[2141/4486] CXX obj/third_party/icu/icui18n/numparse_decimal.o
[2142/4486] CXX obj/third_party/icu/icui18n/numparse_scientific.o
[2143/4486] CXX obj/third_party/icu/icui18n/numparse_currency.o
[2144/4486] CXX obj/third_party/icu/icui18n/numparse_compositions.o
[2145/4486] CXX obj/third_party/icu/icui18n/number_scientific.o
[2146/4486] CXX obj/v8/v8_libbase/random-number-generator.o
[2147/4486] CXX obj/third_party/perfetto/src/trace_processor/util/json_value/json_value.o
[2148/4486] CXX obj/third_party/icu/icui18n/numparse_parsednumber.o
[2149/4486] CXX obj/v8/v8_libbase/region-allocator.o
[2150/4486] CXX obj/third_party/icu/icui18n/number_usageprefs.o
[2151/4486] CXX obj/third_party/protobuf-javascript/protoc-gen-js/js_generator.o
[2152/4486] CXX obj/third_party/icu/icui18n/numparse_affixes.o
[2153/4486] CXX obj/v8/v8_libbase/platform-linux.o
[2154/4486] CXX obj/third_party/icu/icui18n/numparse_impl.o
[2155/4486] CXX obj/third_party/icu/icui18n/numparse_validators.o
[2156/4486] CXX obj/v8/v8_libbase/platform-posix.o
[2157/4486] CXX obj/third_party/icu/icui18n/quant.o
[2158/4486] CXX obj/third_party/icu/icui18n/numparse_symbols.o
[2159/4486] CXX obj/third_party/icu/icui18n/number_utils.o
[2160/4486] CXX obj/third_party/icu/icui18n/olsontz.o
[2161/4486] CXX obj/third_party/icu/icui18n/number_symbolswrapper.o
[2162/4486] CXX obj/third_party/icu/icui18n/number_simple.o
[2163/4486] CXX obj/third_party/icu/icui18n/numsys.o
[2164/4486] CXX obj/third_party/icu/icui18n/numfmt.o
[2165/4486] CXX obj/third_party/icu/icui18n/number_skeletons.o
[2166/4486] CXX obj/third_party/icu/icui18n/numrange_impl.o
[2167/4486] CXX obj/third_party/icu/icui18n/persncal.o
[2168/4486] CXX obj/third_party/icu/icui18n/rbt.o
[2169/4486] CXX obj/third_party/icu/icui18n/rbt_rule.o
[2170/4486] CXX obj/third_party/icu/icui18n/numrange_fluent.o
[2171/4486] CXX obj/third_party/icu/icui18n/pluralranges.o
[2172/4486] CXX obj/third_party/icu/icui18n/regeximp.o
[2173/4486] CXX obj/third_party/icu/icui18n/rbt_data.o
[2174/4486] CXX obj/third_party/icu/icui18n/numrange_capi.o
[2175/4486] CXX obj/third_party/icu/icui18n/rbt_set.o
[2176/4486] CXX obj/third_party/protobuf/protoc_lib/command_line_interface.o
[2177/4486] AR obj/third_party/protobuf/libprotoc_lib.a
[2178/4486] CXX obj/third_party/icu/icui18n/quantityformatter.o
[2179/4486] CXX obj/third_party/icu/icui18n/rbt_pars.o
[2180/4486] CXX obj/third_party/icu/icui18n/rbtz.o
[2181/4486] CXX obj/third_party/icu/icui18n/regextxt.o
[2182/4486] CXX obj/third_party/icu/icui18n/remtrans.o
[2183/4486] CXX obj/third_party/icu/icui18n/regexcmp.o
[2184/4486] CXX obj/third_party/icu/icui18n/rbnf.o
[2185/4486] CXX obj/third_party/icu/icui18n/reldtfmt.o
[2186/4486] CXX obj/third_party/perfetto/src/protozero/protoc_plugin/cppgen_plugin/cppgen_plugin.o
[2187/4486] CXX obj/third_party/icu/icui18n/regexst.o
[2188/4486] CXX obj/third_party/icu/icui18n/region.o
[2189/4486] CXX obj/third_party/icu/icui18n/plurfmt.o
[2190/4486] CXX obj/third_party/icu/icui18n/repattrn.o
[2191/4486] CXX obj/third_party/icu/icui18n/scriptset.o
[2192/4486] CXX obj/third_party/icu/icui18n/scientificnumberformatter.o
[2193/4486] CXX obj/third_party/icu/icui18n/standardplural.o
[2194/4486] CXX obj/third_party/icu/icui18n/selfmt.o
[2195/4486] CXX obj/third_party/icu/icui18n/sharedbreakiterator.o
[2196/4486] CXX obj/third_party/icu/icui18n/plurrule.o
[2197/4486] CXX obj/third_party/icu/icui18n/rematch.o
[2198/4486] CXX obj/third_party/icu/icui18n/strrepl.o
[2199/4486] CXX obj/third_party/icu/icui18n/string_segment.o
[2200/4486] LINK ./protoc-gen-js
[2201/4486] CXX obj/third_party/icu/icui18n/strmatch.o
[2202/4486] CXX obj/third_party/icu/icui18n/smpdtfst.o
[2203/4486] CXX obj/third_party/icu/icui18n/simpletz.o
[2204/4486] CXX obj/third_party/icu/icui18n/sortkey.o
[2205/4486] CXX obj/third_party/icu/icui18n/tmutamt.o
[2206/4486] CXX obj/third_party/icu/icui18n/rulebasedcollator.o
[2207/4486] CXX obj/third_party/icu/icui18n/search.o
[2208/4486] CXX obj/third_party/icu/icui18n/tmunit.o
[2209/4486] CXX obj/third_party/icu/icui18n/stsearch.o
[2210/4486] RUST clang_x64_for_rust_host_build_tools/obj/third_party/rust/proc_macro2/v1/lib/libproc_macro2_lib.rlib clang_x64_for_rust_host_build_tools/obj/third_party/rust/proc_macro2/v1/lib/libproc_macro2_lib.rmeta clang_x64_for_rust_host_build_tools/obj/third_party/rust/proc_macro2/v1/lib.rustflags.json clang_x64_for_rust_host_build_tools/obj/third_party/rust/proc_macro2/v1/lib.rsp.rust
[2211/4486] CXX obj/third_party/icu/icui18n/ucsdet.o
[2212/4486] CXX obj/third_party/icu/icui18n/taiwncal.o
[2213/4486] CXX obj/third_party/icu/icui18n/ucln_in.o
[2214/4486] LINK ./cppgen_plugin
[2215/4486] CXX obj/third_party/icu/icui18n/tolowtrn.o
[2216/4486] CXX obj/third_party/icu/icui18n/toupptrn.o
[2217/4486] CXX obj/third_party/icu/icui18n/ufieldpositer.o
[2218/4486] CXX obj/third_party/icu/icui18n/titletrn.o
[2219/4486] LINK ./protoc
[2220/4486] CXX obj/third_party/icu/icui18n/ucal.o
[2221/4486] CXX obj/third_party/icu/icui18n/udatpg.o
[2222/4486] CXX obj/third_party/icu/icui18n/tztrans.o
[2223/4486] CXX obj/third_party/icu/icui18n/timezone.o
[2224/4486] CXX obj/third_party/icu/icui18n/tznames.o
[2225/4486] CXX obj/third_party/icu/icui18n/tmutfmt.o
[2226/4486] CXX obj/third_party/icu/icui18n/transreg.o
[2227/4486] ACTION //third_party/perfetto/protos/perfetto/common:semantic_type_cpp_gen(//build/toolchain/linux:clang_x64)
[2228/4486] CXX obj/third_party/icu/icui18n/tridpars.o
[2229/4486] CXX obj/third_party/icu/icui18n/tzrule.o
[2230/4486] CXX obj/third_party/icu/icui18n/tzgnames.o
[2231/4486] CXX obj/third_party/icu/icui18n/tzfmt.o
[2232/4486] CXX obj/third_party/icu/icui18n/ucol.o
[2233/4486] CXX obj/third_party/icu/icui18n/ucoleitr.o
[2234/4486] CXX obj/third_party/icu/icui18n/ulocdata.o
[2235/4486] CXX obj/third_party/icu/icui18n/reldatefmt.o
[2236/4486] CXX obj/third_party/icu/icui18n/tznames_impl.o
[2237/4486] CXX obj/third_party/icu/icui18n/udateintervalformat.o
[2238/4486] CXX obj/third_party/icu/icui18n/smpdtfmt.o
[2239/4486] CXX obj/third_party/icu/icui18n/ucol_sit.o
[2240/4486] CXX obj/third_party/icu/icui18n/ulistformatter.o
[2241/4486] ACTION //third_party/perfetto/protos/perfetto/config/priority_boost:cpp_gen(//build/toolchain/linux:clang_x64)
[2242/4486] ACTION //third_party/perfetto/protos/perfetto/config/protovm:cpp_gen(//build/toolchain/linux:clang_x64)
[2243/4486] ACTION //third_party/perfetto/protos/perfetto/config/power:cpp_gen(//build/toolchain/linux:clang_x64)
[2244/4486] CXX obj/third_party/icu/icui18n/udat.o
[2245/4486] ACTION //third_party/perfetto/protos/perfetto/protovm:cpp_gen(//build/toolchain/linux:clang_x64)
[2246/4486] ACTION //third_party/perfetto/protos/perfetto/config/process_stats:cpp_gen(//build/toolchain/linux:clang_x64)
[2247/4486] ACTION //third_party/perfetto/protos/perfetto/config/inode_file:cpp_gen(//build/toolchain/linux:clang_x64)
[2248/4486] CXX obj/third_party/perfetto/src/ipc/protoc_plugin/ipc_plugin/ipc_plugin.o
[2249/4486] CXX obj/third_party/icu/icui18n/ucol_res.o
[2250/4486] CXX obj/third_party/icu/icui18n/umsg.o
[2251/4486] CXX obj/third_party/icu/icui18n/uitercollationiterator.o
[2252/4486] ACTION //third_party/perfetto/protos/perfetto/config/system_info:cpp_gen(//build/toolchain/linux:clang_x64)
[2253/4486] ACTION //third_party/perfetto/protos/perfetto/ipc:wire_protocol_cpp_gen(//build/toolchain/linux:clang_x64)
[2254/4486] ACTION //third_party/perfetto/protos/perfetto/config/track_event:cpp_gen(//build/toolchain/linux:clang_x64)
[2255/4486] ACTION //third_party/perfetto/protos/perfetto/config/ftrace:cpp_gen(//build/toolchain/linux:clang_x64)
[2256/4486] CXX obj/third_party/icu/icui18n/uregion.o
[2257/4486] CXX obj/third_party/icu/icui18n/translit.o
[2258/4486] CXX obj/third_party/icu/icui18n/units_complexconverter.o
[2259/4486] CXX obj/third_party/perfetto/protos/perfetto/common/semantic_type_cpp/semantic_type.gen.o
[2260/4486] ACTION //third_party/perfetto/protos/perfetto/config/gpu:cpp_gen(//build/toolchain/linux:clang_x64)
[2261/4486] CXX obj/third_party/perfetto/protos/perfetto/config/protovm/cpp/protovm_config.gen.o
[2262/4486] CXX obj/third_party/icu/icui18n/uregexc.o
[2263/4486] CXX obj/third_party/perfetto/protos/perfetto/config/priority_boost/cpp/priority_boost_config.gen.o
[2264/4486] CXX obj/third_party/perfetto/protos/perfetto/config/process_stats/cpp/process_stats_config.gen.o
[2265/4486] CXX obj/third_party/icu/icui18n/unesctrn.o
[2266/4486] LINK ./ipc_plugin
[2267/4486] CXX obj/third_party/icu/icui18n/unumsys.o
[2268/4486] CXX obj/third_party/perfetto/protos/perfetto/config/ftrace/cpp/frozen_ftrace_config.gen.o
[2269/4486] CXX obj/third_party/perfetto/protos/perfetto/config/power/cpp/android_power_config.gen.o
[2270/4486] CXX obj/third_party/perfetto/protos/perfetto/config/inode_file/cpp/inode_file_config.gen.o
[2271/4486] CXX obj/third_party/perfetto/protos/perfetto/config/system_info/cpp/system_info_config.gen.o
[2272/4486] CXX obj/third_party/icu/icui18n/uni2name.o
[2273/4486] CXX obj/third_party/icu/icui18n/unum.o
[2274/4486] CXX obj/third_party/icu/icui18n/utmscale.o
[2275/4486] CXX obj/third_party/icu/icui18n/units_router.o
[2276/4486] CXX obj/third_party/icu/icui18n/winnmfmt.o
[2277/4486] CXX obj/third_party/icu/icui18n/windtfmt.o
[2278/4486] CXX obj/third_party/icu/icui18n/units_data.o
[2279/4486] CXX obj/third_party/icu/icui18n/units_converter.o
[2280/4486] CXX obj/third_party/perfetto/protos/perfetto/config/track_event/cpp/track_event_config.gen.o
[2281/4486] CXX obj/third_party/icu/icui18n/wintzimpl.o
[2282/4486] CXX obj/third_party/icu/icui18n/uregex.o
[2283/4486] ACTION //third_party/perfetto/protos/perfetto/config/statsd:cpp_gen(//build/toolchain/linux:clang_x64)
[2284/4486] CXX obj/third_party/perfetto/src/ipc/common/deferred.o
[2285/4486] ACTION //third_party/rust/icu_calendar_data/v2:icu_calendar_data_lib_v2_build_script_output(//build/toolchain/linux:clang_x64)
[2286/4486] ACTION //third_party/perfetto/protos/perfetto/trace/track_event:descriptor_gen(//build/toolchain/linux:clang_x64)
[2287/4486] CXX obj/third_party/perfetto/protos/perfetto/protovm/cpp/vm_program.gen.o
[2288/4486] CXX obj/third_party/perfetto/protos/perfetto/config/gpu/cpp/vulkan_memory_config.gen.o
[2289/4486] ACTION //third_party/rust/serde/v1:serde_lib_v1_build_script_output(//build/toolchain/linux:clang_x64_for_rust_host_build_tools)
[2290/4486] SOLINK ./libv8_libbase.so
[2291/4486] CXX obj/third_party/perfetto/protos/perfetto/config/gpu/cpp/gpu_counter_config.gen.o
[2292/4486] ACTION //third_party/perfetto/protos/perfetto/trace/android:android_track_event_descriptor_gen(//build/toolchain/linux:clang_x64)
[2293/4486] CXX obj/third_party/zlib/google/compression_utils_portable/compression_utils_portable.o
[2294/4486] CXX obj/third_party/icu/icui18n/uspoof_conf.o
[2295/4486] CXX obj/third_party/perfetto/src/ipc/common/virtual_destructors.o
[2296/4486] CXX obj/third_party/perfetto/src/protozero/protoc_plugin/protozero_plugin/protozero_plugin.o
[2297/4486] CXX obj/third_party/icu/icui18n/ztrans.o
[2298/4486] SOLINK ./libicuuc.so
[2299/4486] CXX obj/third_party/icu/icui18n/uspoof_build.o
[2300/4486] CXX obj/third_party/perfetto/src/ipc/common/buffered_frame_deserializer.o
[2301/4486] AR obj/third_party/zlib/google/libcompression_utils_portable.a
[2302/4486] CXX obj/third_party/perfetto/protos/perfetto/ipc/wire_protocol_cpp/wire_protocol.gen.o
[2303/4486] CXX obj/third_party/perfetto/protos/perfetto/config/gpu/cpp/gpu_renderstages_config.gen.o
[2304/4486] ACTION //third_party/perfetto/src/trace_processor/importers/proto:gen_cc_android_track_event_descriptor(//build/toolchain/linux:clang_x64)
[2305/4486] CXX obj/third_party/perfetto/protos/perfetto/config/statsd/cpp/atom_ids.gen.o
[2306/4486] ACTION //third_party/perfetto/src/trace_processor/importers/proto:gen_cc_track_event_descriptor(//build/toolchain/linux:clang_x64)
[2307/4486] CXX obj/third_party/icu/icui18n/upluralrules.o
[2308/4486] CXX obj/third_party/icu/icui18n/uspoof.o
[2309/4486] ACTION //third_party/perfetto/protos/perfetto/trace/track_event:cpp_gen(//build/toolchain/linux:clang_x64)
[2310/4486] CXX obj/third_party/highway/libhwy/aligned_allocator.o
[2311/4486] CXX obj/third_party/icu/icui18n/uspoof_impl.o
[2312/4486] CXX obj/third_party/highway/libhwy/print.o
[2313/4486] CXX obj/third_party/highway/libhwy/stats.o
[2314/4486] CXX obj/third_party/icu/icui18n/vzone.o
[2315/4486] CXX obj/third_party/perfetto/src/ipc/client/service_proxy.o
[2316/4486] CXX obj/third_party/highway/libhwy/abort.o
[2317/4486] CXX obj/third_party/perfetto/protos/perfetto/config/ftrace/cpp/ftrace_config.gen.o
[2318/4486] CXX obj/third_party/icu/icui18n/utrans.o
[2319/4486] RUST clang_x64_for_rust_host_build_tools/obj/third_party/rust/strck/v1/lib/libstrck_lib.rlib clang_x64_for_rust_host_build_tools/obj/third_party/rust/strck/v1/lib/libstrck_lib.rmeta clang_x64_for_rust_host_build_tools/obj/third_party/rust/strck/v1/lib.rustflags.json clang_x64_for_rust_host_build_tools/obj/third_party/rust/strck/v1/lib.rsp.rust
[2320/4486] CXX obj/third_party/icu/icui18n/usearch.o
[2321/4486] CXX obj/third_party/icu/icui18n/zrule.o
[2322/4486] ACTION //v8/src/inspector:protocol_generated_sources(//build/toolchain/linux:clang_x64)
[2323/4486] ACTION //third_party/perfetto/protos/third_party/chromium:descriptor_gen(//build/toolchain/linux:clang_x64)
[2324/4486] RUST clang_x64_for_rust_host_build_tools/obj/third_party/rust/smallvec/v1/lib/libsmallvec_lib.rlib clang_x64_for_rust_host_build_tools/obj/third_party/rust/smallvec/v1/lib/libsmallvec_lib.rmeta clang_x64_for_rust_host_build_tools/obj/third_party/rust/smallvec/v1/lib.rustflags.json clang_x64_for_rust_host_build_tools/obj/third_party/rust/smallvec/v1/lib.rsp.rust
[2325/4486] CXX obj/third_party/icu/icui18n/utf16collationiterator.o
[2326/4486] CXX obj/third_party/icu/icui18n/utf8collationiterator.o
[2327/4486] RUST clang_x64_for_rust_host_build_tools/obj/third_party/rust/quote/v1/lib/libquote_lib.rlib clang_x64_for_rust_host_build_tools/obj/third_party/rust/quote/v1/lib/libquote_lib.rmeta clang_x64_for_rust_host_build_tools/obj/third_party/rust/quote/v1/lib.rustflags.json clang_x64_for_rust_host_build_tools/obj/third_party/rust/quote/v1/lib.rsp.rust
[2328/4486] ACTION //third_party/perfetto/protos/perfetto/common:cpp_gen(//build/toolchain/linux:clang_x64)
[2329/4486] CXX obj/third_party/icu/icui18n/vtzone.o
[2330/4486] LINK ./protozero_plugin
[2331/4486] CXX obj/third_party/perfetto/protos/perfetto/config/statsd/cpp/statsd_tracing_config.gen.o
[2332/4486] CXX obj/third_party/perfetto/protos/perfetto/trace/track_event/cpp/chrome_application_state_info.gen.o
[2333/4486] CXX obj/third_party/perfetto/protos/perfetto/trace/track_event/cpp/chrome_content_settings_event_info.gen.o
[2334/4486] CXX obj/third_party/perfetto/protos/perfetto/trace/track_event/cpp/chrome_histogram_sample.gen.o
[2335/4486] CXX obj/third_party/perfetto/protos/perfetto/trace/track_event/cpp/chrome_keyed_service.gen.o
[2336/4486] CXX obj/third_party/icu/icui18n/zonemeta.o
[2337/4486] CXX obj/third_party/highway/libhwy/timer.o
[2338/4486] CXX obj/third_party/perfetto/src/ipc/host/host_impl.o
[2339/4486] CXX obj/third_party/perfetto/protos/perfetto/trace/track_event/cpp/chrome_legacy_ipc.gen.o
[2340/4486] CXX obj/third_party/perfetto/protos/perfetto/trace/track_event/cpp/chrome_process_descriptor.gen.o
[2341/4486] CXX obj/v8/v8_bigint/bigint-internal.o
[2342/4486] CXX obj/third_party/perfetto/protos/perfetto/trace/track_event/cpp/chrome_message_pump.gen.o
[2343/4486] CXX obj/third_party/perfetto/protos/perfetto/trace/track_event/cpp/chrome_thread_descriptor.gen.o
[2344/4486] CXX obj/third_party/perfetto/protos/perfetto/trace/track_event/cpp/chrome_active_processes.gen.o
[2345/4486] CXX obj/third_party/perfetto/protos/perfetto/trace/track_event/cpp/chrome_renderer_scheduler_state.gen.o
[2346/4486] CXX obj/third_party/perfetto/protos/perfetto/trace/track_event/cpp/chrome_user_event.gen.o
[2347/4486] CXX obj/third_party/perfetto/protos/perfetto/trace/track_event/cpp/chrome_frame_reporter.gen.o
[2348/4486] CXX obj/third_party/perfetto/src/ipc/client/client_impl.o
[2349/4486] CXX obj/third_party/perfetto/protos/perfetto/trace/track_event/cpp/chrome_window_handle_event_info.gen.o
[2350/4486] CXX obj/third_party/perfetto/protos/perfetto/common/cpp/android_log_constants.gen.o
[2351/4486] CXX obj/third_party/perfetto/protos/perfetto/trace/track_event/cpp/chrome_mojo_event_info.gen.o
[2352/4486] CXX obj/v8/v8_bigint/div-schoolbook.o
[2353/4486] CXX obj/third_party/perfetto/protos/perfetto/trace/track_event/cpp/chrome_latency_info.gen.o
[2354/4486] CXX obj/v8/v8_bigint/fromstring.o
[2355/4486] CXX obj/third_party/perfetto/protos/perfetto/common/cpp/builtin_clock.gen.o
[2356/4486] CXX obj/third_party/perfetto/protos/perfetto/trace/track_event/cpp/chrome_compositor_scheduler_state.gen.o
[2357/4486] ACTION //third_party/perfetto/protos/perfetto/common:semantic_type_zero_gen(//build/toolchain/linux:clang_x64)
[2358/4486] CXX obj/third_party/perfetto/protos/perfetto/trace/track_event/cpp/counter_descriptor.gen.o
[2359/4486] CXX obj/v8/v8_bigint/div-burnikel.o
[2360/4486] ACTION //third_party/perfetto/protos/perfetto/config/inode_file:zero_gen(//build/toolchain/linux:clang_x64)
[2361/4486] ACTION //third_party/perfetto/protos/perfetto/config/gpu:zero_gen(//build/toolchain/linux:clang_x64)
[2362/4486] ACTION //third_party/perfetto/protos/perfetto/protovm:zero_gen(//build/toolchain/linux:clang_x64)
[2363/4486] CXX obj/third_party/perfetto/protos/perfetto/common/cpp/protolog_common.gen.o
[2364/4486] ACTION //third_party/perfetto/protos/perfetto/config/ftrace:zero_gen(//build/toolchain/linux:clang_x64)
[2365/4486] CXX obj/third_party/perfetto/protos/perfetto/common/cpp/sys_stats_counters.gen.o
[2366/4486] CXX obj/v8/v8_bigint/tostring.o
[2367/4486] ACTION //third_party/perfetto/protos/perfetto/config/interceptors:zero_gen(//build/toolchain/linux:clang_x64)
[2368/4486] ACTION //third_party/perfetto/protos/perfetto/config/power:zero_gen(//build/toolchain/linux:clang_x64)
[2369/4486] CXX obj/third_party/perfetto/protos/perfetto/common/cpp/interceptor_descriptor.gen.o
[2370/4486] CXX obj/third_party/perfetto/protos/perfetto/protovm/zero/vm_program.pbzero.o
[2371/4486] CXX obj/third_party/perfetto/protos/perfetto/common/cpp/data_source_descriptor.gen.o
[2372/4486] ACTION //third_party/perfetto/protos/perfetto/config/process_stats:zero_gen(//build/toolchain/linux:clang_x64)
[2373/4486] CXX obj/third_party/highway/libhwy/targets.o
[2374/4486] ACTION //third_party/perfetto/protos/perfetto/config/priority_boost:zero_gen(//build/toolchain/linux:clang_x64)
[2375/4486] CXX obj/third_party/perfetto/protos/perfetto/common/cpp/ftrace_descriptor.gen.o
[2376/4486] ACTION //third_party/perfetto/protos/perfetto/config/android:zero_gen(//build/toolchain/linux:clang_x64)
[2377/4486] ACTION //third_party/perfetto/protos/perfetto/config/profiling:zero_gen(//build/toolchain/linux:clang_x64)
[2378/4486] ACTION //third_party/perfetto/protos/perfetto/config/protovm:zero_gen(//build/toolchain/linux:clang_x64)
[2379/4486] ACTION //third_party/perfetto/protos/perfetto/config/qnx:zero_gen(//build/toolchain/linux:clang_x64)
[2380/4486] ACTION //third_party/perfetto/protos/perfetto/config/system_info:zero_gen(//build/toolchain/linux:clang_x64)
[2381/4486] CXX obj/v8/v8_bigint/mul-toom.o
[2382/4486] CXX obj/third_party/perfetto/protos/perfetto/common/cpp/android_energy_consumer_descriptor.gen.o
[2383/4486] ACTION //third_party/perfetto/protos/perfetto/config/sys_stats:zero_gen(//build/toolchain/linux:clang_x64)
[2384/4486] CXX obj/v8/v8_bigint/div-barrett.o
[2385/4486] ACTION //third_party/perfetto/protos/perfetto/config/track_event:zero_gen(//build/toolchain/linux:clang_x64)
[2386/4486] ACTION //third_party/perfetto/protos/perfetto/trace:minimal_zero_gen(//build/toolchain/linux:clang_x64)
[2387/4486] ACTION //third_party/perfetto/protos/perfetto/trace/android:winscope_common_zero_gen(//build/toolchain/linux:clang_x64)
[2388/4486] CXX obj/third_party/perfetto/protos/perfetto/common/cpp/observable_events.gen.o
[2389/4486] CXX obj/third_party/perfetto/protos/perfetto/common/cpp/system_info.gen.o
[2390/4486] ACTION //third_party/perfetto/protos/perfetto/common:zero_gen(//build/toolchain/linux:clang_x64)
[2391/4486] CXX obj/v8/v8_bigint/mul-karatsuba.o
[2392/4486] CXX obj/third_party/perfetto/protos/perfetto/common/cpp/perf_events.gen.o
[2393/4486] ACTION //third_party/perfetto/protos/perfetto/trace/filesystem:zero_gen(//build/toolchain/linux:clang_x64)
[2394/4486] ACTION //third_party/perfetto/protos/perfetto/trace/statsd:zero_gen(//build/toolchain/linux:clang_x64)
[2395/4486] ACTION //third_party/perfetto/protos/perfetto/trace/perfetto:zero_gen(//build/toolchain/linux:clang_x64)
[2396/4486] ACTION //third_party/perfetto/protos/perfetto/perfetto_sql:zero_gen(//build/toolchain/linux:clang_x64)
[2397/4486] CXX obj/third_party/perfetto/protos/perfetto/common/zero/builtin_clock.pbzero.o
[2398/4486] CXX obj/third_party/perfetto/protos/perfetto/common/zero/android_energy_consumer_descriptor.pbzero.o
[2399/4486] ACTION //third_party/perfetto/protos/perfetto/trace/etw:zero_gen(//build/toolchain/linux:clang_x64)
[2400/4486] CXX obj/third_party/perfetto/protos/perfetto/common/zero/android_log_constants.pbzero.o
[2401/4486] CXX obj/third_party/perfetto/protos/perfetto/common/zero/commit_data_request.pbzero.o
[2402/4486] CXX obj/third_party/perfetto/protos/perfetto/common/cpp/trace_attributes.gen.o
[2403/4486] ACTION //third_party/perfetto/protos/perfetto/trace/power:zero_gen(//build/toolchain/linux:clang_x64)
[2404/4486] CXX obj/third_party/perfetto/protos/perfetto/common/zero/data_source_descriptor.pbzero.o
[2405/4486] ACTION //third_party/perfetto/protos/perfetto/trace/translation:zero_gen(//build/toolchain/linux:clang_x64)
[2406/4486] CXX obj/third_party/perfetto/protos/perfetto/common/cpp/tracing_service_capabilities.gen.o
[2407/4486] ACTION //third_party/perfetto/protos/perfetto/trace/system_info:zero_gen(//build/toolchain/linux:clang_x64)
[2408/4486] ACTION //third_party/perfetto/protos/perfetto/trace/generic_kernel:zero_gen(//build/toolchain/linux:clang_x64)
[2409/4486] CXX obj/third_party/perfetto/protos/perfetto/common/zero/descriptor.pbzero.o
[2410/4486] ACTION //third_party/perfetto/protos/perfetto/trace/ps:zero_gen(//build/toolchain/linux:clang_x64)
[2411/4486] CXX obj/third_party/perfetto/protos/perfetto/common/cpp/commit_data_request.gen.o
[2412/4486] CXX obj/third_party/perfetto/protos/perfetto/common/zero/perf_events.pbzero.o
[2413/4486] CXX obj/third_party/perfetto/protos/perfetto/trace/track_event/cpp/debug_annotation.gen.o
[2414/4486] CXX obj/third_party/perfetto/protos/perfetto/common/zero/ftrace_descriptor.pbzero.o
[2415/4486] CXX obj/third_party/perfetto/protos/perfetto/common/zero/interceptor_descriptor.pbzero.o
[2416/4486] CXX obj/third_party/perfetto/protos/perfetto/common/zero/observable_events.pbzero.o
[2417/4486] CXX obj/third_party/perfetto/protos/perfetto/common/zero/gpu_counter_descriptor.pbzero.o
[2418/4486] CXX obj/third_party/perfetto/protos/perfetto/common/zero/protolog_common.pbzero.o
[2419/4486] CXX obj/third_party/perfetto/protos/perfetto/common/zero/system_info.pbzero.o
[2420/4486] CXX obj/third_party/perfetto/protos/perfetto/common/cpp/track_event_descriptor.gen.o
[2421/4486] ACTION //third_party/perfetto/protos/perfetto/trace/gpu:zero_gen(//build/toolchain/linux:clang_x64)
[2422/4486] CXX obj/third_party/perfetto/protos/perfetto/common/zero/sys_stats_counters.pbzero.o
[2423/4486] CXX obj/third_party/perfetto/protos/perfetto/common/zero/trace_attributes.pbzero.o
[2424/4486] CXX obj/third_party/perfetto/protos/perfetto/common/zero/trace_stats.pbzero.o
[2425/4486] CXX obj/third_party/perfetto/protos/perfetto/common/zero/tracing_service_capabilities.pbzero.o
[2426/4486] CXX obj/third_party/perfetto/protos/perfetto/common/zero/tracing_service_state.pbzero.o
[2427/4486] CXX obj/third_party/perfetto/protos/perfetto/common/zero/track_event_descriptor.pbzero.o
[2428/4486] ACTION //third_party/perfetto/protos/perfetto/trace/chrome:zero_gen(//build/toolchain/linux:clang_x64)
[2429/4486] ACTION //third_party/perfetto/protos/perfetto/trace/android:zero_gen(//build/toolchain/linux:clang_x64)
[2430/4486] CXX obj/third_party/perfetto/protos/perfetto/config/android/zero/android_sdk_sysprop_guard_config.pbzero.o
[2431/4486] CXX obj/third_party/perfetto/protos/perfetto/common/semantic_type_zero/semantic_type.pbzero.o
[2432/4486] CXX obj/third_party/perfetto/protos/perfetto/config/android/zero/android_game_intervention_list_config.pbzero.o
[2433/4486] CXX obj/third_party/perfetto/protos/perfetto/config/android/zero/android_log_config.pbzero.o
[2434/4486] CXX obj/third_party/perfetto/protos/perfetto/config/android/zero/app_wakelock_config.pbzero.o
[2435/4486] CXX obj/third_party/perfetto/protos/perfetto/config/android/zero/cpu_per_uid_config.pbzero.o
[2436/4486] CXX obj/third_party/perfetto/protos/perfetto/config/android/zero/inputmethod_config.pbzero.o
[2437/4486] CXX obj/third_party/perfetto/protos/perfetto/config/android/zero/kernel_wakelocks_config.pbzero.o
[2438/4486] CXX obj/third_party/perfetto/protos/perfetto/config/android/zero/network_trace_config.pbzero.o
[2439/4486] CXX obj/third_party/perfetto/protos/perfetto/config/android/zero/android_input_event_config.pbzero.o
[2440/4486] CXX obj/third_party/perfetto/protos/perfetto/config/android/zero/android_polled_state_config.pbzero.o
[2441/4486] CXX obj/third_party/perfetto/protos/perfetto/config/android/zero/packages_list_config.pbzero.o
[2442/4486] CXX obj/third_party/perfetto/protos/perfetto/config/android/zero/pixel_modem_config.pbzero.o
[2443/4486] ACTION //third_party/perfetto/protos/perfetto/trace/sys_stats:zero_gen(//build/toolchain/linux:clang_x64)
[2444/4486] CXX obj/third_party/perfetto/protos/perfetto/config/android/zero/android_system_property_config.pbzero.o
[2445/4486] CXX obj/third_party/perfetto/protos/perfetto/config/android/zero/protolog_config.pbzero.o
[2446/4486] CXX obj/third_party/perfetto/protos/perfetto/config/android/zero/surfaceflinger_layers_config.pbzero.o
[2447/4486] CXX obj/third_party/perfetto/protos/perfetto/config/android/zero/surfaceflinger_transactions_config.pbzero.o
[2448/4486] CXX obj/third_party/perfetto/protos/perfetto/config/android/zero/user_list_config.pbzero.o
[2449/4486] CXX obj/third_party/perfetto/protos/perfetto/config/android/zero/windowmanager_config.pbzero.o
[2450/4486] CXX obj/third_party/perfetto/protos/perfetto/config/gpu/zero/gpu_counter_config.pbzero.o
[2451/4486] CXX obj/third_party/perfetto/protos/perfetto/config/gpu/zero/gpu_renderstages_config.pbzero.o
[2452/4486] CXX obj/third_party/perfetto/protos/perfetto/config/ftrace/zero/ftrace_config.pbzero.o
[2453/4486] CXX obj/third_party/perfetto/protos/perfetto/config/gpu/zero/vulkan_memory_config.pbzero.o
[2454/4486] CXX obj/third_party/perfetto/protos/perfetto/config/inode_file/zero/inode_file_config.pbzero.o
[2455/4486] CXX obj/third_party/perfetto/protos/perfetto/config/interceptors/zero/console_config.pbzero.o
[2456/4486] CXX obj/third_party/perfetto/protos/perfetto/config/priority_boost/zero/priority_boost_config.pbzero.o
[2457/4486] CXX obj/third_party/perfetto/protos/perfetto/config/ftrace/zero/frozen_ftrace_config.pbzero.o
[2458/4486] CXX obj/third_party/perfetto/protos/perfetto/config/power/zero/android_power_config.pbzero.o
[2459/4486] CXX obj/third_party/perfetto/protos/perfetto/config/profiling/zero/heapprofd_config.pbzero.o
[2460/4486] CXX obj/third_party/perfetto/protos/perfetto/config/profiling/zero/java_hprof_config.pbzero.o
[2461/4486] CXX obj/third_party/perfetto/protos/perfetto/config/process_stats/zero/process_stats_config.pbzero.o
[2462/4486] ACTION //third_party/perfetto/protos/perfetto/trace/profiling:zero_gen(//build/toolchain/linux:clang_x64)
[2463/4486] ACTION //third_party/perfetto/protos/perfetto/config:zero_gen(//build/toolchain/linux:clang_x64)
[2464/4486] CXX obj/third_party/perfetto/protos/perfetto/config/protovm/zero/protovm_config.pbzero.o
[2465/4486] CXX obj/third_party/perfetto/protos/perfetto/config/qnx/zero/qnx_config.pbzero.o
[2466/4486] CXX obj/third_party/perfetto/protos/perfetto/config/sys_stats/zero/sys_stats_config.pbzero.o
[2467/4486] CXX obj/third_party/perfetto/protos/perfetto/config/profiling/zero/perf_event_config.pbzero.o
[2468/4486] CXX obj/third_party/perfetto/protos/perfetto/config/track_event/zero/track_event_config.pbzero.o
[2469/4486] ACTION //third_party/perfetto/protos/perfetto/config/statsd:zero_gen(//build/toolchain/linux:clang_x64)
[2470/4486] ACTION //third_party/perfetto/protos/perfetto/trace/interned_data:zero_gen(//build/toolchain/linux:clang_x64)
[2471/4486] CXX obj/v8/v8_bigint/mul-fft.o
[2472/4486] CXX obj/third_party/perfetto/protos/perfetto/config/system_info/zero/system_info_config.pbzero.o
[2473/4486] CXX obj/third_party/perfetto/protos/perfetto/trace/android/winscope_common_zero/rect.pbzero.o
[2474/4486] CXX obj/third_party/perfetto/protos/perfetto/trace/android/winscope_common_zero/winscope_extensions.pbzero.o
[2475/4486] CXX obj/third_party/perfetto/protos/perfetto/trace/android/winscope_common_zero/insets.pbzero.o
[2476/4486] CXX obj/third_party/perfetto/protos/perfetto/trace/chrome/zero/chrome_benchmark_metadata.pbzero.o
[2477/4486] ACTION //third_party/perfetto/protos/perfetto/trace/android:winscope_regular_zero_gen(//build/toolchain/linux:clang_x64)
[2478/4486] CXX obj/third_party/perfetto/protos/perfetto/trace/chrome/zero/chrome_metadata.pbzero.o
[2479/4486] CXX obj/third_party/perfetto/protos/perfetto/perfetto_sql/zero/structured_query.pbzero.o
[2480/4486] ACTION //third_party/perfetto/protos/third_party/pprof:zero_gen(//build/toolchain/linux:clang_x64)
[2481/4486] CXX obj/third_party/perfetto/protos/perfetto/trace/chrome/zero/chrome_trigger.pbzero.o
[2482/4486] CXX obj/third_party/perfetto/protos/perfetto/common/cpp/gpu_counter_descriptor.gen.o
[2483/4486] CXX obj/third_party/perfetto/protos/perfetto/trace/chrome/zero/chrome_trace_event.pbzero.o
[2484/4486] CXX obj/third_party/perfetto/protos/perfetto/trace/etw/zero/etw.pbzero.o
[2485/4486] CXX obj/third_party/perfetto/protos/perfetto/trace/android/winscope_common_zero/point.pbzero.o
[2486/4486] CXX obj/third_party/perfetto/protos/perfetto/trace/etw/zero/etw_event.pbzero.o
[2487/4486] CXX obj/third_party/perfetto/protos/perfetto/trace/etw/zero/etw_event_bundle.pbzero.o
[2488/4486] CXX obj/third_party/perfetto/protos/perfetto/trace/filesystem/zero/inode_file_map.pbzero.o
[2489/4486] CXX obj/third_party/perfetto/protos/perfetto/trace/gpu/zero/gpu_log.pbzero.o
[2490/4486] CXX obj/third_party/perfetto/protos/perfetto/config/zero/chrome_config.pbzero.o
[2491/4486] CXX obj/third_party/perfetto/protos/perfetto/config/zero/etw_config.pbzero.o
[2492/4486] CXX obj/third_party/perfetto/protos/perfetto/trace/generic_kernel/zero/generic_task.pbzero.o
[2493/4486] CXX obj/third_party/perfetto/protos/perfetto/trace/chrome/zero/v8.pbzero.o
[2494/4486] CXX obj/third_party/perfetto/protos/perfetto/config/zero/histogram_samples.pbzero.o
[2495/4486] CXX obj/third_party/perfetto/protos/perfetto/config/zero/system_metrics.pbzero.o
[2496/4486] CXX obj/third_party/perfetto/protos/perfetto/config/zero/data_source_config.pbzero.o
[2497/4486] CXX obj/third_party/perfetto/protos/perfetto/config/zero/test_config.pbzero.o
[2498/4486] CXX obj/third_party/perfetto/protos/perfetto/config/zero/interceptor_config.pbzero.o
[2499/4486] CXX obj/third_party/perfetto/protos/perfetto/trace/generic_kernel/zero/generic_power.pbzero.o
[2500/4486] CXX obj/third_party/perfetto/protos/perfetto/config/zero/trace_config.pbzero.o
[2501/4486] CXX obj/third_party/perfetto/protos/perfetto/config/statsd/zero/statsd_tracing_config.pbzero.o
[2502/4486] CXX obj/third_party/perfetto/protos/perfetto/trace/minimal_zero/clock_snapshot.pbzero.o
[2503/4486] CXX obj/third_party/perfetto/protos/perfetto/trace/minimal_zero/trace_uuid.pbzero.o
[2504/4486] CXX obj/third_party/perfetto/protos/perfetto/trace/gpu/zero/gpu_counter_event.pbzero.o
[2505/4486] CXX obj/third_party/perfetto/protos/perfetto/config/zero/scenario_config.pbzero.o
[2506/4486] CXX obj/third_party/perfetto/protos/perfetto/config/zero/v8_config.pbzero.o
[2507/4486] CXX obj/third_party/perfetto/protos/perfetto/config/statsd/zero/atom_ids.pbzero.o
[2508/4486] ACTION //third_party/perfetto/protos/perfetto/trace_summary:zero_gen(//build/toolchain/linux:clang_x64)
[2509/4486] CXX obj/third_party/perfetto/protos/perfetto/config/zero/stress_test_config.pbzero.o
[2510/4486] CXX obj/third_party/perfetto/protos/perfetto/trace/minimal_zero/trigger.pbzero.o
[2511/4486] CXX obj/third_party/perfetto/protos/perfetto/trace/android/winscope_regular_zero/shell_transition.pbzero.o
[2512/4486] CXX obj/third_party/perfetto/protos/perfetto/trace/android/winscope_regular_zero/surfaceflinger_common.pbzero.o
[2513/4486] CXX obj/third_party/perfetto/protos/perfetto/trace/android/winscope_regular_zero/protolog.pbzero.o
[2514/4486] CXX obj/third_party/perfetto/protos/perfetto/trace/android/winscope_regular_zero/surfaceflinger_layers.pbzero.o
[2515/4486] CXX obj/third_party/perfetto/protos/perfetto/trace/android/winscope_regular_zero/surfaceflinger_transactions.pbzero.o
[2516/4486] CXX obj/third_party/perfetto/protos/perfetto/trace/android/zero/android_game_intervention_list.pbzero.o
[2517/4486] CXX obj/third_party/perfetto/protos/perfetto/trace/android/zero/android_log.pbzero.o
[2518/4486] CXX obj/third_party/perfetto/protos/perfetto/trace/android/zero/android_system_property.pbzero.o
[2519/4486] CXX obj/third_party/perfetto/protos/perfetto/trace/android/zero/app_wakelock_data.pbzero.o
[2520/4486] CXX obj/third_party/perfetto/protos/perfetto/trace/android/zero/graphics_frame_event.pbzero.o
[2521/4486] CXX obj/third_party/perfetto/protos/perfetto/trace/android/zero/initial_display_state.pbzero.o
[2522/4486] CXX obj/third_party/perfetto/protos/perfetto/trace/android/zero/bluetooth_trace.pbzero.o
[2523/4486] CXX obj/third_party/perfetto/protos/perfetto/trace/android/zero/cpu_per_uid_data.pbzero.o
[2524/4486] CXX obj/third_party/perfetto/protos/perfetto/trace/android/zero/frame_timeline_event.pbzero.o
[2525/4486] CXX obj/third_party/perfetto/protos/perfetto/trace/android/zero/gpu_mem_event.pbzero.o
[2526/4486] CXX obj/third_party/perfetto/protos/perfetto/trace/android/zero/kernel_wakelock_data.pbzero.o
[2527/4486] CXX obj/third_party/perfetto/protos/perfetto/trace/android/zero/network_trace.pbzero.o
[2528/4486] ACTION //third_party/perfetto/protos/perfetto/trace_processor:zero_gen(//build/toolchain/linux:clang_x64)
[2529/4486] CXX obj/third_party/perfetto/protos/perfetto/trace/android/zero/camera_event.pbzero.o
[2530/4486] CXX obj/third_party/perfetto/protos/perfetto/trace/android/zero/user_list.pbzero.o
[2531/4486] CXX obj/third_party/perfetto/protos/perfetto/trace/gpu/zero/gpu_render_stage_event.pbzero.o
[2532/4486] CXX obj/third_party/perfetto/protos/perfetto/trace/gpu/zero/vulkan_api_event.pbzero.o
[2533/4486] CXX obj/third_party/perfetto/protos/perfetto/trace/gpu/zero/vulkan_memory_event.pbzero.o
[2534/4486] CXX obj/third_party/perfetto/protos/perfetto/trace/perfetto/zero/perfetto_metatrace.pbzero.o
[2535/4486] CXX obj/third_party/perfetto/protos/perfetto/trace/android/zero/packages_list.pbzero.o
[2536/4486] CXX obj/third_party/perfetto/protos/perfetto/trace/android/zero/pixel_modem_events.pbzero.o
[2537/4486] CXX obj/third_party/perfetto/protos/perfetto/trace/perfetto/zero/trace_provenance.pbzero.o
[2538/4486] CXX obj/third_party/perfetto/protos/perfetto/trace/power/zero/android_entity_state_residency.pbzero.o
[2539/4486] CXX obj/third_party/perfetto/protos/perfetto/trace/power/zero/power_rails.pbzero.o
[2540/4486] CXX obj/third_party/perfetto/protos/perfetto/trace/profiling/zero/heap_graph.pbzero.o
[2541/4486] CXX obj/third_party/perfetto/protos/perfetto/trace/perfetto/zero/tracing_service_event.pbzero.o
[2542/4486] CXX obj/third_party/perfetto/protos/perfetto/trace/power/zero/android_energy_estimation_breakdown.pbzero.o
[2543/4486] CXX obj/third_party/perfetto/protos/perfetto/trace/power/zero/battery_counters.pbzero.o
[2544/4486] CXX obj/third_party/perfetto/protos/perfetto/trace/profiling/zero/smaps.pbzero.o
[2545/4486] ACTION //third_party/perfetto/protos/perfetto/trace/track_event:zero_gen(//build/toolchain/linux:clang_x64)
[2546/4486] CXX obj/third_party/perfetto/protos/perfetto/trace/profiling/zero/deobfuscation.pbzero.o
[2547/4486] CXX obj/third_party/perfetto/protos/perfetto/trace/profiling/zero/profile_common.pbzero.o
[2548/4486] CXX obj/third_party/perfetto/protos/perfetto/trace/profiling/zero/profile_packet.pbzero.o
[2549/4486] CXX obj/third_party/perfetto/protos/perfetto/trace/ps/zero/process_stats.pbzero.o
[2550/4486] CXX obj/third_party/perfetto/protos/perfetto/trace/ps/zero/process_tree.pbzero.o
[2551/4486] CXX obj/third_party/perfetto/protos/perfetto/trace/statsd/zero/statsd_atom.pbzero.o
[2552/4486] CXX obj/third_party/perfetto/protos/perfetto/trace/sys_stats/zero/sys_stats.pbzero.o
[2553/4486] CXX obj/third_party/perfetto/protos/perfetto/trace/system_info/zero/cpu_info.pbzero.o
[2554/4486] CXX obj/third_party/perfetto/protos/perfetto/trace/translation/zero/translation_table.pbzero.o
[2555/4486] CXX obj/third_party/perfetto/protos/perfetto/trace_processor/zero/stack.pbzero.o
[2556/4486] CXX obj/third_party/perfetto/protos/perfetto/trace_summary/zero/file.pbzero.o
[2557/4486] CXX obj/third_party/perfetto/protos/perfetto/trace_summary/zero/v2_metric.pbzero.o
[2558/4486] CXX obj/third_party/perfetto/src/protozero/descriptor_diff/protozero_descriptor_diff/main.o
[2559/4486] CXX obj/third_party/perfetto/protos/perfetto/trace_processor/zero/metatrace_categories.pbzero.o
[2560/4486] CXX obj/third_party/perfetto/protos/perfetto/trace_processor/zero/serialization.pbzero.o
[2561/4486] CXX obj/third_party/perfetto/protos/perfetto/trace_processor/zero/trace_processor.pbzero.o
[2562/4486] CXX obj/third_party/perfetto/protos/third_party/pprof/zero/profile.pbzero.o
[2563/4486] CXX obj/third_party/perfetto/protos/perfetto/trace/interned_data/zero/interned_data.pbzero.o
[2564/4486] CXX obj/third_party/perfetto/protos/perfetto/trace/track_event/zero/chrome_active_processes.pbzero.o
[2565/4486] CXX obj/third_party/perfetto/protos/perfetto/trace/track_event/zero/chrome_application_state_info.pbzero.o
[2566/4486] CXX obj/third_party/perfetto/protos/perfetto/trace/track_event/zero/chrome_compositor_scheduler_state.pbzero.o
[2567/4486] CXX obj/third_party/perfetto/protos/perfetto/trace/track_event/zero/chrome_content_settings_event_info.pbzero.o
[2568/4486] CXX obj/third_party/perfetto/protos/perfetto/trace/track_event/zero/chrome_frame_reporter.pbzero.o
[2569/4486] CXX obj/third_party/perfetto/protos/perfetto/trace/track_event/zero/chrome_legacy_ipc.pbzero.o
[2570/4486] CXX obj/third_party/perfetto/protos/perfetto/trace/track_event/zero/chrome_mojo_event_info.pbzero.o
[2571/4486] CXX obj/third_party/perfetto/protos/perfetto/common/cpp/trace_stats.gen.o
[2572/4486] CXX obj/third_party/perfetto/protos/perfetto/trace/track_event/zero/chrome_histogram_sample.pbzero.o
[2573/4486] CXX obj/third_party/perfetto/protos/perfetto/trace/track_event/zero/chrome_latency_info.pbzero.o
[2574/4486] CXX obj/third_party/perfetto/protos/perfetto/trace/track_event/zero/chrome_message_pump.pbzero.o
[2575/4486] CXX obj/third_party/perfetto/protos/perfetto/trace/track_event/zero/chrome_process_descriptor.pbzero.o
[2576/4486] CXX obj/third_party/perfetto/protos/perfetto/trace/track_event/zero/chrome_keyed_service.pbzero.o
[2577/4486] CXX obj/third_party/perfetto/protos/perfetto/trace/track_event/zero/chrome_renderer_scheduler_state.pbzero.o
[2578/4486] CXX obj/third_party/perfetto/protos/perfetto/trace/track_event/zero/chrome_user_event.pbzero.o
[2579/4486] CXX obj/third_party/perfetto/protos/perfetto/trace/track_event/zero/chrome_window_handle_event_info.pbzero.o
[2580/4486] CXX obj/third_party/perfetto/protos/perfetto/common/cpp/tracing_service_state.gen.o
[2581/4486] CXX obj/third_party/perfetto/protos/perfetto/trace/track_event/zero/counter_descriptor.pbzero.o
[2582/4486] CXX obj/third_party/perfetto/protos/perfetto/trace/track_event/zero/chrome_thread_descriptor.pbzero.o
[2583/4486] CXX obj/third_party/perfetto/protos/perfetto/trace/track_event/zero/debug_annotation.pbzero.o
[2584/4486] CXX obj/third_party/perfetto/protos/perfetto/trace/track_event/zero/log_message.pbzero.o
[2585/4486] CXX obj/third_party/perfetto/protos/perfetto/trace/track_event/zero/process_descriptor.pbzero.o
[2586/4486] CXX obj/third_party/perfetto/protos/perfetto/trace/track_event/zero/screenshot.pbzero.o
[2587/4486] CXX obj/third_party/perfetto/protos/perfetto/trace/track_event/zero/task_execution.pbzero.o
[2588/4486] CXX obj/third_party/perfetto/protos/perfetto/trace/track_event/zero/range_of_interest.pbzero.o
[2589/4486] CXX obj/third_party/perfetto/protos/perfetto/trace/track_event/zero/source_location.pbzero.o
[2590/4486] CXX obj/third_party/perfetto/protos/perfetto/trace/track_event/zero/track_event.pbzero.o
[2591/4486] CXX obj/third_party/perfetto/protos/perfetto/trace/track_event/zero/thread_descriptor.pbzero.o
[2592/4486] CXX obj/third_party/perfetto/protos/perfetto/trace/track_event/zero/track_descriptor.pbzero.o
[2593/4486] CXX obj/third_party/perfetto/src/base/clock_snapshots/clock_snapshots.o
[2594/4486] CXX obj/third_party/perfetto/protos/perfetto/trace/track_event/cpp/task_execution.gen.o
[2595/4486] CXX obj/third_party/perfetto/protos/perfetto/trace/track_event/cpp/range_of_interest.gen.o
[2596/4486] CXX obj/third_party/perfetto/src/protovm/protovm/error_handling.o
[2597/4486] CXX obj/third_party/perfetto/protos/perfetto/trace/track_event/cpp/screenshot.gen.o
[2598/4486] CXX obj/third_party/perfetto/protos/perfetto/trace/track_event/cpp/thread_descriptor.gen.o
[2599/4486] CXX obj/third_party/perfetto/src/protozero/descriptor_diff/lib/descriptor_diff.o
[2600/4486] CXX obj/third_party/perfetto/protos/perfetto/trace/track_event/cpp/source_location.gen.o
[2601/4486] CXX obj/third_party/perfetto/src/protovm/protovm/node.o
[2602/4486] CXX obj/third_party/perfetto/protos/perfetto/trace/track_event/cpp/log_message.gen.o
[2603/4486] CXX obj/third_party/perfetto/src/protovm/protovm/ro_cursor.o
[2604/4486] CXX obj/third_party/perfetto/src/trace_processor/util/blob/trace_blob.o
[2605/4486] CXX obj/third_party/perfetto/protos/perfetto/trace/track_event/cpp/process_descriptor.gen.o
[2606/4486] CXX obj/third_party/perfetto/protos/perfetto/trace/track_event/cpp/track_descriptor.gen.o
[2607/4486] CXX obj/v8/v8_heap_base/push_registers_asm.o
[2608/4486] LINK ./protozero_descriptor_diff
[2609/4486] CXX obj/third_party/perfetto/src/protovm/protovm/executor.o
[2610/4486] CXX obj/third_party/perfetto/src/protovm/protovm/allocator.o
[2611/4486] CXX obj/third_party/perfetto/src/protovm/protovm/rw_proto.o
[2612/4486] CXX obj/third_party/perfetto/src/trace_processor/containers/containers/string_pool.o
[2613/4486] CXX obj/third_party/perfetto/src/trace_processor/importers/perf_text/perf_text_sample_line_parser/perf_text_sample_line_parser.o
[2614/4486] CXX obj/third_party/perfetto/protos/perfetto/common/cpp/descriptor.gen.o
[2615/4486] CXX obj/third_party/perfetto/src/protovm/protovm/parser.o
[2616/4486] SOLINK ./libthird_party_icu_icui18n.so
[2617/4486] CXX obj/third_party/perfetto/src/trace_processor/importers/android_bugreport/android_log_event/android_log_event.o
[2618/4486] CXX obj/third_party/perfetto/src/trace_processor/importers/fuchsia/fuchsia_record/fuchsia_record.o
[2619/4486] ACTION //third_party/perfetto/protos/third_party/chromium:zero_gen(//build/toolchain/linux:clang_x64)
[2620/4486] CXX obj/v8/v8_heap_base/memory-tagging.o
[2621/4486] ACTION //third_party/perfetto/protos/perfetto/config/qnx:cpp_gen(//build/toolchain/linux:clang_x64)
[2622/4486] ACTION //third_party/perfetto/protos/perfetto/config/interceptors:cpp_gen(//build/toolchain/linux:clang_x64)
[2623/4486] CXX obj/third_party/perfetto/src/protovm/protovm/vm.o
[2624/4486] CXX obj/third_party/perfetto/protos/third_party/chromium/zero/chrome_enums.pbzero.o
[2625/4486] CXX obj/third_party/perfetto/protos/third_party/chromium/zero/chrome_track_event.pbzero.o
[2626/4486] CXX obj/v8/v8_heap_base/unsafe-json-emitter.o
[2627/4486] ACTION //third_party/perfetto/protos/perfetto/config/profiling:cpp_gen(//build/toolchain/linux:clang_x64)
[2628/4486] ACTION //third_party/perfetto/protos/perfetto/config/sys_stats:cpp_gen(//build/toolchain/linux:clang_x64)
[2629/4486] ACTION //third_party/perfetto/protos/perfetto/config/android:cpp_gen(//build/toolchain/linux:clang_x64)
[2630/4486] CXX obj/v8/v8_heap_base/incremental-marking-schedule.o
[2631/4486] ACTION //third_party/perfetto/protos/perfetto/trace:descriptor_gen(//build/toolchain/linux:clang_x64)
[2632/4486] CXX obj/v8/v8_heap_base/worklist.o
[2633/4486] CXX obj/third_party/perfetto/src/protovm/protovm/rw_proto_cursor.o
[2634/4486] CXX obj/third_party/perfetto/protos/perfetto/config/qnx/cpp/qnx_config.gen.o
[2635/4486] CXX obj/third_party/perfetto/protos/perfetto/config/interceptors/cpp/console_config.gen.o
[2636/4486] CXX obj/v8/v8_heap_base/active-system-pages.o
[2637/4486] CXX obj/third_party/perfetto/protos/perfetto/config/android/cpp/android_polled_state_config.gen.o
[2638/4486] CXX obj/third_party/perfetto/protos/perfetto/config/android/cpp/kernel_wakelocks_config.gen.o
[2639/4486] CXX obj/third_party/perfetto/protos/perfetto/config/android/cpp/app_wakelock_config.gen.o
[2640/4486] CXX obj/third_party/perfetto/protos/perfetto/config/android/cpp/inputmethod_config.gen.o
[2641/4486] CXX obj/third_party/perfetto/src/trace_processor/util/protozero_to_text/protozero_to_text.o
[2642/4486] CXX obj/third_party/perfetto/src/trace_processor/core/interpreter/interpreter/bytecode_builder.o
[2643/4486] CXX obj/v8/v8_heap_base/stack.o
[2644/4486] CXX obj/third_party/perfetto/protos/perfetto/trace/track_event/cpp/track_event.gen.o
[2645/4486] ACTION //third_party/perfetto/protos/third_party/chromium:extension_descriptor_gen(//build/toolchain/linux:clang_x64)
[2646/4486] CXX obj/third_party/perfetto/protos/perfetto/config/android/cpp/cpu_per_uid_config.gen.o
[2647/4486] CXX obj/third_party/perfetto/protos/perfetto/config/android/cpp/android_system_property_config.gen.o
[2648/4486] CXX obj/third_party/perfetto/protos/perfetto/config/android/cpp/android_game_intervention_list_config.gen.o
[2649/4486] CXX obj/third_party/perfetto/protos/perfetto/config/android/cpp/android_log_config.gen.o
[2650/4486] CXX obj/third_party/perfetto/protos/perfetto/config/android/cpp/network_trace_config.gen.o
[2651/4486] CXX obj/third_party/perfetto/protos/perfetto/config/profiling/cpp/heapprofd_config.gen.o
[2652/4486] CXX obj/third_party/perfetto/protos/perfetto/config/android/cpp/android_input_event_config.gen.o
[2653/4486] CXX obj/v8/src/inspector/inspector_string_conversions/v8-string-conversions.o
[2654/4486] CXX obj/third_party/perfetto/src/trace_processor/util/proto_to_args_parser/debug_annotation_parser.o
[2655/4486] CXX obj/third_party/perfetto/protos/perfetto/config/profiling/cpp/java_hprof_config.gen.o
[2656/4486] CXX obj/third_party/perfetto/protos/perfetto/config/android/cpp/packages_list_config.gen.o
[2657/4486] CXX obj/third_party/perfetto/protos/perfetto/config/android/cpp/android_sdk_sysprop_guard_config.gen.o
[2658/4486] CXX obj/third_party/perfetto/protos/perfetto/config/sys_stats/cpp/sys_stats_config.gen.o
[2659/4486] CXX obj/third_party/perfetto/protos/perfetto/config/android/cpp/pixel_modem_config.gen.o
[2660/4486] ACTION //third_party/perfetto/protos/perfetto/trace:non_minimal_zero_gen(//build/toolchain/linux:clang_x64)
[2661/4486] ACTION //third_party/perfetto/src/trace_processor/importers/proto:gen_cc_chrome_track_event_descriptor(//build/toolchain/linux:clang_x64)
[2662/4486] CXX obj/third_party/perfetto/src/trace_processor/util/clock/clock_synchronizer.o
[2663/4486] CXX obj/third_party/perfetto/protos/perfetto/config/android/cpp/surfaceflinger_transactions_config.gen.o
[2664/4486] CXX obj/third_party/perfetto/protos/perfetto/config/android/cpp/protolog_config.gen.o
[2665/4486] CXX obj/third_party/perfetto/protos/perfetto/config/android/cpp/windowmanager_config.gen.o
[2666/4486] CXX obj/third_party/perfetto/protos/perfetto/config/android/cpp/surfaceflinger_layers_config.gen.o
[2667/4486] CXX obj/third_party/perfetto/protos/perfetto/config/android/cpp/user_list_config.gen.o
[2668/4486] CXX obj/third_party/perfetto/protos/perfetto/config/profiling/cpp/perf_event_config.gen.o
[2669/4486] ACTION //third_party/perfetto/protos/perfetto/trace/ftrace:zero_gen(//build/toolchain/linux:clang_x64)
[2670/4486] CXX obj/third_party/perfetto/protos/perfetto/trace/non_minimal_zero/trace_packet_defaults.pbzero.o
[2671/4486] CXX obj/third_party/perfetto/protos/perfetto/trace/non_minimal_zero/test_extensions.pbzero.o
[2672/4486] CXX obj/third_party/perfetto/protos/perfetto/trace/non_minimal_zero/evdev.pbzero.o
[2673/4486] CXX obj/third_party/perfetto/protos/perfetto/trace/non_minimal_zero/remote_clock_sync.pbzero.o
[2674/4486] CXX obj/third_party/perfetto/protos/perfetto/trace/non_minimal_zero/test_event.pbzero.o
[2675/4486] CXX obj/third_party/perfetto/protos/perfetto/trace/non_minimal_zero/extension_descriptor.pbzero.o
[2676/4486] CXX obj/third_party/perfetto/protos/perfetto/trace/non_minimal_zero/memory_graph.pbzero.o
[2677/4486] CXX obj/third_party/perfetto/protos/perfetto/trace/non_minimal_zero/ui_state.pbzero.o
[2678/4486] CXX obj/third_party/perfetto/protos/perfetto/trace/ftrace/zero/ftrace_event_bundle.pbzero.o
[2679/4486] CXX obj/third_party/perfetto/protos/perfetto/trace/ftrace/zero/ftrace_stats.pbzero.o
[2680/4486] CXX obj/third_party/perfetto/protos/perfetto/trace/ftrace/zero/test_bundle_wrapper.pbzero.o
[2681/4486] CXX obj/third_party/perfetto/protos/perfetto/trace/ftrace/zero/generic.pbzero.o
[2682/4486] CXX obj/third_party/perfetto/protos/perfetto/trace/ftrace/zero/android_fs.pbzero.o
[2683/4486] CXX obj/third_party/perfetto/protos/perfetto/trace/ftrace/zero/bcl_exynos.pbzero.o
[2684/4486] CXX obj/third_party/perfetto/protos/perfetto/trace/ftrace/zero/binder.pbzero.o
[2685/4486] CXX obj/third_party/perfetto/protos/perfetto/trace/ftrace/zero/block.pbzero.o
[2686/4486] CXX obj/third_party/perfetto/protos/perfetto/trace/non_minimal_zero/trace.pbzero.o
[2687/4486] CXX obj/third_party/perfetto/protos/perfetto/trace/ftrace/zero/ftrace_event.pbzero.o
[2688/4486] CXX obj/third_party/perfetto/protos/perfetto/trace/ftrace/zero/clk.pbzero.o
[2689/4486] CXX obj/third_party/perfetto/protos/perfetto/trace/ftrace/zero/cma.pbzero.o
[2690/4486] CXX obj/third_party/perfetto/protos/perfetto/trace/ftrace/zero/compaction.pbzero.o
[2691/4486] CXX obj/third_party/perfetto/protos/perfetto/trace/ftrace/zero/cpm_trace.pbzero.o
[2692/4486] CXX obj/third_party/perfetto/protos/perfetto/trace/non_minimal_zero/trace_packet.pbzero.o
[2693/4486] CXX obj/third_party/perfetto/protos/perfetto/trace/ftrace/zero/cgroup.pbzero.o
[2694/4486] CXX obj/third_party/perfetto/protos/perfetto/trace/ftrace/zero/cros_ec.pbzero.o
[2695/4486] CXX obj/third_party/perfetto/protos/perfetto/trace/ftrace/zero/dcvsh.pbzero.o
[2696/4486] CXX obj/third_party/perfetto/protos/perfetto/trace/ftrace/zero/cpuhp.pbzero.o
[2697/4486] CXX obj/third_party/perfetto/protos/perfetto/trace/ftrace/zero/devfreq.pbzero.o
[2698/4486] CXX obj/third_party/perfetto/src/trace_processor/util/proto_to_args_parser/proto_to_args_parser.o
[2699/4486] CXX obj/third_party/perfetto/protos/perfetto/trace/ftrace/zero/ext4.pbzero.o
[2700/4486] CXX obj/third_party/perfetto/protos/perfetto/trace/ftrace/zero/filemap.pbzero.o
[2701/4486] CXX obj/third_party/perfetto/protos/perfetto/trace/ftrace/zero/fs.pbzero.o
[2702/4486] CXX obj/third_party/perfetto/protos/perfetto/trace/ftrace/zero/g2d.pbzero.o
[2703/4486] CXX obj/third_party/perfetto/protos/perfetto/trace/ftrace/zero/dpu.pbzero.o
[2704/4486] CXX obj/third_party/perfetto/protos/perfetto/trace/ftrace/zero/drm.pbzero.o
[2705/4486] CXX obj/third_party/perfetto/protos/perfetto/trace/ftrace/zero/dwc3.pbzero.o
[2706/4486] CXX obj/third_party/perfetto/protos/perfetto/trace/ftrace/zero/fence.pbzero.o
[2707/4486] CXX obj/third_party/perfetto/protos/perfetto/trace/ftrace/zero/ftrace.pbzero.o
[2708/4486] CXX obj/third_party/perfetto/protos/perfetto/trace/ftrace/zero/fwtp_ftrace.pbzero.o
[2709/4486] CXX obj/third_party/perfetto/protos/perfetto/trace/ftrace/zero/google_icc_trace.pbzero.o
[2710/4486] CXX obj/third_party/perfetto/protos/perfetto/trace/ftrace/zero/google_irm_trace.pbzero.o
[2711/4486] CXX obj/third_party/perfetto/protos/perfetto/trace/ftrace/zero/gpu_mem.pbzero.o
[2712/4486] CXX obj/third_party/perfetto/protos/perfetto/trace/ftrace/zero/gpu_scheduler.pbzero.o
[2713/4486] CXX obj/third_party/perfetto/protos/perfetto/trace/ftrace/zero/hyp.pbzero.o
[2714/4486] CXX obj/third_party/perfetto/protos/perfetto/trace/ftrace/zero/i2c.pbzero.o
[2715/4486] CXX obj/third_party/perfetto/protos/perfetto/trace/ftrace/zero/ion.pbzero.o
[2716/4486] CXX obj/third_party/perfetto/protos/perfetto/trace/ftrace/zero/fastrpc.pbzero.o
[2717/4486] CXX obj/third_party/perfetto/protos/perfetto/trace/ftrace/zero/ipi.pbzero.o
[2718/4486] CXX obj/third_party/perfetto/protos/perfetto/trace/ftrace/zero/irq.pbzero.o
[2719/4486] CXX obj/third_party/perfetto/protos/perfetto/trace/ftrace/zero/hypervisor.pbzero.o
[2720/4486] CXX obj/third_party/perfetto/protos/perfetto/trace/ftrace/zero/kmem.pbzero.o
[2721/4486] CXX obj/third_party/perfetto/protos/perfetto/trace/ftrace/zero/dmabuf_heap.pbzero.o
[2722/4486] CXX obj/third_party/perfetto/protos/perfetto/trace/ftrace/zero/f2fs.pbzero.o
[2723/4486] CXX obj/third_party/perfetto/protos/perfetto/trace/ftrace/zero/kgsl.pbzero.o
[2724/4486] CXX obj/third_party/perfetto/protos/perfetto/trace/ftrace/zero/dma_fence.pbzero.o
[2725/4486] CXX obj/third_party/perfetto/protos/perfetto/trace/ftrace/zero/lowmemorykiller.pbzero.o
[2726/4486] CXX obj/third_party/perfetto/protos/perfetto/trace/ftrace/zero/kvm.pbzero.o
[2727/4486] CXX obj/third_party/perfetto/protos/perfetto/trace/ftrace/zero/irq_vectors.pbzero.o
[2728/4486] CXX obj/third_party/perfetto/protos/perfetto/trace/ftrace/zero/printk.pbzero.o
[2729/4486] CXX obj/third_party/perfetto/protos/perfetto/trace/ftrace/zero/mdss.pbzero.o
[2730/4486] CXX obj/third_party/perfetto/protos/perfetto/trace/ftrace/zero/panel.pbzero.o
[2731/4486] CXX obj/third_party/perfetto/protos/perfetto/trace/ftrace/zero/mali.pbzero.o
[2732/4486] CXX obj/third_party/perfetto/protos/perfetto/trace/ftrace/zero/perf_trace_counters.pbzero.o
[2733/4486] CXX obj/third_party/perfetto/protos/perfetto/trace/ftrace/zero/pixel_mm.pbzero.o
[2734/4486] CXX obj/third_party/perfetto/protos/perfetto/trace/ftrace/zero/power.pbzero.o
[2735/4486] CXX obj/third_party/perfetto/protos/perfetto/trace/ftrace/zero/net.pbzero.o
[2736/4486] CXX obj/third_party/perfetto/protos/perfetto/trace/ftrace/zero/oom.pbzero.o
[2737/4486] CXX obj/third_party/perfetto/protos/perfetto/trace/ftrace/zero/raw_syscalls.pbzero.o
[2738/4486] CXX obj/third_party/perfetto/protos/perfetto/trace/ftrace/zero/regulator.pbzero.o
[2739/4486] CXX obj/third_party/perfetto/protos/perfetto/trace/ftrace/zero/rpm.pbzero.o
[2740/4486] CXX obj/third_party/perfetto/protos/perfetto/trace/ftrace/zero/samsung.pbzero.o
[2741/4486] CXX obj/third_party/perfetto/protos/perfetto/trace/ftrace/zero/sched.pbzero.o
[2742/4486] CXX obj/third_party/perfetto/src/trace_processor/util/descriptors/descriptors.o
[2743/4486] CXX obj/third_party/perfetto/protos/perfetto/trace/ftrace/zero/lwis.pbzero.o
[2744/4486] CXX obj/third_party/perfetto/protos/perfetto/trace/ftrace/zero/mm_event.pbzero.o
[2745/4486] CXX obj/third_party/perfetto/protos/perfetto/trace/ftrace/zero/scm.pbzero.o
[2746/4486] CXX obj/third_party/perfetto/protos/perfetto/trace/ftrace/zero/scsi.pbzero.o
[2747/4486] CXX obj/third_party/perfetto/protos/perfetto/trace/ftrace/zero/sde.pbzero.o
[2748/4486] CXX obj/third_party/perfetto/protos/perfetto/trace/ftrace/zero/signal.pbzero.o
[2749/4486] CXX obj/third_party/perfetto/protos/perfetto/trace/ftrace/zero/skb.pbzero.o
[2750/4486] CXX obj/third_party/perfetto/protos/perfetto/trace/ftrace/zero/sock.pbzero.o
[2751/4486] CXX obj/third_party/perfetto/protos/perfetto/trace/ftrace/zero/sync.pbzero.o
[2752/4486] CXX obj/third_party/perfetto/protos/perfetto/trace/ftrace/zero/systrace.pbzero.o
[2753/4486] CXX obj/third_party/perfetto/protos/perfetto/trace/ftrace/zero/synthetic.pbzero.o
[2754/4486] CXX obj/third_party/perfetto/protos/perfetto/trace/ftrace/zero/task.pbzero.o
[2755/4486] CXX obj/third_party/perfetto/protos/perfetto/trace/ftrace/zero/thermal_exynos.pbzero.o
[2756/4486] CXX obj/third_party/perfetto/protos/perfetto/trace/ftrace/zero/tcp.pbzero.o
[2757/4486] CXX obj/third_party/perfetto/protos/perfetto/trace/ftrace/zero/timer.pbzero.o
[2758/4486] CXX obj/third_party/perfetto/protos/perfetto/trace/ftrace/zero/trusty.pbzero.o
[2759/4486] CXX obj/third_party/perfetto/protos/perfetto/trace/ftrace/zero/virtio_gpu.pbzero.o
[2760/4486] CXX obj/third_party/perfetto/protos/perfetto/trace/ftrace/zero/vmscan.pbzero.o
[2761/4486] CXX obj/third_party/perfetto/protos/perfetto/trace/ftrace/zero/thermal.pbzero.o
[2762/4486] CXX obj/third_party/perfetto/protos/perfetto/trace/ftrace/zero/ufs.pbzero.o
[2763/4486] CXX obj/third_party/perfetto/protos/perfetto/trace/ftrace/zero/virtio_video.pbzero.o
[2764/4486] CXX obj/third_party/perfetto/protos/perfetto/trace/ftrace/zero/v4l2.pbzero.o
[2765/4486] CXX obj/third_party/perfetto/protos/perfetto/trace/ftrace/zero/workqueue.pbzero.o
[2766/4486] CXX obj/third_party/perfetto/src/trace_processor/core/dataframe/dataframe/adhoc_dataframe_builder.o
[2767/4486] CXX obj/third_party/perfetto/src/trace_processor/storage_minimal/virtual_destructors.o
[2768/4486] ACTION //third_party/perfetto/protos/perfetto/config:cpp_gen(//build/toolchain/linux:clang_x64)
[2769/4486] CXX obj/third_party/perfetto/src/trace_processor/core/interpreter/interpreter/bytecode_to_string.o
[2770/4486] CXX obj/third_party/perfetto/src/trace_processor/core/dataframe/dataframe/dataframe.o
[2771/4486] CXX obj/third_party/perfetto/protos/perfetto/config/cpp/chrome_config.gen.o
[2772/4486] CXX obj/third_party/perfetto/protos/perfetto/config/cpp/histogram_samples.gen.o
[2773/4486] CXX obj/third_party/perfetto/src/trace_processor/core/interpreter/interpreter/bytecode_interpreter_impl.o
[2774/4486] CXX obj/third_party/perfetto/protos/perfetto/config/cpp/v8_config.gen.o
[2775/4486] CXX obj/third_party/perfetto/protos/perfetto/config/cpp/system_metrics.gen.o
[2776/4486] CXX obj/third_party/perfetto/src/trace_processor/core/dataframe/dataframe/query_plan.o
[2777/4486] CXX obj/third_party/perfetto/protos/perfetto/config/cpp/data_source_config.gen.o
[2778/4486] RUST clang_x64_for_rust_host_build_tools/obj/third_party/rust/serde_core/v1/lib/libserde_core_lib.rlib clang_x64_for_rust_host_build_tools/obj/third_party/rust/serde_core/v1/lib/libserde_core_lib.rmeta clang_x64_for_rust_host_build_tools/obj/third_party/rust/serde_core/v1/lib.rustflags.json clang_x64_for_rust_host_build_tools/obj/third_party/rust/serde_core/v1/lib.rsp.rust
[2779/4486] CXX obj/third_party/perfetto/src/trace_processor/importers/common/common/slice_translation_table.o
[2780/4486] CXX obj/third_party/perfetto/protos/perfetto/config/cpp/interceptor_config.gen.o
[2781/4486] CXX obj/third_party/perfetto/protos/perfetto/config/cpp/etw_config.gen.o
[2782/4486] CXX obj/third_party/simdutf/simdutf/simdutf.o
[2783/4486] CXX obj/third_party/perfetto/src/trace_processor/storage_minimal/trace_processor_storage.o
[2784/4486] CXX obj/third_party/perfetto/src/trace_processor/importers/common/common/deobfuscation_mapping_table.o
[2785/4486] CXX obj/third_party/perfetto/src/trace_processor/storage_minimal/trace_reader_registry.o
[2786/4486] CXX obj/third_party/perfetto/protos/perfetto/config/cpp/test_config.gen.o
[2787/4486] CXX obj/third_party/perfetto/protos/perfetto/config/cpp/scenario_config.gen.o
[2788/4486] CXX obj/third_party/perfetto/src/trace_processor/importers/common/common/process_track_translation_table.o
[2789/4486] CXX obj/third_party/perfetto/src/trace_processor/importers/common/common/system_info_tracker.o
[2790/4486] CXX obj/third_party/perfetto/src/protozero/filtering/message_filter_config/message_filter_config.o
[2791/4486] CXX obj/third_party/perfetto/protos/perfetto/config/cpp/stress_test_config.gen.o
[2792/4486] CXX obj/third_party/perfetto/src/trace_processor/importers/common/common/metadata_tracker.o
[2793/4486] CXX obj/third_party/perfetto/src/trace_processor/importers/common/common/global_args_tracker.o
[2794/4486] CXX obj/third_party/perfetto/src/trace_processor/importers/common/common/machine_tracker.o
[2795/4486] CXX obj/third_party/perfetto/src/trace_processor/importers/common/common/clock_converter.o
[2796/4486] CXX obj/third_party/perfetto/src/trace_processor/importers/common/common/cpu_tracker.o
[2797/4486] CXX obj/third_party/perfetto/src/trace_processor/importers/proto/minimal/blob_packet_writer.o
[2798/4486] CXX obj/third_party/perfetto/src/trace_processor/importers/common/common/global_metadata_tracker.o
[2799/4486] CXX obj/third_party/perfetto/src/trace_processor/importers/common/common/registered_file_tracker.o
[2800/4486] CXX obj/third_party/highway/libhwy/per_target.o
[2801/4486] CXX obj/third_party/perfetto/src/trace_processor/core/dataframe/dataframe/typed_cursor.o
[2802/4486] CXX obj/third_party/perfetto/protos/perfetto/config/cpp/trace_config.gen.o
[2803/4486] CXX obj/third_party/perfetto/src/trace_processor/importers/common/common/stack_profile_tracker.o
[2804/4486] CXX obj/third_party/perfetto/src/trace_processor/importers/common/common/symbol_tracker.o
[2805/4486] CXX obj/third_party/perfetto/src/trace_processor/importers/common/common/mapping_tracker.o
[2806/4486] ACTION //third_party/perfetto/protos/perfetto/ipc:cpp_gen(//build/toolchain/linux:clang_x64)
[2807/4486] CXX obj/third_party/perfetto/src/trace_processor/importers/etw/minimal/etw_module.o
[2808/4486] CXX obj/third_party/perfetto/src/trace_processor/importers/ftrace/minimal/ftrace_module.o
[2809/4486] CXX obj/third_party/perfetto/src/trace_processor/importers/common/common/import_logs_tracker.o
[2810/4486] CXX obj/third_party/perfetto/src/trace_processor/importers/common/common/jit_cache.o
[2811/4486] CXX obj/third_party/perfetto/src/trace_processor/importers/common/common/flow_tracker.o
[2812/4486] CXX obj/third_party/perfetto/src/trace_processor/importers/common/common/clock_tracker.o
[2813/4486] CXX obj/third_party/perfetto/src/trace_processor/importers/common/common/trace_file_tracker.o
[2814/4486] CXX obj/third_party/perfetto/src/trace_processor/importers/proto/minimal/packet_analyzer.o
[2815/4486] CXX obj/third_party/perfetto/src/trace_processor/importers/proto/minimal/chrome_system_probes_module.o
[2816/4486] CXX obj/third_party/perfetto/src/trace_processor/importers/proto/minimal/chrome_string_lookup.o
[2817/4486] CXX obj/third_party/perfetto/src/trace_processor/importers/common/common/sched_event_tracker.o
[2818/4486] CXX obj/third_party/perfetto/src/trace_processor/importers/common/common/event_tracker.o
[2819/4486] CXX obj/third_party/perfetto/src/trace_processor/importers/proto/minimal/active_chrome_processes_tracker.o
[2820/4486] CXX obj/third_party/perfetto/src/trace_processor/importers/proto/minimal/metadata_minimal_module.o
[2821/4486] CXX obj/third_party/perfetto/src/trace_processor/importers/common/common/virtual_memory_mapping.o
[2822/4486] CXX obj/third_party/perfetto/src/trace_processor/importers/common/common/args_tracker.o
[2823/4486] CXX obj/third_party/perfetto/src/trace_processor/storage_minimal/trace_processor_storage_impl.o
[2824/4486] CXX obj/third_party/perfetto/src/trace_processor/importers/common/common/args_translation_table.o
[2825/4486] CXX obj/third_party/perfetto/src/trace_processor/importers/common/common/slice_tracker.o
[2826/4486] CXX obj/third_party/perfetto/src/trace_processor/storage_minimal/forwarding_trace_parser.o
[2827/4486] CXX obj/third_party/perfetto/protos/perfetto/ipc/cpp/relay_port.gen.o
[2828/4486] CXX obj/third_party/perfetto/src/trace_processor/importers/common/common/process_tracker.o
[2829/4486] CXX obj/third_party/perfetto/src/trace_processor/export_json/export_json.o
[2830/4486] CXX obj/third_party/perfetto/src/trace_processor/importers/proto/minimal/track_event_sequence_state.o
[2831/4486] CXX obj/third_party/perfetto/src/trace_processor/types/types/destructible.o
[2832/4486] CXX obj/third_party/perfetto/src/trace_processor/importers/proto/minimal/packet_sequence_state_generation.o
[2833/4486] CXX obj/third_party/perfetto/src/trace_processor/importers/proto/minimal/proto_trace_tokenizer.o
[2834/4486] CXX obj/third_party/perfetto/src/trace_processor/importers/common/common/legacy_v8_cpu_profile_tracker.o
[2835/4486] CXX obj/third_party/perfetto/src/trace_processor/types/types/gfp_flags.o
[2836/4486] CXX obj/third_party/perfetto/src/trace_processor/types/types/task_state.o
[2837/4486] CXX obj/third_party/perfetto/src/trace_processor/importers/common/common/track_tracker.o
[2838/4486] CXX obj/third_party/perfetto/src/tracing/client_api_without_backends/checked_scope.o
[2839/4486] CXX obj/third_party/perfetto/protos/perfetto/ipc/cpp/consumer_port.gen.o
[2840/4486] CXX obj/third_party/perfetto/src/trace_processor/importers/common/common/thread_state_tracker.o
[2841/4486] CXX obj/third_party/perfetto/src/tracing/client_api_without_backends/debug_annotation.o
[2842/4486] CXX obj/third_party/perfetto/src/tracing/client_api_without_backends/data_source.o
[2843/4486] CXX obj/third_party/perfetto/src/trace_processor/sorter/sorter/trace_token_buffer.o
[2844/4486] CXX obj/third_party/perfetto/src/tracing/client_api_without_backends/interceptor.o
[2845/4486] CXX obj/third_party/perfetto/protos/perfetto/ipc/cpp/producer_port.gen.o
[2846/4486] CXX obj/third_party/perfetto/src/tracing/client_api_without_backends/interceptor_trace_writer.o
[2847/4486] CXX obj/third_party/perfetto/src/tracing/client_api_without_backends/platform.o
[2848/4486] CXX obj/third_party/perfetto/src/tracing/client_api_without_backends/tracing_muxer_fake.o
[2849/4486] CXX obj/third_party/perfetto/src/tracing/client_api_without_backends/platform_windows.o
[2850/4486] CXX obj/third_party/perfetto/src/trace_processor/util/trace_type/trace_type.o
[2851/4486] CXX obj/third_party/perfetto/src/trace_processor/importers/proto/minimal/app_wakelock_module.o
[2852/4486] CXX obj/third_party/perfetto/src/tracing/client_api_without_backends/tracing_backend_fake.o
[2853/4486] CXX obj/third_party/perfetto/src/tracing/client_api_without_backends/tracing_policy.o
[2854/4486] CXX obj/third_party/perfetto/src/tracing/client_api_without_backends/event_context.o
[2855/4486] CXX obj/third_party/perfetto/src/trace_processor/importers/proto/minimal/chrome_system_probes_parser.o
[2856/4486] CXX obj/third_party/perfetto/src/tracing/client_api_without_backends/platform_posix.o
[2857/4486] ACTION //third_party/perfetto/protos/perfetto/ipc:ipc_gen(//build/toolchain/linux:clang_x64)
[2858/4486] CXX obj/third_party/perfetto/src/trace_processor/importers/common/common/track_compressor.o
[2859/4486] CXX obj/third_party/perfetto/src/tracing/client_api_without_backends/track_event_interned_fields.o
[2860/4486] CXX obj/third_party/perfetto/src/tracing/common/trace_writer_base.o
[2861/4486] CXX obj/third_party/perfetto/src/tracing/client_api_without_backends/virtual_destructors.o
[2862/4486] CXX obj/third_party/perfetto/src/tracing/client_api_without_backends/console_interceptor.o
[2863/4486] CXX obj/third_party/perfetto/src/tracing/client_api_without_backends/track_event_category_registry.o
[2864/4486] CXX obj/third_party/perfetto/src/tracing/in_process_backend/in_process_tracing_backend.o
[2865/4486] CXX obj/third_party/perfetto/src/tracing/core/core/in_process_shared_memory.o
[2866/4486] CXX obj/third_party/perfetto/src/trace_processor/importers/etw/minimal/file_io_tracker.o
[2867/4486] CXX obj/third_party/perfetto/src/tracing/core/core/id_allocator.o
[2868/4486] CXX obj/third_party/perfetto/protos/perfetto/ipc/ipc/relay_port.ipc.o
[2869/4486] CXX obj/third_party/perfetto/src/trace_processor/importers/proto/minimal/args_parser.o
[2870/4486] CXX obj/third_party/perfetto/src/trace_processor/util/profiler_util/profiler_util.o
[2871/4486] CXX obj/third_party/perfetto/src/tracing/core/core/null_trace_writer.o
[2872/4486] CXX obj/third_party/perfetto/protos/perfetto/ipc/ipc/producer_port.ipc.o
[2873/4486] CXX obj/third_party/perfetto/src/tracing/ipc/common/shared_memory_windows.o
[2874/4486] CXX obj/third_party/perfetto/src/tracing/system_backend/system_tracing_backend.o
[2875/4486] CXX obj/third_party/perfetto/src/tracing/core/core/shared_memory_abi.o
[2876/4486] CXX obj/third_party/perfetto/src/tracing/client_api_without_backends/track_event_legacy.o
[2877/4486] CXX obj/third_party/perfetto/src/tracing/core/core/trace_packet.o
[2878/4486] CXX obj/third_party/perfetto/src/trace_processor/storage_minimal/trace_processor_context.o
[2879/4486] CXX obj/third_party/perfetto/src/tracing/ipc/common/memfd.o
[2880/4486] CXX obj/third_party/perfetto/src/tracing/ipc/common/posix_shared_memory.o
[2881/4486] CXX obj/third_party/perfetto/src/tracing/service/service/clock.o
[2882/4486] CXX obj/third_party/perfetto/protos/perfetto/ipc/ipc/consumer_port.ipc.o
[2883/4486] AR obj/third_party/perfetto/protos/perfetto/ipc/libipc.a
[2884/4486] CXX obj/third_party/perfetto/src/tracing/core/core/virtual_destructors.o
[2885/4486] CXX obj/third_party/perfetto/src/tracing/ipc/default_socket/default_socket.o
[2886/4486] CXX obj/third_party/perfetto/src/tracing/client_api_without_backends/traced_value.o
[2887/4486] CXX obj/third_party/perfetto/src/tracing/client_api_without_backends/track.o
[2888/4486] CXX obj/third_party/perfetto/src/trace_processor/importers/proto/minimal/user_tracker.o
[2889/4486] CXX obj/third_party/perfetto/src/tracing/service/service/packet_stream_validator.o
[2890/4486] CXX obj/third_party/perfetto/src/tracing/client_api_without_backends/track_event_internal.o
[2891/4486] CXX obj/third_party/perfetto/src/tracing/core/core/trace_writer_impl.o
[2892/4486] CXX obj/third_party/perfetto/src/tracing/service/service/random.o
[2893/4486] CXX obj/third_party/perfetto/src/tracing/client_api_without_backends/tracing.o
[2894/4486] CXX obj/third_party/perfetto/src/tracing/client_api_without_backends/track_event_state_tracker.o
[2895/4486] CXX obj/third_party/perfetto/src/trace_processor/importers/proto/minimal/profile_packet_utils.o
[2896/4486] CXX obj/third_party/perfetto/src/tracing/service/service/metatrace_writer.o
[2897/4486] CXX obj/third_party/perfetto/src/trace_processor/sorter/sorter/trace_sorter.o
[2898/4486] CXX obj/third_party/perfetto/src/trace_processor/util/args_utils/args_utils.o
[2899/4486] CXX obj/third_party/perfetto/src/trace_processor/importers/proto/minimal/memory_tracker_snapshot_module.o
[2900/4486] RUST clang_x64_for_rust_host_build_tools/obj/third_party/rust/syn/v2/lib/libsyn_lib.rlib clang_x64_for_rust_host_build_tools/obj/third_party/rust/syn/v2/lib/libsyn_lib.rmeta clang_x64_for_rust_host_build_tools/obj/third_party/rust/syn/v2/lib.rustflags.json clang_x64_for_rust_host_build_tools/obj/third_party/rust/syn/v2/lib.rsp.rust
[2901/4486] CXX obj/third_party/perfetto/src/tracing/ipc/service/service/relay_ipc_service.o
[2902/4486] CXX obj/third_party/perfetto/src/trace_processor/importers/proto/minimal/perf_sample_tracker.o
[2903/4486] CXX obj/third_party/perfetto/src/trace_processor/importers/proto/minimal/memory_tracker_snapshot_parser.o
[2904/4486] CXX obj/third_party/perfetto/src/tracing/service/service/trace_buffer_v1_with_v2_shadow.o
[2905/4486] CXX obj/third_party/perfetto/src/tracing/ipc/service/service/service_ipc_host_impl.o
[2906/4486] CXX obj/v8/v8_libplatform/default-thread-isolated-allocator.o
[2907/4486] CXX obj/third_party/perfetto/src/trace_processor/importers/proto/minimal/default_modules.o
[2908/4486] CXX obj/third_party/perfetto/src/trace_processor/importers/proto/proto_importer_module/proto_importer_module.o
[2909/4486] CXX obj/third_party/perfetto/src/tracing/ipc/service/service/producer_ipc_service.o
[2910/4486] CXX obj/third_party/perfetto/src/tracing/core/core/shared_memory_arbiter_impl.o
[2911/4486] CXX obj/third_party/perfetto/src/tracing/service/service/trace_buffer_v1.o
[2912/4486] CXX obj/third_party/perfetto/src/trace_processor/importers/proto/minimal/network_trace_module.o
[2913/4486] CXX obj/v8/v8_libplatform/worker-thread.o
[2914/4486] CXX obj/v8/v8_libplatform/trace-config.o
[2915/4486] RUST local_rustc_sysroot/lib/rustlib/x86_64-unknown-linux-gnu/lib/libcore_core.rlib local_rustc_sysroot/lib/rustlib/x86_64-unknown-linux-gnu/lib/libcore_core.rmeta obj/build/rust/std/rules/core.rustflags.json obj/build/rust/std/rules/core.rsp.rust
[2916/4486] CXX obj/v8/v8_libplatform/default-job.o
[2917/4486] CXX obj/v8/v8_libplatform/default-worker-threads-task-runner.o
[2918/4486] CXX obj/third_party/perfetto/src/tracing/ipc/producer/producer/producer_ipc_client_impl.o
[2919/4486] CXX obj/third_party/perfetto/src/tracing/client_api_without_backends/tracing_muxer_impl.o
[2920/4486] CXX obj/third_party/perfetto/src/tracing/ipc/service/service/consumer_ipc_service.o
[2921/4486] CXX obj/third_party/perfetto/src/tracing/service/service/tracing_service_session.o
[2922/4486] CXX obj/v8/v8_libplatform/task-queue.o
[2923/4486] CXX obj/v8/bytecode_builtins_list_generator/bytecode-operands.o
[2924/4486] CXX obj/v8/v8_libplatform/delayed-task-queue.o
[2925/4486] CXX obj/third_party/perfetto/src/tracing/ipc/consumer/consumer/consumer_ipc_client_impl.o
[2926/4486] CXX obj/third_party/perfetto/src/tracing/service/service/trace_buffer_v2.o
[2927/4486] CXX obj/v8/v8_libplatform/default-platform.o
[2928/4486] CXX obj/third_party/perfetto/src/trace_processor/importers/proto/minimal/stack_profile_sequence_state.o
[2929/4486] CXX obj/third_party/perfetto/src/tracing/service/service/tracing_service_endpoints_impl.o
[2930/4486] CXX obj/v8/gen-regexp-special-case/gen-regexp-special-case.o
[2931/4486] CXX obj/v8/v8_libplatform/tracing-controller.o
[2932/4486] CXX obj/v8/bytecode_builtins_list_generator/generate-bytecodes-builtins-list.o
[2933/4486] CXX obj/v8/bytecode_builtins_list_generator/bytecodes.o
[2934/4486] CXX obj/third_party/perfetto/src/trace_processor/importers/proto/minimal/protovm_incremental_tracing.o
[2935/4486] CXX obj/v8/v8_libplatform/default-foreground-task-runner.o
[2936/4486] CXX obj/third_party/perfetto/src/trace_processor/importers/proto/minimal/profile_packet_sequence_state.o
[2937/4486] CXX obj/v8/cppgc_base/compaction-worklists.o
[2938/4486] CXX obj/third_party/perfetto/src/trace_processor/storage/storage/trace_storage.o
[2939/4486] CXX obj/third_party/perfetto/src/trace_processor/importers/proto/minimal/proto_trace_parser_impl.o
[2940/4486] CXX obj/third_party/perfetto/src/trace_processor/importers/proto/minimal/track_event_module.o
[2941/4486] CXX obj/third_party/perfetto/src/trace_processor/util/json_args/json_args.o
[2942/4486] RUST clang_x64_for_rust_host_build_tools/obj/third_party/rust/synstructure/v0_13/lib/libsynstructure_lib.rlib clang_x64_for_rust_host_build_tools/obj/third_party/rust/synstructure/v0_13/lib/libsynstructure_lib.rmeta clang_x64_for_rust_host_build_tools/obj/third_party/rust/synstructure/v0_13/lib.rustflags.json clang_x64_for_rust_host_build_tools/obj/third_party/rust/synstructure/v0_13/lib.rsp.rust
[2943/4486] CXX obj/third_party/perfetto/src/trace_processor/importers/proto/minimal/proto_trace_reader.o
[2944/4486] CXX obj/v8/cppgc_base/gc-info.o
[2945/4486] CXX obj/v8/cppgc_base/allocation.o
[2946/4486] CXX obj/third_party/perfetto/src/trace_processor/importers/proto/minimal/track_event_tokenizer.o
[2947/4486] CXX obj/v8/torque_base/source-positions.o
[2948/4486] RUST(MACRO) clang_x64_for_rust_host_build_tools/libdisplaydoc_v0_2_lib.so clang_x64_for_rust_host_build_tools/obj/third_party/rust/displaydoc/v0_2/lib__proc_macro.rustflags.json clang_x64_for_rust_host_build_tools/obj/third_party/rust/displaydoc/v0_2/lib__proc_macro.rsp.rust
[2949/4486] CXX obj/third_party/perfetto/src/trace_processor/importers/proto/minimal/track_event_tracker.o
[2950/4486] RUST(MACRO) clang_x64_for_rust_host_build_tools/libzerovec_derive_v0_11_lib.so clang_x64_for_rust_host_build_tools/obj/third_party/rust/zerovec_derive/v0_11/lib__proc_macro.rustflags.json clang_x64_for_rust_host_build_tools/obj/third_party/rust/zerovec_derive/v0_11/lib__proc_macro.rsp.rust
[2951/4486] CXX obj/v8/cppgc_base/gc-info-table.o
[2952/4486] CXX obj/third_party/perfetto/src/trace_processor/importers/proto/minimal/track_event_parser.o
[2953/4486] CXX obj/v8/cppgc_base/free-list.o
[2954/4486] CXX obj/v8/cppgc_base/gc-invoker.o
[2955/4486] RUST local_rustc_sysroot/lib/rustlib/x86_64-unknown-linux-gnu/lib/libcompiler_builtins_compiler_builtins.rlib local_rustc_sysroot/lib/rustlib/x86_64-unknown-linux-gnu/lib/libcompiler_builtins_compiler_builtins.rmeta obj/build/rust/std/rules/compiler_builtins.rustflags.json obj/build/rust/std/rules/compiler_builtins.rsp.rust
[2956/4486] CXX obj/v8/torque_base/cpp-builder.o
[2957/4486] RUST local_rustc_sysroot/lib/rustlib/x86_64-unknown-linux-gnu/lib/librustc_std_workspace_core_rustc_std_workspace_core.rlib local_rustc_sysroot/lib/rustlib/x86_64-unknown-linux-gnu/lib/librustc_std_workspace_core_rustc_std_workspace_core.rmeta obj/build/rust/std/rules/rustc_std_workspace_core.rustflags.json obj/build/rust/std/rules/rustc_std_workspace_core.rsp.rust
[2958/4486] CXX obj/v8/cppgc_base/heap-space.o
[2959/4486] RUST local_rustc_sysroot/lib/rustlib/x86_64-unknown-linux-gnu/lib/libadler2_adler2.rlib local_rustc_sysroot/lib/rustlib/x86_64-unknown-linux-gnu/lib/libadler2_adler2.rmeta obj/build/rust/std/rules/adler2.rustflags.json obj/build/rust/std/rules/adler2.rsp.rust
[2960/4486] CXX obj/v8/cppgc_base/liveness-broker.o
[2961/4486] RUST local_rustc_sysroot/lib/rustlib/x86_64-unknown-linux-gnu/lib/libcfg_if_cfg_if.rlib local_rustc_sysroot/lib/rustlib/x86_64-unknown-linux-gnu/lib/libcfg_if_cfg_if.rmeta obj/build/rust/std/rules/cfg_if.rustflags.json obj/build/rust/std/rules/cfg_if.rsp.rust
[2962/4486] CXX obj/v8/torque_base/global-context.o
[2963/4486] CXX obj/v8/torque_base/torque-code-generator.o
[2964/4486] RUST local_rustc_sysroot/lib/rustlib/x86_64-unknown-linux-gnu/lib/libpanic_abort_panic_abort.rlib local_rustc_sysroot/lib/rustlib/x86_64-unknown-linux-gnu/lib/libpanic_abort_panic_abort.rmeta obj/build/rust/std/rules/panic_abort.rustflags.json obj/build/rust/std/rules/panic_abort.rsp.rust
[2965/4486] CXX obj/v8/torque_base/type-inference.o
[2966/4486] CXX obj/v8/torque_base/class-debug-reader-generator.o
[2967/4486] CXX obj/v8/cppgc_base/logging.o
[2968/4486] CXX obj/v8/cppgc_base/explicit-management.o
[2969/4486] CXX obj/v8/torque_base/utils.o
[2970/4486] CXX obj/v8/torque_base/declarable.o
[2971/4486] CXX obj/third_party/perfetto/src/tracing/service/service/tracing_service_impl.o
[2972/4486] RUST local_rustc_sysroot/lib/rustlib/x86_64-unknown-linux-gnu/lib/libmemchr_memchr.rlib local_rustc_sysroot/lib/rustlib/x86_64-unknown-linux-gnu/lib/libmemchr_memchr.rmeta obj/build/rust/std/rules/memchr.rustflags.json obj/build/rust/std/rules/memchr.rsp.rust
[2973/4486] CXX obj/v8/cppgc_base/heap-growing.o
[2974/4486] RUST local_rustc_sysroot/lib/rustlib/x86_64-unknown-linux-gnu/lib/librustc_demangle_rustc_demangle.rlib local_rustc_sysroot/lib/rustlib/x86_64-unknown-linux-gnu/lib/librustc_demangle_rustc_demangle.rmeta obj/build/rust/std/rules/rustc_demangle.rustflags.json obj/build/rust/std/rules/rustc_demangle.rsp.rust
[2975/4486] CXX obj/v8/torque_base/earley-parser.o
[2976/4486] CXX obj/v8/cppgc_base/member-storage.o
[2977/4486] CXX obj/v8/cppgc_base/memory.o
[2978/4486] CXX obj/v8/cppgc_base/name-trait.o
[2979/4486] CXX obj/v8/torque_base/type-oracle.o
[2980/4486] RUST local_rustc_sysroot/lib/rustlib/x86_64-unknown-linux-gnu/lib/liblibc_libc.rlib local_rustc_sysroot/lib/rustlib/x86_64-unknown-linux-gnu/lib/liblibc_libc.rmeta obj/build/rust/std/rules/libc.rustflags.json obj/build/rust/std/rules/libc.rsp.rust
[2981/4486] RUST(MACRO) clang_x64_for_rust_host_build_tools/libzerofrom_derive_v0_1_lib.so clang_x64_for_rust_host_build_tools/obj/third_party/rust/zerofrom_derive/v0_1/lib__proc_macro.rustflags.json clang_x64_for_rust_host_build_tools/obj/third_party/rust/zerofrom_derive/v0_1/lib__proc_macro.rsp.rust
[2982/4486] CXX obj/v8/torque/torque.o
[2983/4486] CXX obj/v8/cppgc_base/concurrent-marker.o
[2984/4486] CXX obj/v8/torque_base/cc-generator.o
[2985/4486] SOLINK ./libthird_party_perfetto_libperfetto.so
[2986/4486] RUST local_rustc_sysroot/lib/rustlib/x86_64-unknown-linux-gnu/lib/libunwind_unwind.rlib local_rustc_sysroot/lib/rustlib/x86_64-unknown-linux-gnu/lib/libunwind_unwind.rmeta obj/build/rust/std/rules/unwind.rustflags.json obj/build/rust/std/rules/unwind.rsp.rust
[2987/4486] CXX obj/v8/cppgc_base/heap-state.o
[2988/4486] CXX obj/v8/cppgc_base/heap-object-header.o
[2989/4486] CXX obj/v8/torque_base/cfg.o
[2990/4486] SOLINK ./libv8_libplatform.so
[2991/4486] CXX obj/v8/cppgc_base/platform.o
[2992/4486] CXX obj/v8/torque_base/kythe-data.o
[2993/4486] RUST(MACRO) clang_x64_for_rust_host_build_tools/libyoke_derive_v0_8_lib.so clang_x64_for_rust_host_build_tools/obj/third_party/rust/yoke_derive/v0_8/lib__proc_macro.rustflags.json clang_x64_for_rust_host_build_tools/obj/third_party/rust/yoke_derive/v0_8/lib__proc_macro.rsp.rust
[2994/4486] CXX obj/v8/torque_base/server-data.o
[2995/4486] LINK ./bytecode_builtins_list_generator
[2996/4486] LINK ./gen-regexp-special-case
[2997/4486] ACTION //v8:generate_bytecode_builtins_list(//build/toolchain/linux:clang_x64)
[2998/4486] CXX obj/v8/cppgc_base/heap-base.o
[2999/4486] CXX obj/v8/torque_base/instance-type-generator.o
[3000/4486] CXX obj/v8/cppgc_base/heap-consistency.o
[3001/4486] ACTION //v8:run_gen-regexp-special-case(//build/toolchain/linux:clang_x64)
[3002/4486] CXX obj/v8/cppgc_base/object-size-trait.o
[3003/4486] RUST(MACRO) clang_x64_for_rust_host_build_tools/libserde_derive_v1_lib.so clang_x64_for_rust_host_build_tools/obj/third_party/rust/serde_derive/v1/lib__proc_macro.rustflags.json clang_x64_for_rust_host_build_tools/obj/third_party/rust/serde_derive/v1/lib__proc_macro.rsp.rust
[3004/4486] CXX obj/v8/cppgc_base/heap-page.o
[3005/4486] CXX obj/v8/cppgc_base/raw-heap.o
[3006/4486] CXX obj/v8/cppgc_base/virtual-memory.o
[3007/4486] CXX obj/v8/cppgc_base/caged-heap-local-data.o
[3008/4486] CXX obj/v8/cppgc_base/marking-worklists.o
[3009/4486] CXX obj/v8/cppgc_base/page-memory.o
[3010/4486] CXX obj/v8/cppgc_base/heap-statistics-collector.o
[3011/4486] CXX obj/v8/cppgc_base/trace-trait.o
[3012/4486] CXX obj/v8/cppgc_base/compactor.o
[3013/4486] CXX obj/v8/torque_base/csa-generator.o
[3014/4486] CXX obj/v8/cppgc_base/process-heap-statistics.o
[3015/4486] CXX obj/v8/torque_base/torque-compiler.o
[3016/4486] CXX obj/v8/torque_base/declaration-visitor.o
[3017/4486] CXX obj/v8/torque_base/declarations.o
[3018/4486] CXX obj/v8/cppgc_base/trace-categories.o
[3019/4486] CXX obj/v8/torque_base/instructions.o
[3020/4486] CXX obj/v8/cppgc_base/stats-collector.o
[3021/4486] CXX obj/v8/cppgc_base/heap.o
[3022/4486] RUST clang_x64_for_rust_host_build_tools/obj/third_party/rust/serde/v1/lib/libserde_lib.rlib clang_x64_for_rust_host_build_tools/obj/third_party/rust/serde/v1/lib/libserde_lib.rmeta clang_x64_for_rust_host_build_tools/obj/third_party/rust/serde/v1/lib.rustflags.json clang_x64_for_rust_host_build_tools/obj/third_party/rust/serde/v1/lib.rsp.rust
[3023/4486] CXX obj/v8/cppgc_base/marking-visitor.o
[3024/4486] RUST local_rustc_sysroot/lib/rustlib/x86_64-unknown-linux-gnu/lib/liballoc_alloc.rlib local_rustc_sysroot/lib/rustlib/x86_64-unknown-linux-gnu/lib/liballoc_alloc.rmeta obj/build/rust/std/rules/alloc.rustflags.json obj/build/rust/std/rules/alloc.rsp.rust
[3025/4486] CXX obj/v8/cppgc_base/pointer-policies.o
[3026/4486] RUST local_rustc_sysroot/lib/rustlib/x86_64-unknown-linux-gnu/lib/librustc_std_workspace_alloc_rustc_std_workspace_alloc.rlib local_rustc_sysroot/lib/rustlib/x86_64-unknown-linux-gnu/lib/librustc_std_workspace_alloc_rustc_std_workspace_alloc.rmeta obj/build/rust/std/rules/rustc_std_workspace_alloc.rustflags.json obj/build/rust/std/rules/rustc_std_workspace_alloc.rsp.rust
[3027/4486] CXX obj/v8/cppgc_base/object-allocator.o
[3028/4486] CXX obj/v8/cppgc_base/testing.o
[3029/4486] CXX obj/v8/cppgc_base/persistent-node.o
[3030/4486] CXX obj/v8/cppgc_base/marking-verifier.o
[3031/4486] CXX obj/v8/cppgc_base/process-heap.o
[3032/4486] CXX obj/v8/cppgc_base/prefinalizer-handler.o
[3033/4486] RUST local_rustc_sysroot/lib/rustlib/x86_64-unknown-linux-gnu/lib/libstd_detect_std_detect.rlib local_rustc_sysroot/lib/rustlib/x86_64-unknown-linux-gnu/lib/libstd_detect_std_detect.rmeta obj/build/rust/std/rules/std_detect.rustflags.json obj/build/rust/std/rules/std_detect.rsp.rust
[3034/4486] CXX obj/v8/cppgc_base/marking-state.o
[3035/4486] RUST local_rustc_sysroot/lib/rustlib/x86_64-unknown-linux-gnu/lib/libminiz_oxide_miniz_oxide.rlib local_rustc_sysroot/lib/rustlib/x86_64-unknown-linux-gnu/lib/libminiz_oxide_miniz_oxide.rmeta obj/build/rust/std/rules/miniz_oxide.rustflags.json obj/build/rust/std/rules/miniz_oxide.rsp.rust
[3036/4486] CXX obj/v8/cppgc_base/write-barrier.o
[3037/4486] CXX obj/v8/cppgc_base/marker.o
[3038/4486] CXX obj/v8/cppgc_base/caged-heap.o
[3039/4486] CXX obj/v8/torque_base/type-visitor.o
[3040/4486] CXX obj/v8/cppgc_base/visitor.o
[3041/4486] RUST local_rustc_sysroot/lib/rustlib/x86_64-unknown-linux-gnu/lib/libhashbrown_hashbrown.rlib local_rustc_sysroot/lib/rustlib/x86_64-unknown-linux-gnu/lib/libhashbrown_hashbrown.rmeta obj/build/rust/std/rules/hashbrown.rustflags.json obj/build/rust/std/rules/hashbrown.rsp.rust
[3042/4486] CXX obj/v8/torque_base/types.o
[3043/4486] CXX obj/v8/cppgc_base/remembered-set.o
[3044/4486] CXX obj/v8/cppgc_base/sweeper.o
[3045/4486] RUST local_rustc_sysroot/lib/rustlib/x86_64-unknown-linux-gnu/lib/libgimli_gimli.rlib local_rustc_sysroot/lib/rustlib/x86_64-unknown-linux-gnu/lib/libgimli_gimli.rmeta obj/build/rust/std/rules/gimli.rustflags.json obj/build/rust/std/rules/gimli.rsp.rust
[3046/4486] RUST local_rustc_sysroot/lib/rustlib/x86_64-unknown-linux-gnu/lib/libaddr2line_addr2line.rlib local_rustc_sysroot/lib/rustlib/x86_64-unknown-linux-gnu/lib/libaddr2line_addr2line.rmeta obj/build/rust/std/rules/addr2line.rustflags.json obj/build/rust/std/rules/addr2line.rsp.rust
[3047/4486] RUST clang_x64_for_rust_host_build_tools/obj/third_party/rust/diplomat_core/v0_14/lib/libdiplomat_core_lib.rlib clang_x64_for_rust_host_build_tools/obj/third_party/rust/diplomat_core/v0_14/lib/libdiplomat_core_lib.rmeta clang_x64_for_rust_host_build_tools/obj/third_party/rust/diplomat_core/v0_14/lib.rustflags.json clang_x64_for_rust_host_build_tools/obj/third_party/rust/diplomat_core/v0_14/lib.rsp.rust
[3048/4486] RUST local_rustc_sysroot/lib/rustlib/x86_64-unknown-linux-gnu/lib/libobject_object.rlib local_rustc_sysroot/lib/rustlib/x86_64-unknown-linux-gnu/lib/libobject_object.rmeta obj/build/rust/std/rules/object.rustflags.json obj/build/rust/std/rules/object.rsp.rust
[3049/4486] RUST(MACRO) clang_x64_for_rust_host_build_tools/libdiplomat_v0_14_lib.so clang_x64_for_rust_host_build_tools/obj/third_party/rust/diplomat/v0_14/lib__proc_macro.rustflags.json clang_x64_for_rust_host_build_tools/obj/third_party/rust/diplomat/v0_14/lib__proc_macro.rsp.rust
[3050/4486] RUST local_rustc_sysroot/lib/rustlib/x86_64-unknown-linux-gnu/lib/libstd_std.rlib local_rustc_sysroot/lib/rustlib/x86_64-unknown-linux-gnu/lib/libstd_std.rmeta obj/build/rust/std/rules/std.rustflags.json obj/build/rust/std/rules/std.rsp.rust
[3051/4486] RUST local_rustc_sysroot/lib/rustlib/x86_64-unknown-linux-gnu/lib/librustc_std_workspace_std_rustc_std_workspace_std.rlib local_rustc_sysroot/lib/rustlib/x86_64-unknown-linux-gnu/lib/librustc_std_workspace_std_rustc_std_workspace_std.rmeta obj/build/rust/std/rules/rustc_std_workspace_std.rustflags.json obj/build/rust/std/rules/rustc_std_workspace_std.rsp.rust
[3052/4486] RUST local_rustc_sysroot/lib/rustlib/x86_64-unknown-linux-gnu/lib/libgetopts_getopts.rlib local_rustc_sysroot/lib/rustlib/x86_64-unknown-linux-gnu/lib/libgetopts_getopts.rmeta obj/build/rust/std/rules/getopts.rustflags.json obj/build/rust/std/rules/getopts.rsp.rust
[3053/4486] CXX obj/v8/torque_base/torque-parser.o
[3054/4486] CXX obj/v8/torque_base/implementation-visitor.o
[3055/4486] LINK ./torque
[3056/4486] RUST local_rustc_sysroot/lib/rustlib/x86_64-unknown-linux-gnu/lib/libtest_test.rlib local_rustc_sysroot/lib/rustlib/x86_64-unknown-linux-gnu/lib/libtest_test.rmeta obj/build/rust/std/rules/test.rustflags.json obj/build/rust/std/rules/test.rsp.rust
[3057/4486] RUST obj/build/rust/allocator/liballoc_error_handler_impl_ffi.rlib obj/build/rust/allocator/liballoc_error_handler_impl_ffi.rmeta obj/build/rust/allocator/alloc_error_handler_impl_ffi.rustflags.json obj/build/rust/allocator/alloc_error_handler_impl_ffi.rsp.rust
[3058/4486] RUST obj/build/rust/allocator/liballocator_impls_ffi.rlib obj/build/rust/allocator/liballocator_impls_ffi.rmeta obj/build/rust/allocator/allocator_impls_ffi.rustflags.json obj/build/rust/allocator/allocator_impls_ffi.rsp.rust
[3059/4486] RUST obj/build/rust/allocator/liballocator_6ead5877.rlib obj/build/rust/allocator/liballocator_6ead5877.rmeta obj/build/rust/allocator/allocator.rustflags.json obj/build/rust/allocator/allocator.rsp.rust
[3060/4486] RUST obj/third_party/rust/icu_calendar_data/v2/lib/libicu_calendar_data_lib.rlib obj/third_party/rust/icu_calendar_data/v2/lib/libicu_calendar_data_lib.rmeta obj/third_party/rust/icu_calendar_data/v2/lib.rustflags.json obj/third_party/rust/icu_calendar_data/v2/lib.rsp.rust
[3061/4486] RUST obj/third_party/rust/stable_deref_trait/v1/lib/libstable_deref_trait_lib.rlib obj/third_party/rust/stable_deref_trait/v1/lib/libstable_deref_trait_lib.rmeta obj/third_party/rust/stable_deref_trait/v1/lib.rustflags.json obj/third_party/rust/stable_deref_trait/v1/lib.rsp.rust
[3062/4486] RUST obj/third_party/rust/zerofrom/v0_1/lib/libzerofrom_lib.rlib obj/third_party/rust/zerofrom/v0_1/lib/libzerofrom_lib.rmeta obj/third_party/rust/zerofrom/v0_1/lib.rustflags.json obj/third_party/rust/zerofrom/v0_1/lib.rsp.rust
[3063/4486] RUST obj/third_party/rust/diplomat_runtime/v0_14/lib/libdiplomat_runtime_lib.rlib obj/third_party/rust/diplomat_runtime/v0_14/lib/libdiplomat_runtime_lib.rmeta obj/third_party/rust/diplomat_runtime/v0_14/lib.rustflags.json obj/third_party/rust/diplomat_runtime/v0_14/lib.rsp.rust
[3064/4486] RUST obj/third_party/rust/either/v1/lib/libeither_lib.rlib obj/third_party/rust/either/v1/lib/libeither_lib.rmeta obj/third_party/rust/either/v1/lib.rustflags.json obj/third_party/rust/either/v1/lib.rsp.rust
[3065/4486] RUST obj/third_party/rust/litemap/v0_8/lib/liblitemap_lib.rlib obj/third_party/rust/litemap/v0_8/lib/liblitemap_lib.rmeta obj/third_party/rust/litemap/v0_8/lib.rustflags.json obj/third_party/rust/litemap/v0_8/lib.rsp.rust
[3066/4486] RUST obj/third_party/rust/icu_locale_data/v2/lib/libicu_locale_data_lib.rlib obj/third_party/rust/icu_locale_data/v2/lib/libicu_locale_data_lib.rmeta obj/third_party/rust/icu_locale_data/v2/lib.rustflags.json obj/third_party/rust/icu_locale_data/v2/lib.rsp.rust
[3067/4486] RUST obj/third_party/rust/ixdtf/v0_6/lib/libixdtf_lib.rlib obj/third_party/rust/ixdtf/v0_6/lib/libixdtf_lib.rmeta obj/third_party/rust/ixdtf/v0_6/lib.rustflags.json obj/third_party/rust/ixdtf/v0_6/lib.rsp.rust
[3068/4486] RUST obj/third_party/rust/yoke/v0_8/lib/libyoke_lib.rlib obj/third_party/rust/yoke/v0_8/lib/libyoke_lib.rmeta obj/third_party/rust/yoke/v0_8/lib.rustflags.json obj/third_party/rust/yoke/v0_8/lib.rsp.rust
[3069/4486] RUST obj/third_party/rust/writeable/v0_6/lib/libwriteable_lib.rlib obj/third_party/rust/writeable/v0_6/lib/libwriteable_lib.rmeta obj/third_party/rust/writeable/v0_6/lib.rustflags.json obj/third_party/rust/writeable/v0_6/lib.rsp.rust
[3070/4486] RUST obj/third_party/rust/num_traits/v0_2/lib/libnum_traits_lib.rlib obj/third_party/rust/num_traits/v0_2/lib/libnum_traits_lib.rmeta obj/third_party/rust/num_traits/v0_2/lib.rustflags.json obj/third_party/rust/num_traits/v0_2/lib.rsp.rust
[3071/4486] RUST obj/third_party/rust/zerotrie/v0_2/lib/libzerotrie_lib.rlib obj/third_party/rust/zerotrie/v0_2/lib/libzerotrie_lib.rmeta obj/third_party/rust/zerotrie/v0_2/lib.rustflags.json obj/third_party/rust/zerotrie/v0_2/lib.rsp.rust
[3072/4486] RUST obj/third_party/rust/zerovec/v0_11/lib/libzerovec_lib.rlib obj/third_party/rust/zerovec/v0_11/lib/libzerovec_lib.rmeta obj/third_party/rust/zerovec/v0_11/lib.rustflags.json obj/third_party/rust/zerovec/v0_11/lib.rsp.rust
[3073/4486] RUST obj/third_party/rust/libm/v0_2/lib/liblibm_lib.rlib obj/third_party/rust/libm/v0_2/lib/liblibm_lib.rmeta obj/third_party/rust/libm/v0_2/lib.rustflags.json obj/third_party/rust/libm/v0_2/lib.rsp.rust
[3074/4486] RUST obj/third_party/rust/potential_utf/v0_1/lib/libpotential_utf_lib.rlib obj/third_party/rust/potential_utf/v0_1/lib/libpotential_utf_lib.rmeta obj/third_party/rust/potential_utf/v0_1/lib.rustflags.json obj/third_party/rust/potential_utf/v0_1/lib.rsp.rust
[3075/4486] RUST obj/third_party/rust/tinystr/v0_8/lib/libtinystr_lib.rlib obj/third_party/rust/tinystr/v0_8/lib/libtinystr_lib.rmeta obj/third_party/rust/tinystr/v0_8/lib.rustflags.json obj/third_party/rust/tinystr/v0_8/lib.rsp.rust
[3076/4486] RUST obj/third_party/rust/core_maths/v0_1/lib/libcore_maths_lib.rlib obj/third_party/rust/core_maths/v0_1/lib/libcore_maths_lib.rmeta obj/third_party/rust/core_maths/v0_1/lib.rustflags.json obj/third_party/rust/core_maths/v0_1/lib.rsp.rust
[3077/4486] RUST obj/third_party/rust/serde_core/v1/lib/libserde_core_lib.rlib obj/third_party/rust/serde_core/v1/lib/libserde_core_lib.rmeta obj/third_party/rust/serde_core/v1/lib.rustflags.json obj/third_party/rust/serde_core/v1/lib.rsp.rust
[3078/4486] RUST obj/third_party/rust/calendrical_calculations/v0_2/lib/libcalendrical_calculations_lib.rlib obj/third_party/rust/calendrical_calculations/v0_2/lib/libcalendrical_calculations_lib.rmeta obj/third_party/rust/calendrical_calculations/v0_2/lib.rustflags.json obj/third_party/rust/calendrical_calculations/v0_2/lib.rsp.rust
[3079/4486] RUST obj/third_party/rust/resb/v0_1/lib/libresb_lib.rlib obj/third_party/rust/resb/v0_1/lib/libresb_lib.rmeta obj/third_party/rust/resb/v0_1/lib.rustflags.json obj/third_party/rust/resb/v0_1/lib.rsp.rust
[3080/4486] RUST obj/third_party/rust/icu_collections/v2/lib/libicu_collections_lib.rlib obj/third_party/rust/icu_collections/v2/lib/libicu_collections_lib.rmeta obj/third_party/rust/icu_collections/v2/lib.rustflags.json obj/third_party/rust/icu_collections/v2/lib.rsp.rust
[3081/4486] RUST obj/third_party/rust/serde/v1/lib/libserde_lib.rlib obj/third_party/rust/serde/v1/lib/libserde_lib.rmeta obj/third_party/rust/serde/v1/lib.rustflags.json obj/third_party/rust/serde/v1/lib.rsp.rust
[3082/4486] RUST obj/third_party/rust/icu_locale_core/v2/lib/libicu_locale_core_lib.rlib obj/third_party/rust/icu_locale_core/v2/lib/libicu_locale_core_lib.rmeta obj/third_party/rust/icu_locale_core/v2/lib.rustflags.json obj/third_party/rust/icu_locale_core/v2/lib.rsp.rust
[3083/4486] RUST obj/third_party/rust/zoneinfo64/v0_2/lib/libzoneinfo64_lib.rlib obj/third_party/rust/zoneinfo64/v0_2/lib/libzoneinfo64_lib.rmeta obj/third_party/rust/zoneinfo64/v0_2/lib.rustflags.json obj/third_party/rust/zoneinfo64/v0_2/lib.rsp.rust
[3084/4486] RUST obj/third_party/rust/icu_provider/v2/lib/libicu_provider_lib.rlib obj/third_party/rust/icu_provider/v2/lib/libicu_provider_lib.rmeta obj/third_party/rust/icu_provider/v2/lib.rustflags.json obj/third_party/rust/icu_provider/v2/lib.rsp.rust
[3085/4486] RUST obj/third_party/rust/timezone_provider/v0_2/lib/libtimezone_provider_lib.rlib obj/third_party/rust/timezone_provider/v0_2/lib/libtimezone_provider_lib.rmeta obj/third_party/rust/timezone_provider/v0_2/lib.rustflags.json obj/third_party/rust/timezone_provider/v0_2/lib.rsp.rust
[3086/4486] RUST obj/third_party/rust/icu_locale/v2/lib/libicu_locale_lib.rlib obj/third_party/rust/icu_locale/v2/lib/libicu_locale_lib.rmeta obj/third_party/rust/icu_locale/v2/lib.rustflags.json obj/third_party/rust/icu_locale/v2/lib.rsp.rust
[3087/4486] RUST obj/third_party/rust/icu_calendar/v2/lib/libicu_calendar_lib.rlib obj/third_party/rust/icu_calendar/v2/lib/libicu_calendar_lib.rmeta obj/third_party/rust/icu_calendar/v2/lib.rustflags.json obj/third_party/rust/icu_calendar/v2/lib.rsp.rust
[3088/4486] RUST obj/third_party/rust/temporal_rs/v0_2/lib/libtemporal_rs_lib.rlib obj/third_party/rust/temporal_rs/v0_2/lib/libtemporal_rs_lib.rmeta obj/third_party/rust/temporal_rs/v0_2/lib.rustflags.json obj/third_party/rust/temporal_rs/v0_2/lib.rsp.rust
[3089/4486] RUST obj/third_party/rust/temporal_capi/v0_2/lib/libtemporal_capi_lib.rlib obj/third_party/rust/temporal_capi/v0_2/lib/libtemporal_capi_lib.rmeta obj/third_party/rust/temporal_capi/v0_2/lib.rustflags.json obj/third_party/rust/temporal_capi/v0_2/lib.rsp.rust
[3090/4486] ACTION //v8:run_torque(//build/toolchain/linux:clang_x64)
[3091/4486] CXX obj/v8/torque_generated_definitions/array-copywithin-tq.o
[3092/4486] CXX obj/v8/torque_generated_definitions/array-find-tq.o
[3093/4486] CXX obj/v8/torque_generated_definitions/array-every-tq.o
[3094/4486] CXX obj/v8/torque_generated_definitions/array-findlast-tq.o
[3095/4486] CXX obj/v8/torque_generated_definitions/array-lastindexof-tq.o
[3096/4486] CXX obj/v8/torque_generated_definitions/aggregate-error-tq.o
[3097/4486] CXX obj/v8/torque_generated_definitions/array-concat-tq.o
[3098/4486] CXX obj/v8/torque_generated_definitions/array-filter-tq.o
[3099/4486] CXX obj/v8/torque_generated_definitions/array-findlastindex-tq.o
[3100/4486] CXX obj/v8/torque_generated_definitions/array-flat-tq.o
[3101/4486] CXX obj/v8/torque_generated_definitions/array-foreach-tq.o
[3102/4486] CXX obj/v8/torque_generated_definitions/array-from-tq.o
[3103/4486] CXX obj/v8/torque_generated_definitions/array-map-tq.o
[3104/4486] CXX obj/v8/torque_generated_definitions/array-of-tq.o
[3105/4486] CXX obj/v8/torque_generated_definitions/array-slice-tq.o
[3106/4486] CXX obj/v8/torque_generated_definitions/array-some-tq.o
[3107/4486] CXX obj/v8/torque_generated_definitions/array-findindex-tq.o
[3108/4486] CXX obj/v8/torque_generated_definitions/array-join-tq.o
[3109/4486] CXX obj/v8/torque_generated_definitions/array-reduce-right-tq.o
[3110/4486] CXX obj/v8/torque_generated_definitions/array-reduce-tq.o
[3111/4486] CXX obj/v8/torque_generated_definitions/array-reverse-tq.o
[3112/4486] CXX obj/v8/torque_generated_definitions/array-shift-tq.o
[3113/4486] CXX obj/v8/torque_generated_definitions/array-splice-tq.o
[3114/4486] CXX obj/v8/torque_generated_definitions/array-to-sorted-tq.o
[3115/4486] CXX obj/v8/torque_generated_definitions/array-at-tq.o
[3116/4486] CXX obj/v8/torque_generated_definitions/array-isarray-tq.o
[3117/4486] CXX obj/v8/torque_generated_definitions/array-to-reversed-tq.o
[3118/4486] CXX obj/v8/mksnapshot/embedded-empty.o
[3119/4486] CXX obj/v8/torque_generated_definitions/array-from-async-tq.o
[3120/4486] CXX obj/v8/torque_generated_definitions/array-to-spliced-tq.o
[3121/4486] CXX obj/v8/torque_generated_definitions/array-unshift-tq.o
[3122/4486] CXX obj/v8/torque_generated_definitions/array-with-tq.o
[3123/4486] CXX obj/v8/torque_generated_definitions/array-tq.o
[3124/4486] CXX obj/v8/torque_generated_definitions/data-view-tq.o
[3125/4486] CXX obj/v8/torque_generated_definitions/constructor-tq.o
[3126/4486] CXX obj/v8/torque_generated_definitions/convert-tq.o
[3127/4486] CXX obj/v8/torque_generated_definitions/frame-arguments-tq.o
[3128/4486] CXX obj/v8/torque_generated_definitions/cast-tq.o
[3129/4486] CXX obj/v8/torque_generated_definitions/function-tq.o
[3130/4486] CXX obj/v8/torque_generated_definitions/arraybuffer-tq.o
[3131/4486] CXX obj/v8/torque_generated_definitions/builtins-bigint-tq.o
[3132/4486] CXX obj/v8/torque_generated_definitions/collections-tq.o
[3133/4486] CXX obj/v8/torque_generated_definitions/conversion-tq.o
[3134/4486] CXX obj/v8/torque_generated_definitions/frames-tq.o
[3135/4486] CXX obj/v8/torque_generated_definitions/ic-tq.o
[3136/4486] CXX obj/v8/torque_generated_definitions/builtins-string-tq.o
[3137/4486] CXX obj/v8/torque_generated_definitions/console-tq.o
[3138/4486] CXX obj/v8/torque_generated_definitions/finalization-registry-tq.o
[3139/4486] CXX obj/v8/torque_generated_definitions/ic-callable-tq.o
[3140/4486] CXX obj/v8/torque_generated_definitions/internal-coverage-tq.o
[3141/4486] CXX obj/v8/torque_generated_definitions/internal-tq.o
[3142/4486] CXX obj/v8/torque_generated_definitions/base-tq.o
[3143/4486] CXX obj/v8/torque_generated_definitions/boolean-tq.o
[3144/4486] CXX obj/v8/torque_generated_definitions/growable-fixed-array-tq.o
[3145/4486] CXX obj/v8/torque_generated_definitions/iterator-helpers-tq.o
[3146/4486] CXX obj/v8/torque_generated_definitions/iterator-tq.o
[3147/4486] CXX obj/v8/torque_generated_definitions/iterator-from-tq.o
[3148/4486] CXX obj/v8/torque_generated_definitions/math-tq.o
[3149/4486] CXX obj/v8/torque_generated_definitions/object-fromentries-tq.o
[3150/4486] CXX obj/v8/torque_generated_definitions/map-groupby-tq.o
[3151/4486] CXX obj/v8/torque_generated_definitions/object-tq.o
[3152/4486] CXX obj/v8/torque_generated_definitions/promise-abstract-operations-tq.o
[3153/4486] CXX obj/v8/torque_generated_definitions/promise-all-tq.o
[3154/4486] CXX obj/v8/torque_generated_definitions/promise-all-element-closure-tq.o
[3155/4486] CXX obj/v8/torque_generated_definitions/promise-any-tq.o
[3156/4486] CXX obj/v8/torque_generated_definitions/promise-constructor-tq.o
[3157/4486] CXX obj/v8/torque_generated_definitions/number-tq.o
[3158/4486] CXX obj/v8/torque_generated_definitions/object-groupby-tq.o
[3159/4486] CXX obj/v8/torque_generated_definitions/promise-finally-tq.o
[3160/4486] CXX obj/v8/torque_generated_definitions/promise-misc-tq.o
[3161/4486] CXX obj/v8/torque_generated_definitions/promise-try-tq.o
[3162/4486] CXX obj/v8/torque_generated_definitions/promise-jobs-tq.o
[3163/4486] CXX obj/v8/torque_generated_definitions/promise-race-tq.o
[3164/4486] CXX obj/v8/torque_generated_definitions/promise-reaction-job-tq.o
[3165/4486] CXX obj/v8/torque_generated_definitions/promise-resolve-tq.o
[3166/4486] CXX obj/v8/torque_generated_definitions/promise-then-tq.o
[3167/4486] CXX obj/v8/torque_generated_definitions/promise-withresolvers-tq.o
[3168/4486] CXX obj/v8/torque_generated_definitions/proxy-constructor-tq.o
[3169/4486] CXX obj/v8/torque_generated_definitions/proxy-get-prototype-of-tq.o
[3170/4486] CXX obj/v8/torque_generated_definitions/proxy-delete-property-tq.o
[3171/4486] CXX obj/v8/torque_generated_definitions/proxy-get-property-tq.o
[3172/4486] CXX obj/v8/torque_generated_definitions/proxy-is-extensible-tq.o
[3173/4486] CXX obj/v8/torque_generated_definitions/proxy-prevent-extensions-tq.o
[3174/4486] CXX obj/v8/torque_generated_definitions/proxy-revocable-tq.o
[3175/4486] CXX obj/v8/torque_generated_definitions/proxy-has-property-tq.o
[3176/4486] CXX obj/v8/torque_generated_definitions/proxy-revoke-tq.o
[3177/4486] CXX obj/v8/torque_generated_definitions/proxy-set-property-tq.o
[3178/4486] CXX obj/v8/torque_generated_definitions/proxy-set-prototype-of-tq.o
[3179/4486] CXX obj/v8/torque_generated_definitions/proxy-tq.o
[3180/4486] CXX obj/v8/torque_generated_definitions/reflect-tq.o
[3181/4486] CXX obj/v8/torque_generated_definitions/regexp-exec-tq.o
[3182/4486] CXX obj/v8/torque_generated_definitions/regexp-match-all-tq.o
[3183/4486] CXX obj/v8/torque_generated_definitions/regexp-match-tq.o
[3184/4486] CXX obj/v8/torque_generated_definitions/regexp-replace-tq.o
[3185/4486] CXX obj/v8/torque_generated_definitions/regexp-search-tq.o
[3186/4486] CXX obj/v8/torque_generated_definitions/regexp-source-tq.o
[3187/4486] CXX obj/v8/torque_generated_definitions/regexp-split-tq.o
[3188/4486] CXX obj/v8/torque_generated_definitions/regexp-test-tq.o
[3189/4486] CXX obj/v8/torque_generated_definitions/regexp-tq.o
[3190/4486] CXX obj/v8/torque_generated_definitions/set-difference-tq.o
[3191/4486] CXX obj/v8/torque_generated_definitions/set-intersection-tq.o
[3192/4486] CXX obj/v8/torque_generated_definitions/set-is-disjoint-from-tq.o
[3193/4486] CXX obj/v8/torque_generated_definitions/set-is-subset-of-tq.o
[3194/4486] CXX obj/v8/torque_generated_definitions/set-is-superset-of-tq.o
[3195/4486] CXX obj/v8/torque_generated_definitions/set-symmetric-difference-tq.o
[3196/4486] CXX obj/v8/torque_generated_definitions/set-union-tq.o
[3197/4486] CXX obj/v8/torque_generated_definitions/string-at-tq.o
[3198/4486] CXX obj/v8/torque_generated_definitions/string-endswith-tq.o
[3199/4486] CXX obj/v8/torque_generated_definitions/string-includes-tq.o
[3200/4486] CXX obj/v8/torque_generated_definitions/string-indexof-tq.o
[3201/4486] CXX obj/v8/torque_generated_definitions/string-iswellformed-tq.o
[3202/4486] CXX obj/v8/torque_generated_definitions/string-iterator-tq.o
[3203/4486] CXX obj/v8/torque_generated_definitions/string-match-search-tq.o
[3204/4486] CXX obj/v8/torque_generated_definitions/string-pad-tq.o
[3205/4486] CXX obj/v8/torque_generated_definitions/string-repeat-tq.o
[3206/4486] CXX obj/v8/torque_generated_definitions/typed-array-entries-tq.o
[3207/4486] CXX obj/v8/torque_generated_definitions/typed-array-every-tq.o
[3208/4486] CXX obj/v8/torque_generated_definitions/typed-array-reduce-tq.o
[3209/4486] CXX obj/v8/torque_generated_definitions/typed-array-subarray-tq.o
[3210/4486] CXX obj/v8/torque_generated_definitions/string-html-tq.o
[3211/4486] CXX obj/v8/torque_generated_definitions/string-replaceall-tq.o
[3212/4486] CXX obj/v8/torque_generated_definitions/string-startswith-tq.o
[3213/4486] CXX obj/v8/torque_generated_definitions/string-trim-tq.o
[3214/4486] CXX obj/v8/torque_generated_definitions/torque-internal-tq.o
[3215/4486] CXX obj/v8/torque_generated_definitions/typed-array-find-tq.o
[3216/4486] CXX obj/v8/torque_generated_definitions/typed-array-findlast-tq.o
[3217/4486] CXX obj/v8/torque_generated_definitions/typed-array-findlastindex-tq.o
[3218/4486] CXX obj/v8/torque_generated_definitions/typed-array-foreach-tq.o
[3219/4486] CXX obj/v8/torque_generated_definitions/typed-array-keys-tq.o
[3220/4486] CXX obj/v8/torque_generated_definitions/typed-array-of-tq.o
[3221/4486] CXX obj/v8/torque_generated_definitions/typed-array-to-reversed-tq.o
[3222/4486] CXX obj/v8/mksnapshot/platform-embedded-file-writer-zos.o
[3223/4486] CXX obj/v8/torque_generated_definitions/string-slice-tq.o
[3224/4486] CXX obj/v8/torque_generated_definitions/string-substr-tq.o
[3225/4486] CXX obj/v8/torque_generated_definitions/string-substring-tq.o
[3226/4486] CXX obj/v8/torque_generated_definitions/string-towellformed-tq.o
[3227/4486] CXX obj/v8/torque_generated_definitions/suppressed-error-tq.o
[3228/4486] CXX obj/v8/torque_generated_definitions/symbol-tq.o
[3229/4486] CXX obj/v8/torque_generated_definitions/typed-array-at-tq.o
[3230/4486] CXX obj/v8/torque_generated_definitions/typed-array-createtypedarray-tq.o
[3231/4486] CXX obj/v8/torque_generated_definitions/typed-array-filter-tq.o
[3232/4486] CXX obj/v8/torque_generated_definitions/typed-array-findindex-tq.o
[3233/4486] CXX obj/v8/torque_generated_definitions/typed-array-from-tq.o
[3234/4486] CXX obj/v8/torque_generated_definitions/typed-array-reduceright-tq.o
[3235/4486] CXX obj/v8/torque_generated_definitions/typed-array-set-tq.o
[3236/4486] CXX obj/v8/torque_generated_definitions/typed-array-slice-tq.o
[3237/4486] CXX obj/v8/torque_generated_definitions/typed-array-some-tq.o
[3238/4486] CXX obj/v8/torque_generated_definitions/typed-array-sort-tq.o
[3239/4486] CXX obj/v8/torque_generated_definitions/typed-array-to-sorted-tq.o
[3240/4486] CXX obj/v8/torque_generated_definitions/typed-array-values-tq.o
[3241/4486] CXX obj/v8/torque_generated_definitions/typed-array-with-tq.o
[3242/4486] CXX obj/v8/mksnapshot/platform-embedded-file-writer-win.o
[3243/4486] CXX obj/v8/torque_generated_definitions/handler-configuration-tq.o
[3244/4486] CXX obj/v8/torque_generated_definitions/typed-array-tq.o
[3245/4486] CXX obj/v8/torque_generated_definitions/data-handler-tq.o
[3246/4486] CXX obj/v8/torque_generated_definitions/free-space-tq.o
[3247/4486] CXX obj/v8/torque_generated_definitions/bigint-tq.o
[3248/4486] CXX obj/v8/torque_generated_definitions/weak-ref-tq.o
[3249/4486] CXX obj/v8/torque_generated_definitions/heap-object-tq.o
[3250/4486] CXX obj/v8/mksnapshot/builtins-effects-dummy.o
[3251/4486] CXX obj/v8/mksnapshot/platform-embedded-file-writer-base.o
[3252/4486] CXX obj/v8/mksnapshot/platform-embedded-file-writer-aix.o
[3253/4486] CXX obj/v8/torque_generated_definitions/bytecode-array-tq.o
[3254/4486] CXX obj/v8/torque_generated_definitions/fixed-array-tq.o
[3255/4486] CXX obj/v8/mksnapshot/platform-embedded-file-writer-generic.o
[3256/4486] CXX obj/v8/mksnapshot/platform-embedded-file-writer-mac.o
[3257/4486] CXX obj/v8/torque_generated_definitions/heap-number-tq.o
[3258/4486] CXX obj/v8/torque_generated_definitions/allocation-site-tq.o
[3259/4486] CXX obj/v8/torque_generated_definitions/call-site-info-tq.o
[3260/4486] CXX obj/v8/torque_generated_definitions/hole-tq.o
[3261/4486] CXX obj/v8/torque_generated_definitions/name-tq.o
[3262/4486] CXX obj/v8/torque_generated_definitions/ordered-hash-table-tq.o
[3263/4486] CXX obj/v8/torque_generated_definitions/microtask-tq.o
[3264/4486] CXX obj/v8/torque_generated_definitions/oddball-tq.o
[3265/4486] CXX obj/v8/torque_generated_definitions/trusted-object-tq.o
[3266/4486] CXX obj/v8/torque_generated_definitions/primitive-heap-object-tq.o
[3267/4486] CXX obj/v8/torque_generated_definitions/promise-tq.o
[3268/4486] CXX obj/v8/mksnapshot/snapshot-empty.o
[3269/4486] CXX obj/v8/mksnapshot/mksnapshot.o
[3270/4486] CXX obj/v8/torque_generated_definitions/property-descriptor-object-tq.o
[3271/4486] CXX obj/v8/torque_generated_definitions/regexp-match-info-tq.o
[3272/4486] CXX obj/v8/torque_generated_definitions/js-collection-tq.o
[3273/4486] CXX obj/v8/torque_generated_definitions/feedback-vector-tq.o
[3274/4486] CXX obj/v8/torque_generated_definitions/debug-objects-tq.o
[3275/4486] CXX obj/v8/torque_generated_definitions/js-array-tq.o
[3276/4486] CXX obj/v8/mksnapshot/embedded-file-writer.o
[3277/4486] CXX obj/v8/torque_generated_definitions/swiss-hash-table-helpers-tq.o
[3278/4486] CXX obj/v8/torque_generated_definitions/swiss-name-dictionary-tq.o
[3279/4486] CXX obj/v8/torque_generated_definitions/js-generator-tq.o
[3280/4486] CXX obj/v8/torque_generated_definitions/cell-tq.o
[3281/4486] CXX obj/v8/torque_generated_definitions/js-regexp-string-iterator-tq.o
[3282/4486] CXX obj/v8/torque_generated_definitions/js-collection-iterator-tq.o
[3283/4486] CXX obj/v8/torque_generated_definitions/cpp-heap-external-object-tq.o
[3284/4486] CXX obj/v8/torque_generated_definitions/foreign-tq.o
[3285/4486] CXX obj/v8/torque_generated_definitions/array-sort-tq.o
[3286/4486] CXX obj/v8/torque_generated_definitions/test-torque-tq.o
[3287/4486] CXX obj/v8/torque_generated_definitions/intl-objects-tq.o
[3288/4486] CXX obj/v8/torque_generated_definitions/js-raw-json-tq.o
[3289/4486] CXX obj/v8/torque_generated_definitions/js-shadow-realm-tq.o
[3290/4486] CXX obj/v8/torque_generated_definitions/api-callbacks-tq.o
[3291/4486] CXX obj/v8/torque_generated_definitions/megadom-handler-tq.o
[3292/4486] CXX obj/v8/torque_generated_definitions/descriptor-array-tq.o
[3293/4486] CXX obj/v8/torque_generated_definitions/literal-objects-tq.o
[3294/4486] CXX obj/v8/torque_generated_definitions/map-tq.o
[3295/4486] CXX obj/v8/torque_generated_definitions/arguments-tq.o
[3296/4486] CXX obj/v8/torque_generated_definitions/embedder-data-array-tq.o
[3297/4486] CXX obj/v8/torque_generated_definitions/js-regexp-tq.o
[3298/4486] CXX obj/v8/torque_generated_definitions/js-array-buffer-tq.o
[3299/4486] CXX obj/v8/torque_generated_definitions/js-struct-tq.o
[3300/4486] CXX obj/v8/torque_generated_definitions/js-weak-refs-tq.o
[3301/4486] CXX obj/v8/torque_generated_definitions/js-iterator-helpers-tq.o
[3302/4486] CXX obj/v8/torque_generated_definitions/js-proxy-tq.o
[3303/4486] CXX obj/v8/torque_generated_definitions/js-promise-tq.o
[3304/4486] CXX obj/v8/torque_generated_definitions/js-objects-tq.o
[3305/4486] CXX obj/v8/torque_generated_definitions/js-atomics-synchronization-tq.o
[3306/4486] CXX obj/v8/torque_generated_definitions/js-disposable-stack-tq.o
[3307/4486] CXX obj/v8/torque_generated_definitions/feedback-cell-tq.o
[3308/4486] CXX obj/v8/torque_generated_definitions/js-to-wasm-tq.o
[3309/4486] CXX obj/v8/torque_generated_definitions/wasm-tq.o
[3310/4486] CXX obj/v8/torque_generated_definitions/js-function-tq.o
[3311/4486] CXX obj/v8/torque_generated_definitions/js-to-js-tq.o
[3312/4486] CXX obj/v8/torque_generated_definitions/wasm-strings-tq.o
[3313/4486] CXX obj/v8/torque_generated_definitions/js-shared-array-tq.o
[3314/4486] CXX obj/v8/torque_generated_definitions/debug-wasm-objects-tq.o
[3315/4486] CXX obj/v8/torque_generated_definitions/wasm-to-js-tq.o
[3316/4486] CXX obj/v8/torque_generated_definitions/contexts-tq.o
[3317/4486] CXX obj/v8/torque_generated_definitions/module-tq.o
[3318/4486] CXX obj/v8/torque_generated_definitions/template-objects-tq.o
[3319/4486] CXX obj/v8/mksnapshot/static-roots-gen.o
[3320/4486] CXX obj/v8/torque_generated_definitions/property-array-tq.o
[3321/4486] CXX obj/v8/torque_generated_definitions/property-cell-tq.o
[3322/4486] CXX obj/v8/torque_generated_definitions/prototype-info-tq.o
[3323/4486] CXX obj/v8/torque_generated_definitions/scope-info-tq.o
[3324/4486] CXX obj/v8/torque_generated_definitions/script-tq.o
[3325/4486] CXX obj/v8/torque_generated_definitions/string-tq.o
[3326/4486] CXX obj/v8/torque_generated_definitions/shared-function-info-tq.o
[3327/4486] CXX obj/v8/torque_generated_definitions/js-break-iterator-tq.o
[3328/4486] CXX obj/v8/torque_generated_definitions/struct-tq.o
[3329/4486] CXX obj/v8/torque_generated_definitions/js-list-format-tq.o
[3330/4486] CXX obj/v8/torque_generated_definitions/js-plural-rules-tq.o
[3331/4486] CXX obj/v8/torque_generated_definitions/js-number-format-tq.o
[3332/4486] CXX obj/v8/torque_generated_definitions/js-duration-format-tq.o
[3333/4486] CXX obj/v8/torque_generated_definitions/wasm-objects-tq.o
[3334/4486] CXX obj/v8/torque_generated_definitions/js-collator-tq.o
[3335/4486] CXX obj/v8/torque_generated_definitions/js-display-names-tq.o
[3336/4486] CXX obj/v8/torque_generated_definitions/js-temporal-objects-tq.o
[3337/4486] CXX obj/v8/torque_generated_definitions/js-segment-iterator-tq.o
[3338/4486] CXX obj/v8/torque_generated_definitions/js-segmenter-tq.o
[3339/4486] CXX obj/v8/torque_generated_definitions/turbofan-types-tq.o
[3340/4486] CXX obj/v8/torque_generated_definitions/templates-tq.o
[3341/4486] CXX obj/v8/torque_generated_definitions/js-relative-time-format-tq.o
[3342/4486] CXX obj/v8/torque_generated_definitions/js-locale-tq.o
[3343/4486] CXX obj/v8/torque_generated_definitions/torque-defined-classes-tq.o
[3344/4486] CXX obj/v8/torque_generated_definitions/js-date-time-format-tq.o
[3345/4486] CXX obj/v8/torque_generated_definitions/source-text-module-tq.o
[3346/4486] CXX obj/v8/torque_generated_definitions/synthetic-module-tq.o
[3347/4486] CXX obj/v8/torque_generated_definitions/turboshaft-types-tq.o
[3348/4486] CXX obj/v8/torque_generated_definitions/js-segments-tq.o
[3349/4486] CXX obj/v8/torque_generated_initializers/aggregate-error-tq-csa.o
[3350/4486] CXX obj/v8/torque_generated_definitions/factory.o
[3351/4486] CXX obj/v8/torque_generated_initializers/array-findlastindex-tq-csa.o
[3352/4486] CXX obj/v8/torque_generated_initializers/array-copywithin-tq-csa.o
[3353/4486] CXX obj/v8/torque_generated_initializers/array-find-tq-csa.o
[3354/4486] CXX obj/v8/torque_generated_initializers/array-at-tq-csa.o
[3355/4486] CXX obj/v8/torque_generated_initializers/array-concat-tq-csa.o
[3356/4486] CXX obj/v8/torque_generated_initializers/array-findindex-tq-csa.o
[3357/4486] CXX obj/v8/torque_generated_initializers/array-findlast-tq-csa.o
[3358/4486] CXX obj/v8/torque_generated_initializers/array-every-tq-csa.o
[3359/4486] CXX obj/v8/torque_generated_initializers/array-from-tq-csa.o
[3360/4486] CXX obj/v8/torque_generated_initializers/array-isarray-tq-csa.o
[3361/4486] CXX obj/v8/torque_generated_definitions/objects-printer.o
[3362/4486] CXX obj/v8/torque_generated_initializers/array-filter-tq-csa.o
[3363/4486] CXX obj/v8/torque_generated_initializers/array-foreach-tq-csa.o
[3364/4486] CXX obj/v8/torque_generated_definitions/class-verifiers.o
[3365/4486] CXX obj/v8/torque_generated_initializers/array-lastindexof-tq-csa.o
[3366/4486] CXX obj/v8/torque_generated_initializers/array-from-async-tq-csa.o
[3367/4486] CXX obj/v8/torque_generated_initializers/array-flat-tq-csa.o
[3368/4486] CXX obj/v8/torque_generated_initializers/array-reverse-tq-csa.o
[3369/4486] CXX obj/v8/torque_generated_initializers/array-with-tq-csa.o
[3370/4486] CXX obj/v8/torque_generated_initializers/arraybuffer-tq-csa.o
[3371/4486] CXX obj/v8/torque_generated_initializers/array-to-sorted-tq-csa.o
[3372/4486] CXX obj/v8/torque_generated_initializers/array-of-tq-csa.o
[3373/4486] CXX obj/v8/torque_generated_initializers/array-unshift-tq-csa.o
[3374/4486] CXX obj/v8/torque_generated_initializers/array-join-tq-csa.o
[3375/4486] CXX obj/v8/torque_generated_initializers/array-splice-tq-csa.o
[3376/4486] CXX obj/v8/torque_generated_initializers/boolean-tq-csa.o
[3377/4486] CXX obj/v8/torque_generated_initializers/array-to-spliced-tq-csa.o
[3378/4486] CXX obj/v8/torque_generated_initializers/collections-tq-csa.o
[3379/4486] CXX obj/v8/torque_generated_initializers/builtins-string-tq-csa.o
[3380/4486] CXX obj/v8/torque_generated_initializers/builtins-bigint-tq-csa.o
[3381/4486] CXX obj/v8/torque_generated_initializers/array-reduce-right-tq-csa.o
[3382/4486] CXX obj/v8/torque_generated_initializers/convert-tq-csa.o
[3383/4486] CXX obj/v8/torque_generated_initializers/array-tq-csa.o
[3384/4486] CXX obj/v8/torque_generated_initializers/array-reduce-tq-csa.o
[3385/4486] CXX obj/v8/torque_generated_initializers/console-tq-csa.o
[3386/4486] CXX obj/v8/torque_generated_initializers/array-map-tq-csa.o
[3387/4486] CXX obj/v8/torque_generated_initializers/array-shift-tq-csa.o
[3388/4486] CXX obj/v8/torque_generated_initializers/array-to-reversed-tq-csa.o
[3389/4486] CXX obj/v8/torque_generated_initializers/frame-arguments-tq-csa.o
[3390/4486] CXX obj/v8/torque_generated_initializers/array-some-tq-csa.o
[3391/4486] CXX obj/v8/torque_generated_initializers/finalization-registry-tq-csa.o
[3392/4486] CXX obj/v8/torque_generated_initializers/ic-tq-csa.o
[3393/4486] CXX obj/v8/torque_generated_initializers/frames-tq-csa.o
[3394/4486] CXX obj/v8/torque_generated_initializers/array-slice-tq-csa.o
[3395/4486] CXX obj/v8/torque_generated_initializers/constructor-tq-csa.o
[3396/4486] CXX obj/v8/torque_generated_initializers/conversion-tq-csa.o
[3397/4486] CXX obj/v8/torque_generated_initializers/growable-fixed-array-tq-csa.o
[3398/4486] CXX obj/v8/torque_generated_initializers/function-tq-csa.o
[3399/4486] CXX obj/v8/torque_generated_initializers/base-tq-csa.o
[3400/4486] CXX obj/v8/torque_generated_initializers/data-view-tq-csa.o
[3401/4486] CXX obj/v8/torque_generated_initializers/internal-tq-csa.o
[3402/4486] CXX obj/v8/torque_generated_initializers/internal-coverage-tq-csa.o
[3403/4486] CXX obj/v8/torque_generated_initializers/iterator-from-tq-csa.o
[3404/4486] CXX obj/v8/torque_generated_initializers/ic-callable-tq-csa.o
[3405/4486] CXX obj/v8/torque_generated_initializers/iterator-tq-csa.o
[3406/4486] CXX obj/v8/torque_generated_initializers/cast-tq-csa.o
[3407/4486] CXX obj/v8/torque_generated_initializers/map-groupby-tq-csa.o
[3408/4486] CXX obj/v8/torque_generated_initializers/math-tq-csa.o
[3409/4486] CXX obj/v8/torque_generated_initializers/promise-constructor-tq-csa.o
[3410/4486] CXX obj/v8/torque_generated_initializers/promise-misc-tq-csa.o
[3411/4486] CXX obj/v8/torque_generated_initializers/object-fromentries-tq-csa.o
[3412/4486] CXX obj/v8/torque_generated_initializers/iterator-helpers-tq-csa.o
[3413/4486] CXX obj/v8/torque_generated_initializers/promise-withresolvers-tq-csa.o
[3414/4486] CXX obj/v8/torque_generated_initializers/promise-reaction-job-tq-csa.o
[3415/4486] CXX obj/v8/torque_generated_initializers/promise-race-tq-csa.o
[3416/4486] CXX obj/v8/torque_generated_initializers/promise-resolve-tq-csa.o
[3417/4486] CXX obj/v8/torque_generated_initializers/promise-then-tq-csa.o
[3418/4486] CXX obj/v8/torque_generated_initializers/proxy-get-property-tq-csa.o
[3419/4486] CXX obj/v8/torque_generated_initializers/object-groupby-tq-csa.o
[3420/4486] CXX obj/v8/torque_generated_initializers/promise-jobs-tq-csa.o
[3421/4486] CXX obj/v8/torque_generated_initializers/proxy-is-extensible-tq-csa.o
[3422/4486] CXX obj/v8/torque_generated_initializers/promise-all-element-closure-tq-csa.o
[3423/4486] CXX obj/v8/torque_generated_initializers/promise-any-tq-csa.o
[3424/4486] CXX obj/v8/torque_generated_initializers/promise-finally-tq-csa.o
[3425/4486] CXX obj/v8/torque_generated_initializers/proxy-constructor-tq-csa.o
[3426/4486] CXX obj/v8/torque_generated_initializers/proxy-prevent-extensions-tq-csa.o
[3427/4486] CXX obj/v8/torque_generated_initializers/promise-try-tq-csa.o
[3428/4486] CXX obj/v8/torque_generated_initializers/object-tq-csa.o
[3429/4486] CXX obj/v8/torque_generated_initializers/proxy-has-property-tq-csa.o
[3430/4486] CXX obj/v8/torque_generated_initializers/promise-all-tq-csa.o
[3431/4486] CXX obj/v8/torque_generated_initializers/promise-abstract-operations-tq-csa.o
[3432/4486] CXX obj/v8/torque_generated_initializers/proxy-tq-csa.o
[3433/4486] CXX obj/v8/torque_generated_initializers/proxy-revocable-tq-csa.o
[3434/4486] CXX obj/v8/torque_generated_initializers/number-tq-csa.o
[3435/4486] CXX obj/v8/torque_generated_initializers/proxy-delete-property-tq-csa.o
[3436/4486] CXX obj/v8/torque_generated_initializers/proxy-revoke-tq-csa.o
[3437/4486] CXX obj/v8/torque_generated_initializers/regexp-exec-tq-csa.o
[3438/4486] CXX obj/v8/torque_generated_initializers/proxy-get-prototype-of-tq-csa.o
[3439/4486] CXX obj/v8/torque_generated_initializers/reflect-tq-csa.o
[3440/4486] CXX obj/v8/torque_generated_initializers/proxy-set-property-tq-csa.o
[3441/4486] CXX obj/v8/torque_generated_initializers/proxy-set-prototype-of-tq-csa.o
[3442/4486] CXX obj/v8/torque_generated_initializers/regexp-split-tq-csa.o
[3443/4486] CXX obj/v8/torque_generated_initializers/regexp-match-tq-csa.o
[3444/4486] CXX obj/v8/torque_generated_initializers/regexp-search-tq-csa.o
[3445/4486] CXX obj/v8/torque_generated_initializers/regexp-match-all-tq-csa.o
[3446/4486] CXX obj/v8/torque_generated_initializers/regexp-source-tq-csa.o
[3447/4486] CXX obj/v8/torque_generated_initializers/regexp-replace-tq-csa.o
[3448/4486] CXX obj/v8/torque_generated_initializers/regexp-test-tq-csa.o
[3449/4486] CXX obj/v8/torque_generated_initializers/set-difference-tq-csa.o
[3450/4486] CXX obj/v8/torque_generated_initializers/regexp-tq-csa.o
[3451/4486] CXX obj/v8/torque_generated_initializers/set-intersection-tq-csa.o
[3452/4486] CXX obj/v8/torque_generated_initializers/set-is-superset-of-tq-csa.o
[3453/4486] CXX obj/v8/torque_generated_initializers/set-is-subset-of-tq-csa.o
[3454/4486] CXX obj/v8/torque_generated_initializers/string-substr-tq-csa.o
[3455/4486] CXX obj/v8/torque_generated_initializers/string-indexof-tq-csa.o
[3456/4486] CXX obj/v8/torque_generated_initializers/string-iterator-tq-csa.o
[3457/4486] CXX obj/v8/torque_generated_initializers/string-iswellformed-tq-csa.o
[3458/4486] CXX obj/v8/torque_generated_initializers/string-repeat-tq-csa.o
[3459/4486] CXX obj/v8/torque_generated_initializers/string-match-search-tq-csa.o
[3460/4486] CXX obj/v8/torque_generated_initializers/string-includes-tq-csa.o
[3461/4486] CXX obj/v8/torque_generated_initializers/set-union-tq-csa.o
[3462/4486] CXX obj/v8/torque_generated_initializers/string-pad-tq-csa.o
[3463/4486] CXX obj/v8/torque_generated_initializers/string-html-tq-csa.o
[3464/4486] CXX obj/v8/torque_generated_initializers/string-startswith-tq-csa.o
[3465/4486] CXX obj/v8/torque_generated_initializers/set-symmetric-difference-tq-csa.o
[3466/4486] CXX obj/v8/torque_generated_initializers/typed-array-at-tq-csa.o
[3467/4486] CXX obj/v8/torque_generated_initializers/string-endswith-tq-csa.o
[3468/4486] CXX obj/v8/torque_generated_initializers/set-is-disjoint-from-tq-csa.o
[3469/4486] CXX obj/v8/torque_generated_initializers/string-slice-tq-csa.o
[3470/4486] CXX obj/v8/torque_generated_initializers/string-substring-tq-csa.o
[3471/4486] CXX obj/v8/torque_generated_initializers/string-towellformed-tq-csa.o
[3472/4486] CXX obj/v8/torque_generated_initializers/symbol-tq-csa.o
[3473/4486] CXX obj/v8/torque_generated_initializers/string-at-tq-csa.o
[3474/4486] CXX obj/v8/torque_generated_initializers/string-replaceall-tq-csa.o
[3475/4486] CXX obj/v8/torque_generated_initializers/suppressed-error-tq-csa.o
[3476/4486] CXX obj/v8/torque_generated_initializers/typed-array-entries-tq-csa.o
[3477/4486] CXX obj/v8/torque_generated_initializers/string-trim-tq-csa.o
[3478/4486] CXX obj/v8/torque_generated_initializers/typed-array-every-tq-csa.o
[3479/4486] CXX obj/v8/torque_generated_initializers/typed-array-find-tq-csa.o
[3480/4486] CXX obj/v8/torque_generated_initializers/torque-internal-tq-csa.o
[3481/4486] CXX obj/v8/torque_generated_initializers/typed-array-findlastindex-tq-csa.o
[3482/4486] CXX obj/v8/torque_generated_initializers/typed-array-findindex-tq-csa.o
[3483/4486] CXX obj/v8/torque_generated_initializers/typed-array-findlast-tq-csa.o
[3484/4486] CXX obj/v8/torque_generated_initializers/typed-array-foreach-tq-csa.o
[3485/4486] CXX obj/v8/torque_generated_initializers/typed-array-from-tq-csa.o
[3486/4486] CXX obj/v8/torque_generated_initializers/typed-array-filter-tq-csa.o
[3487/4486] CXX obj/v8/torque_generated_initializers/typed-array-createtypedarray-tq-csa.o
[3488/4486] CXX obj/v8/torque_generated_initializers/typed-array-keys-tq-csa.o
[3489/4486] CXX obj/v8/torque_generated_initializers/typed-array-of-tq-csa.o
[3490/4486] CXX obj/v8/torque_generated_initializers/typed-array-reduce-tq-csa.o
[3491/4486] CXX obj/v8/torque_generated_initializers/typed-array-set-tq-csa.o
[3492/4486] CXX obj/v8/torque_generated_initializers/typed-array-reduceright-tq-csa.o
[3493/4486] CXX obj/v8/torque_generated_initializers/typed-array-some-tq-csa.o
[3494/4486] CXX obj/v8/torque_generated_initializers/typed-array-sort-tq-csa.o
[3495/4486] CXX obj/v8/torque_generated_initializers/typed-array-slice-tq-csa.o
[3496/4486] CXX obj/v8/torque_generated_initializers/typed-array-subarray-tq-csa.o
[3497/4486] CXX obj/v8/torque_generated_initializers/allocation-site-tq-csa.o
[3498/4486] CXX obj/v8/torque_generated_initializers/typed-array-to-sorted-tq-csa.o
[3499/4486] CXX obj/v8/torque_generated_initializers/api-callbacks-tq-csa.o
[3500/4486] CXX obj/v8/torque_generated_initializers/typed-array-to-reversed-tq-csa.o
[3501/4486] CXX obj/v8/torque_generated_initializers/weak-ref-tq-csa.o
[3502/4486] CXX obj/v8/torque_generated_initializers/call-site-info-tq-csa.o
[3503/4486] CXX obj/v8/torque_generated_initializers/bytecode-array-tq-csa.o
[3504/4486] CXX obj/v8/torque_generated_initializers/typed-array-tq-csa.o
[3505/4486] CXX obj/v8/torque_generated_initializers/typed-array-values-tq-csa.o
[3506/4486] CXX obj/v8/torque_generated_initializers/handler-configuration-tq-csa.o
[3507/4486] CXX obj/v8/torque_generated_initializers/typed-array-with-tq-csa.o
[3508/4486] CXX obj/v8/torque_generated_initializers/data-handler-tq-csa.o
[3509/4486] CXX obj/v8/torque_generated_initializers/arguments-tq-csa.o
[3510/4486] CXX obj/v8/torque_generated_initializers/feedback-cell-tq-csa.o
[3511/4486] CXX obj/v8/torque_generated_initializers/cell-tq-csa.o
[3512/4486] CXX obj/v8/torque_generated_initializers/free-space-tq-csa.o
[3513/4486] CXX obj/v8/torque_generated_initializers/bigint-tq-csa.o
[3514/4486] CXX obj/v8/torque_generated_initializers/foreign-tq-csa.o
[3515/4486] CXX obj/v8/torque_generated_initializers/cpp-heap-external-object-tq-csa.o
[3516/4486] CXX obj/v8/torque_generated_initializers/descriptor-array-tq-csa.o
[3517/4486] CXX obj/v8/torque_generated_initializers/heap-object-tq-csa.o
[3518/4486] CXX obj/v8/torque_generated_initializers/feedback-vector-tq-csa.o
[3519/4486] CXX obj/v8/torque_generated_initializers/debug-objects-tq-csa.o
[3520/4486] CXX obj/v8/torque_generated_initializers/heap-number-tq-csa.o
[3521/4486] CXX obj/v8/torque_generated_initializers/js-atomics-synchronization-tq-csa.o
[3522/4486] CXX obj/v8/torque_generated_initializers/embedder-data-array-tq-csa.o
[3523/4486] CXX obj/v8/torque_generated_initializers/js-array-buffer-tq-csa.o
[3524/4486] CXX obj/v8/torque_generated_initializers/js-array-tq-csa.o
[3525/4486] CXX obj/v8/torque_generated_initializers/js-function-tq-csa.o
[3526/4486] CXX obj/v8/torque_generated_initializers/js-disposable-stack-tq-csa.o
[3527/4486] CXX obj/v8/torque_generated_initializers/js-collection-iterator-tq-csa.o
[3528/4486] CXX obj/v8/torque_generated_initializers/js-collection-tq-csa.o
[3529/4486] CXX obj/v8/torque_generated_initializers/js-generator-tq-csa.o
[3530/4486] CXX obj/v8/torque_generated_initializers/fixed-array-tq-csa.o
[3531/4486] CXX obj/v8/torque_generated_initializers/js-iterator-helpers-tq-csa.o
[3532/4486] CXX obj/v8/torque_generated_initializers/contexts-tq-csa.o
[3533/4486] CXX obj/v8/torque_generated_initializers/js-raw-json-tq-csa.o
[3534/4486] CXX obj/v8/torque_generated_initializers/js-promise-tq-csa.o
[3535/4486] CXX obj/v8/torque_generated_initializers/js-proxy-tq-csa.o
[3536/4486] CXX obj/v8/torque_generated_initializers/js-regexp-string-iterator-tq-csa.o
[3537/4486] CXX obj/v8/torque_generated_initializers/microtask-tq-csa.o
[3538/4486] CXX obj/v8/torque_generated_initializers/js-struct-tq-csa.o
[3539/4486] CXX obj/v8/torque_generated_initializers/js-objects-tq-csa.o
[3540/4486] CXX obj/v8/torque_generated_initializers/js-shadow-realm-tq-csa.o
[3541/4486] CXX obj/v8/torque_generated_initializers/map-tq-csa.o
[3542/4486] CXX obj/v8/torque_generated_initializers/module-tq-csa.o
[3543/4486] CXX obj/v8/torque_generated_initializers/literal-objects-tq-csa.o
[3544/4486] CXX obj/v8/torque_generated_initializers/name-tq-csa.o
[3545/4486] CXX obj/v8/torque_generated_initializers/trusted-object-tq-csa.o
[3546/4486] CXX obj/v8/torque_generated_initializers/js-regexp-tq-csa.o
[3547/4486] CXX obj/v8/torque_generated_initializers/hole-tq-csa.o
[3548/4486] CXX obj/v8/torque_generated_initializers/js-shared-array-tq-csa.o
[3549/4486] CXX obj/v8/torque_generated_initializers/js-weak-refs-tq-csa.o
[3550/4486] CXX obj/v8/torque_generated_initializers/oddball-tq-csa.o
[3551/4486] CXX obj/v8/torque_generated_initializers/primitive-heap-object-tq-csa.o
[3552/4486] CXX obj/v8/torque_generated_initializers/prototype-info-tq-csa.o
[3553/4486] CXX obj/v8/torque_generated_initializers/megadom-handler-tq-csa.o
[3554/4486] CXX obj/v8/torque_generated_initializers/property-cell-tq-csa.o
[3555/4486] CXX obj/v8/torque_generated_initializers/property-array-tq-csa.o
[3556/4486] CXX obj/v8/torque_generated_initializers/regexp-match-info-tq-csa.o
[3557/4486] CXX obj/v8/torque_generated_initializers/ordered-hash-table-tq-csa.o
[3558/4486] CXX obj/v8/torque_generated_initializers/script-tq-csa.o
[3559/4486] CXX obj/v8/torque_generated_initializers/promise-tq-csa.o
[3560/4486] CXX obj/v8/torque_generated_initializers/struct-tq-csa.o
[3561/4486] CXX obj/v8/torque_generated_initializers/property-descriptor-object-tq-csa.o
[3562/4486] CXX obj/v8/torque_generated_initializers/source-text-module-tq-csa.o
[3563/4486] CXX obj/v8/torque_generated_initializers/swiss-hash-table-helpers-tq-csa.o
[3564/4486] CXX obj/v8/torque_generated_initializers/synthetic-module-tq-csa.o
[3565/4486] CXX obj/v8/torque_generated_initializers/torque-defined-classes-tq-csa.o
[3566/4486] CXX obj/v8/torque_generated_initializers/scope-info-tq-csa.o
[3567/4486] CXX obj/v8/torque_generated_initializers/shared-function-info-tq-csa.o
[3568/4486] CXX obj/v8/torque_generated_initializers/template-objects-tq-csa.o
[3569/4486] CXX obj/v8/torque_generated_initializers/swiss-name-dictionary-tq-csa.o
[3570/4486] CXX obj/v8/torque_generated_initializers/string-tq-csa.o
[3571/4486] CXX obj/v8/torque_generated_initializers/templates-tq-csa.o
[3572/4486] CXX obj/v8/torque_generated_initializers/turbofan-types-tq-csa.o
[3573/4486] CXX obj/v8/v8_base_without_compiler/ast-function-literal-id-reindexer.o
[3574/4486] CXX obj/v8/v8_base_without_compiler/variables.o
[3575/4486] CXX obj/v8/torque_generated_initializers/turboshaft-types-tq-csa.o
[3576/4486] CXX obj/v8/v8_base_without_compiler/source-range-ast-visitor.o
[3577/4486] CXX obj/v8/torque_generated_initializers/js-break-iterator-tq-csa.o
[3578/4486] CXX obj/v8/torque_generated_initializers/js-collator-tq-csa.o
[3579/4486] CXX obj/v8/torque_generated_initializers/js-date-time-format-tq-csa.o
[3580/4486] CXX obj/v8/torque_generated_initializers/js-duration-format-tq-csa.o
[3581/4486] CXX obj/v8/torque_generated_initializers/js-display-names-tq-csa.o
[3582/4486] CXX obj/v8/torque_generated_initializers/js-number-format-tq-csa.o
[3583/4486] CXX obj/v8/torque_generated_initializers/js-list-format-tq-csa.o
[3584/4486] CXX obj/v8/torque_generated_initializers/js-plural-rules-tq-csa.o
[3585/4486] CXX obj/v8/torque_generated_initializers/js-locale-tq-csa.o
[3586/4486] CXX obj/v8/torque_generated_initializers/js-relative-time-format-tq-csa.o
[3587/4486] CXX obj/v8/torque_generated_initializers/js-segments-tq-csa.o
[3588/4486] CXX obj/v8/torque_generated_initializers/js-segmenter-tq-csa.o
[3589/4486] CXX obj/v8/torque_generated_initializers/intl-objects-tq-csa.o
[3590/4486] CXX obj/v8/torque_generated_initializers/js-segment-iterator-tq-csa.o
[3591/4486] CXX obj/v8/torque_generated_initializers/js-to-js-tq-csa.o
[3592/4486] CXX obj/v8/torque_generated_initializers/js-temporal-objects-tq-csa.o
[3593/4486] CXX obj/v8/torque_generated_initializers/debug-wasm-objects-tq-csa.o
[3594/4486] CXX obj/v8/torque_generated_initializers/enum-verifiers.o
[3595/4486] CXX obj/v8/v8_base_without_compiler/builtins-math-xsum.o
[3596/4486] CXX obj/v8/v8_base_without_compiler/api-arguments.o
[3597/4486] CXX obj/v8/torque_generated_initializers/test-torque-tq-csa.o
[3598/4486] CXX obj/v8/torque_generated_initializers/wasm-strings-tq-csa.o
[3599/4486] CXX obj/v8/v8_base_without_compiler/ast.o
[3600/4486] CXX obj/v8/v8_base_without_compiler/modules.o
[3601/4486] CXX obj/v8/v8_base_without_compiler/prettyprinter.o
[3602/4486] CXX obj/v8/v8_base_without_compiler/bytecode-offset-iterator.o
[3603/4486] CXX obj/v8/torque_generated_initializers/exported-macros-assembler.o
[3604/4486] CXX obj/v8/v8_base_without_compiler/api-natives.o
[3605/4486] CXX obj/v8/v8_base_without_compiler/ast-value-factory.o
[3606/4486] CXX obj/v8/v8_base_without_compiler/baseline.o
[3607/4486] CXX obj/v8/v8_base_without_compiler/builtins-effects-analyzer.o
[3608/4486] CXX obj/v8/v8_base_without_compiler/scopes.o
[3609/4486] CXX obj/v8/v8_base_without_compiler/accessors.o
[3610/4486] CXX obj/v8/v8_base_without_compiler/builtins-abstract-module-source.o
[3611/4486] CXX obj/v8/torque_generated_initializers/array-sort-tq-csa.o
[3612/4486] CXX obj/v8/torque_generated_initializers/wasm-objects-tq-csa.o
[3613/4486] CXX obj/v8/v8_base_without_compiler/aligned-slot-allocator.o
[3614/4486] CXX obj/v8/v8_base_without_compiler/bailout-reason.o
[3615/4486] CXX obj/v8/torque_generated_initializers/wasm-to-js-tq-csa.o
[3616/4486] CXX obj/v8/v8_base_without_compiler/builtins-api.o
[3617/4486] CXX obj/v8/v8_base_without_compiler/builtins-async-disposable-stack.o
[3618/4486] CXX obj/v8/v8_base_without_compiler/builtins-arraybuffer.o
[3619/4486] CXX obj/v8/v8_base_without_compiler/builtins-async-module.o
[3620/4486] CXX obj/v8/v8_base_without_compiler/builtins-array.o
[3621/4486] CXX obj/v8/v8_base_without_compiler/builtins-bigint.o
[3622/4486] CXX obj/v8/v8_base_without_compiler/builtins-atomics-synchronization.o
[3623/4486] CXX obj/v8/torque_generated_initializers/wasm-tq-csa.o
[3624/4486] CXX obj/v8/v8_base_without_compiler/builtins-dataview.o
[3625/4486] CXX obj/v8/v8_base_without_compiler/builtins-collections.o
[3626/4486] CXX obj/v8/v8_base_without_compiler/builtins-callsite.o
[3627/4486] CXX obj/v8/v8_base_without_compiler/builtins-disposable-stack.o
[3628/4486] CXX obj/v8/v8_base_without_compiler/machine-type.o
[3629/4486] CXX obj/v8/v8_base_without_compiler/builtins-function.o
[3630/4486] CXX obj/v8/v8_base_without_compiler/builtins-error.o
[3631/4486] CXX obj/v8/v8_base_without_compiler/builtins-internal.o
[3632/4486] CXX obj/v8/v8_base_without_compiler/builtins-json.o
[3633/4486] CXX obj/v8/v8_base_without_compiler/builtins-console.o
[3634/4486] CXX obj/v8/torque_generated_initializers/js-to-wasm-tq-csa.o
[3635/4486] CXX obj/v8/v8_base_without_compiler/builtins-global.o
[3636/4486] CXX obj/v8/v8_base_without_compiler/external-reference-encoder.o
[3637/4486] CXX obj/v8/v8_base_without_compiler/register-configuration.o
[3638/4486] CXX obj/v8/v8_base_without_compiler/builtins-number.o
[3639/4486] CXX obj/v8/v8_base_without_compiler/builtins-math.o
[3640/4486] CXX obj/v8/v8_base_without_compiler/builtins-object.o
[3641/4486] CXX obj/v8/v8_base_without_compiler/tnode.o
[3642/4486] CXX obj/v8/v8_base_without_compiler/builtins-reflect.o
[3643/4486] CXX obj/v8/v8_base_without_compiler/external-reference-table.o
[3644/4486] CXX obj/v8/v8_base_without_compiler/builtins-shared-array.o
[3645/4486] CXX obj/v8/v8_base_without_compiler/builtins-shadow-realm.o
[3646/4486] CXX obj/v8/v8_base_without_compiler/flush-instruction-cache.o
[3647/4486] CXX obj/v8/v8_base_without_compiler/builtins-regexp.o
[3648/4486] CXX obj/v8/v8_base_without_compiler/builtins-sharedarraybuffer.o
[3649/4486] CXX obj/v8/v8_base_without_compiler/builtins-string.o
[3650/4486] CXX obj/v8/v8_base_without_compiler/builtins-date.o
[3651/4486] CXX obj/v8/v8_base_without_compiler/builtins-symbol.o
[3652/4486] CXX obj/v8/v8_base_without_compiler/builtins-trace.o
[3653/4486] CXX obj/v8/v8_base_without_compiler/constants-table-builder.o
[3654/4486] CXX obj/v8/v8_base_without_compiler/builtins-struct.o
[3655/4486] CXX obj/v8/v8_base_without_compiler/builtins-intl.o
[3656/4486] CXX obj/v8/v8_base_without_compiler/builtins-typed-array.o
[3657/4486] CXX obj/v8/v8_base_without_compiler/code-desc.o
[3658/4486] CXX obj/v8/v8_base_without_compiler/code-comments.o
[3659/4486] CXX obj/v8/v8_base_without_compiler/assembler.o
[3660/4486] CXX obj/v8/v8_base_without_compiler/tick-counter.o
[3661/4486] CXX obj/v8/v8_base_without_compiler/ptr-compr.o
[3662/4486] CXX obj/v8/v8_base_without_compiler/liveedit-diff.o
[3663/4486] CXX obj/v8/v8_base_without_compiler/deoptimize-reason.o
[3664/4486] CXX obj/v8/v8_base_without_compiler/builtins.o
[3665/4486] CXX obj/v8/v8_base_without_compiler/builtins-weak-refs.o
[3666/4486] CXX obj/v8/v8_base_without_compiler/code-factory.o
[3667/4486] CXX obj/v8/v8_base_without_compiler/api.o
[3668/4486] CXX obj/v8/v8_base_without_compiler/compilation-statistics.o
[3669/4486] CXX obj/v8/v8_base_without_compiler/compilation-cache.o
[3670/4486] CXX obj/v8/v8_base_without_compiler/code-reference.o
[3671/4486] CXX obj/v8/v8_base_without_compiler/eh-frame.o
[3672/4486] CXX obj/v8/v8_base_without_compiler/handler-table.o
[3673/4486] CXX obj/v8/v8_base_without_compiler/unwinder.o
[3674/4486] CXX obj/v8/v8_base_without_compiler/jump-table-info.o
[3675/4486] CXX obj/v8/v8_base_without_compiler/maglev-safepoint-table.o
[3676/4486] CXX obj/v8/v8_base_without_compiler/clobber-registers.o
[3677/4486] CXX obj/v8/v8_base_without_compiler/encoded-c-signature.o
[3678/4486] CXX obj/v8/v8_base_without_compiler/macro-assembler-base.o
[3679/4486] CXX obj/v8/v8_base_without_compiler/external-reference.o
[3680/4486] CXX obj/v8/v8_base_without_compiler/interface-descriptors.o
[3681/4486] CXX obj/v8/v8_base_without_compiler/safepoint-table.o
[3682/4486] CXX obj/v8/v8_base_without_compiler/pending-optimization-table.o
[3683/4486] CXX obj/v8/v8_base_without_compiler/assert-scope.o
[3684/4486] CXX obj/v8/v8_base_without_compiler/source-position.o
[3685/4486] CXX obj/v8/v8_base_without_compiler/source-position-table.o
[3686/4486] CXX obj/v8/v8_base_without_compiler/optimized-compilation-info.o
[3687/4486] CXX obj/v8/v8_base_without_compiler/unoptimized-compilation-info.o
[3688/4486] CXX obj/v8/v8_base_without_compiler/reloc-info.o
[3689/4486] CXX obj/v8/v8_base_without_compiler/dateparser.o
[3690/4486] CXX obj/v8/v8_base_without_compiler/thread-id.o
[3691/4486] CXX obj/v8/v8_base_without_compiler/code-memory-access.o
[3692/4486] CXX obj/v8/v8_base_without_compiler/optimizing-compile-dispatcher.o
[3693/4486] CXX obj/v8/v8_base_without_compiler/compiler.o
[3694/4486] CXX obj/v8/v8_base_without_compiler/lazy-compile-dispatcher.o
[3695/4486] CXX obj/v8/v8_base_without_compiler/arguments.o
[3696/4486] CXX obj/v8/v8_base_without_compiler/date.o
[3697/4486] CXX obj/v8/v8_base_without_compiler/debug-evaluate.o
[3698/4486] CXX obj/v8/v8_base_without_compiler/debug-frames.o
[3699/4486] CXX obj/v8/v8_base_without_compiler/debug-scope-iterator.o
[3700/4486] CXX obj/v8/v8_base_without_compiler/debug-property-iterator.o
[3701/4486] CXX obj/v8/v8_base_without_compiler/trigger-failure-extension.o
[3702/4486] CXX obj/v8/v8_base_without_compiler/debug-coverage.o
[3703/4486] CXX obj/v8/v8_base_without_compiler/linkage.o
[3704/4486] CXX obj/v8/v8_base_without_compiler/interrupts-scope.o
[3705/4486] CXX obj/v8/v8_base_without_compiler/debug-stack-trace-iterator.o
[3706/4486] CXX obj/v8/v8_base_without_compiler/save-flags.o
[3707/4486] CXX obj/v8/v8_base_without_compiler/deoptimized-frame-info.o
[3708/4486] CXX obj/v8/v8_base_without_compiler/debug-scopes.o
[3709/4486] CXX obj/v8/v8_base_without_compiler/local-isolate.o
[3710/4486] CXX obj/v8/v8_base_without_compiler/simulator-base.o
[3711/4486] CXX obj/v8/v8_base_without_compiler/frame-translation-builder.o
[3712/4486] CXX obj/v8/v8_base_without_compiler/materialized-object-store.o
[3713/4486] CXX obj/v8/v8_base_without_compiler/gdb-jit.o
[3714/4486] CXX obj/v8/v8_base_without_compiler/thread-local-top.o
[3715/4486] CXX obj/v8/v8_base_without_compiler/basic-block-profiler.o
[3716/4486] CXX obj/v8/v8_base_without_compiler/flags.o
[3717/4486] CXX obj/v8/v8_base_without_compiler/debug-interface.o
[3718/4486] CXX obj/v8/v8_base_without_compiler/cputracemark-extension.o
[3719/4486] CXX obj/v8/v8_base_without_compiler/gc-extension.o
[3720/4486] CXX obj/v8/v8_base_without_compiler/translated-state.o
[3721/4486] CXX obj/v8/v8_base_without_compiler/disassembler.o
[3722/4486] CXX obj/v8/v8_base_without_compiler/allocation-observer.o
[3723/4486] CXX obj/v8/v8_base_without_compiler/perf-jit.o
[3724/4486] CXX obj/v8/v8_base_without_compiler/deoptimizer.o
[3725/4486] CXX obj/v8/v8_base_without_compiler/debug.o
[3726/4486] CXX obj/v8/v8_base_without_compiler/embedder-state.o
[3727/4486] CXX obj/v8/v8_base_without_compiler/liveedit.o
[3728/4486] CXX obj/v8/v8_base_without_compiler/protectors.o
[3729/4486] CXX obj/v8/v8_base_without_compiler/execution.o
[3730/4486] CXX obj/v8/v8_base_without_compiler/microtask-queue.o
[3731/4486] CXX obj/v8/v8_base_without_compiler/v8threads.o
[3732/4486] CXX obj/v8/v8_base_without_compiler/futex-emulation.o
[3733/4486] CXX obj/v8/v8_base_without_compiler/tiering-manager.o
[3734/4486] CXX obj/v8/v8_base_without_compiler/externalize-string-extension.o
[3735/4486] CXX obj/v8/v8_base_without_compiler/local-handles.o
[3736/4486] CXX obj/v8/v8_base_without_compiler/stack-guard.o
[3737/4486] CXX obj/v8/v8_base_without_compiler/ignition-statistics-extension.o
[3738/4486] CXX obj/v8/v8_base_without_compiler/messages.o
[3739/4486] CXX obj/v8/v8_base_without_compiler/handles.o
[3740/4486] CXX obj/v8/v8_base_without_compiler/persistent-handles.o
[3741/4486] CXX obj/v8/v8_base_without_compiler/statistics-extension.o
[3742/4486] CXX obj/v8/v8_base_without_compiler/global-handles.o
[3743/4486] CXX obj/v8/v8_base_without_compiler/index-generator.o
[3744/4486] CXX obj/v8/v8_base_without_compiler/shared-object-conveyor-handles.o
[3745/4486] CXX obj/v8/v8_base_without_compiler/frames.o
[3746/4486] CXX obj/v8/v8_base_without_compiler/base-page.o
[3747/4486] CXX obj/v8/v8_base_without_compiler/array-buffer-sweeper.o
[3748/4486] CXX obj/v8/v8_base_without_compiler/objects-debug.o
[3749/4486] CXX obj/v8/v8_base_without_compiler/code-range.o
[3750/4486] CXX obj/v8/v8_base_without_compiler/combined-heap.o
[3751/4486] CXX obj/v8/v8_base_without_compiler/unified-heap-marking-state.o
[3752/4486] CXX obj/v8/v8_base_without_compiler/collection-barrier.o
[3753/4486] CXX obj/v8/v8_base_without_compiler/large-page.o
[3754/4486] CXX obj/v8/v8_base_without_compiler/code-stats.o
[3755/4486] CXX obj/v8/v8_base_without_compiler/cross-heap-remembered-set.o
[3756/4486] CXX obj/v8/v8_base_without_compiler/traced-handles.o
[3757/4486] CXX obj/v8/v8_base_without_compiler/evacuation-allocator.o
[3758/4486] CXX obj/v8/v8_base_without_compiler/unified-heap-marking-visitor.o
[3759/4486] CXX obj/v8/v8_base_without_compiler/cpp-snapshot.o
[3760/4486] CXX obj/v8/v8_base_without_compiler/cpp-heap.o
[3761/4486] CXX obj/v8/v8_base_without_compiler/unified-heap-marking-verifier.o
[3762/4486] CXX obj/v8/v8_base_without_compiler/ephemeron-remembered-set.o
[3763/4486] CXX obj/v8/v8_base_without_compiler/evacuation-verifier.o
[3764/4486] CXX obj/v8/v8_base_without_compiler/objects-printer.o
[3765/4486] CXX obj/v8/v8_base_without_compiler/finalization-registry-cleanup-task.o
[3766/4486] CXX obj/v8/v8_base_without_compiler/free-list.o
[3767/4486] CXX obj/v8/v8_base_without_compiler/gc-tracer.o
[3768/4486] CXX obj/v8/v8_base_without_compiler/heap-allocator.o
[3769/4486] CXX obj/v8/v8_base_without_compiler/heap-layout-tracer.o
[3770/4486] CXX obj/v8/v8_base_without_compiler/heap-controller.o
[3771/4486] CXX obj/v8/v8_base_without_compiler/heap-layout.o
[3772/4486] CXX obj/v8/v8_base_without_compiler/isolate.o
[3773/4486] CXX obj/v8/v8_base_without_compiler/slot-set.o
[3774/4486] CXX obj/v8/v8_base_without_compiler/heap-visitor.o
[3775/4486] CXX obj/v8/v8_base_without_compiler/factory-base.o
[3776/4486] CXX obj/v8/v8_base_without_compiler/incremental-marking-job.o
[3777/4486] CXX obj/v8/v8_base_without_compiler/heap-write-barrier.o
[3778/4486] CXX obj/v8/v8_base_without_compiler/large-spaces.o
[3779/4486] CXX obj/v8/v8_base_without_compiler/local-factory.o
[3780/4486] CXX obj/v8/v8_base_without_compiler/marking.o
[3781/4486] CXX obj/v8/v8_base_without_compiler/local-heap.o
[3782/4486] CXX obj/v8/v8_base_without_compiler/incremental-marking.o
[3783/4486] CXX obj/v8/v8_base_without_compiler/mark-sweep-utilities.o
[3784/4486] CXX obj/v8/v8_base_without_compiler/main-allocator.o
[3785/4486] CXX obj/v8/v8_base_without_compiler/icu_util.o
[3786/4486] CXX obj/v8/v8_base_without_compiler/memory-balancer.o
[3787/4486] CXX obj/v8/v8_base_without_compiler/startup-data-util.o
[3788/4486] CXX obj/v8/v8_base_without_compiler/marking-barrier.o
[3789/4486] CXX obj/v8/v8_base_without_compiler/memory-allocator.o
[3790/4486] CXX obj/v8/v8_base_without_compiler/marking-worklist.o
[3791/4486] CXX obj/v8/v8_base_without_compiler/memory-reducer.o
[3792/4486] CXX obj/v8/v8_base_without_compiler/memory-chunk.o
[3793/4486] CXX obj/v8/v8_base_without_compiler/memory-measurement.o
[3794/4486] CXX obj/v8/v8_base_without_compiler/mutable-page.o
[3795/4486] CXX obj/v8/v8_base_without_compiler/normal-page.o
[3796/4486] CXX obj/v8/v8_base_without_compiler/paged-spaces.o
[3797/4486] CXX obj/v8/v8_base_without_compiler/new-spaces.o
[3798/4486] CXX obj/v8/v8_base_without_compiler/bytecode-operands.o
[3799/4486] CXX obj/v8/v8_base_without_compiler/bytecode-node.o
[3800/4486] CXX obj/v8/v8_base_without_compiler/concurrent-marking.o
[3801/4486] CXX obj/v8/v8_base_without_compiler/minor-gc-job.o
[3802/4486] CXX obj/v8/v8_base_without_compiler/pretenuring-handler.o
[3803/4486] CXX obj/v8/v8_base_without_compiler/bytecode-source-info.o
[3804/4486] CXX obj/v8/v8_base_without_compiler/read-only-heap.o
[3805/4486] CXX obj/v8/v8_base_without_compiler/bytecode-register.o
[3806/4486] CXX obj/v8/v8_base_without_compiler/bytecodes.o
[3807/4486] CXX obj/v8/v8_base_without_compiler/interpreter-intrinsics.o
[3808/4486] CXX obj/v8/v8_base_without_compiler/read-only-spaces.o
[3809/4486] CXX obj/v8/v8_base_without_compiler/memory-pool.o
[3810/4486] CXX obj/v8/v8_base_without_compiler/factory.o
[3811/4486] CXX obj/v8/v8_base_without_compiler/object-stats.o
[3812/4486] CXX obj/v8/v8_base_without_compiler/sampler.o
[3813/4486] CXX obj/v8/v8_base_without_compiler/heap-verifier.o
[3814/4486] CXX obj/v8/v8_base_without_compiler/read-only-promotion.o
[3815/4486] CXX obj/v8/v8_base_without_compiler/safepoint.o
[3816/4486] CXX obj/v8/v8_base_without_compiler/metrics.o
[3817/4486] CXX obj/v8/v8_base_without_compiler/tracing-flags.o
[3818/4486] CXX obj/v8/v8_base_without_compiler/spaces.o
[3819/4486] CXX obj/v8/v8_base_without_compiler/bytecode-register-optimizer.o
[3820/4486] CXX obj/v8/v8_base_without_compiler/runtime-call-stats.o
[3821/4486] CXX obj/v8/v8_base_without_compiler/trusted-range.o
[3822/4486] CXX obj/v8/v8_base_without_compiler/ieee754.o
[3823/4486] CXX obj/v8/v8_base_without_compiler/stress-scavenge-observer.o
[3824/4486] CXX obj/v8/v8_base_without_compiler/traced-handles-marking-visitor.o
[3825/4486] CXX obj/v8/v8_base_without_compiler/heap.o
[3826/4486] CXX obj/v8/v8_base_without_compiler/zapping.o
[3827/4486] CXX obj/v8/v8_base_without_compiler/minor-mark-sweep.o
[3828/4486] CXX obj/v8/v8_base_without_compiler/code-kind.o
[3829/4486] CXX obj/v8/v8_base_without_compiler/local-logger.o
[3830/4486] CXX obj/v8/v8_base_without_compiler/weak-object-worklists.o
[3831/4486] CXX obj/v8/v8_base_without_compiler/call-optimization.o
[3832/4486] CXX obj/v8/v8_base_without_compiler/ic-stats.o
[3833/4486] CXX obj/v8/v8_base_without_compiler/bytecode-array-random-iterator.o
[3834/4486] CXX obj/v8/v8_base_without_compiler/handler-configuration.o
[3835/4486] CXX obj/v8/v8_base_without_compiler/stub-cache.o
[3836/4486] CXX obj/v8/v8_base_without_compiler/isolate-group.o
[3837/4486] CXX obj/v8/v8_base_without_compiler/v8.o
[3838/4486] CXX obj/v8/v8_base_without_compiler/bytecode-decoder.o
[3839/4486] CXX obj/v8/v8_base_without_compiler/visit-object.o
[3840/4486] CXX obj/v8/v8_base_without_compiler/bytecode-array-iterator.o
[3841/4486] CXX obj/v8/v8_base_without_compiler/bytecode-flags-and-tokens.o
[3842/4486] CXX obj/v8/v8_base_without_compiler/bytecode-label.o
[3843/4486] CXX obj/v8/v8_base_without_compiler/bytecode-array-writer.o
[3844/4486] CXX obj/v8/v8_base_without_compiler/sweeper.o
[3845/4486] CXX obj/v8/v8_base_without_compiler/prototype-assignment-sequence-builder.o
[3846/4486] CXX obj/v8/v8_base_without_compiler/handler-table-builder.o
[3847/4486] CXX obj/v8/v8_base_without_compiler/control-flow-builders.o
[3848/4486] CXX obj/v8/v8_base_without_compiler/counters.o
[3849/4486] CXX obj/v8/v8_base_without_compiler/constant-array-builder.o
[3850/4486] CXX obj/v8/v8_base_without_compiler/interpreter.o
[3851/4486] CXX obj/v8/v8_base_without_compiler/bytecode-array-builder.o
[3852/4486] CXX obj/v8/v8_base_without_compiler/bootstrapper.o
[3853/4486] CXX obj/v8/v8_base_without_compiler/ic.o
[3854/4486] CXX obj/v8/v8_base_without_compiler/log-file.o
[3855/4486] CXX obj/v8/v8_base_without_compiler/hash-seed.o
[3856/4486] CXX obj/v8/v8_base_without_compiler/scavenger.o
[3857/4486] CXX obj/v8/v8_base_without_compiler/math-random.o
[3858/4486] CXX obj/v8/v8_base_without_compiler/abstract-code.o
[3859/4486] CXX obj/v8/v8_base_without_compiler/json-parser.o
[3860/4486] CXX obj/v8/v8_base_without_compiler/backing-store.o
[3861/4486] CXX obj/v8/v8_base_without_compiler/conversions.o
[3862/4486] CXX obj/v8/v8_base_without_compiler/log.o
[3863/4486] CXX obj/v8/v8_base_without_compiler/bytecode-array.o
[3864/4486] CXX obj/v8/v8_base_without_compiler/json-stringifier.o
[3865/4486] CXX obj/v8/v8_base_without_compiler/bytecode-generator.o
[3866/4486] CXX obj/v8/v8_base_without_compiler/contexts.o
[3867/4486] CXX obj/v8/v8_base_without_compiler/code.o
[3868/4486] CXX obj/v8/v8_base_without_compiler/bigint.o
[3869/4486] CXX obj/v8/v8_base_without_compiler/mark-compact.o
[3870/4486] CXX obj/v8/v8_base_without_compiler/compilation-cache-table.o
[3871/4486] CXX obj/v8/v8_base_without_compiler/call-site-info.o
[3872/4486] CXX obj/v8/v8_base_without_compiler/dependent-code.o
[3873/4486] CXX obj/v8/v8_base_without_compiler/embedder-data-array.o
[3874/4486] CXX obj/v8/v8_base_without_compiler/elements-kind.o
[3875/4486] CXX obj/v8/v8_base_without_compiler/lookup-cache.o
[3876/4486] CXX obj/v8/v8_base_without_compiler/debug-objects.o
[3877/4486] CXX obj/v8/v8_base_without_compiler/deoptimization-data.o
[3878/4486] CXX obj/v8/v8_base_without_compiler/field-type.o
[3879/4486] CXX obj/v8/v8_base_without_compiler/fixed-array.o
[3880/4486] CXX obj/v8/v8_base_without_compiler/feedback-vector.o
[3881/4486] CXX obj/v8/v8_base_without_compiler/instruction-stream.o
[3882/4486] CXX obj/v8/v8_base_without_compiler/js-atomics-synchronization.o
[3883/4486] CXX obj/v8/v8_base_without_compiler/js-break-iterator.o
[3884/4486] CXX obj/v8/v8_base_without_compiler/js-array-buffer.o
[3885/4486] CXX obj/v8/v8_base_without_compiler/js-data-object-builder.o
[3886/4486] CXX obj/v8/v8_base_without_compiler/js-disposable-stack.o
[3887/4486] CXX obj/v8/v8_base_without_compiler/js-collator.o
[3888/4486] CXX obj/v8/v8_base_without_compiler/intl-objects.o
[3889/4486] CXX obj/v8/v8_base_without_compiler/js-display-names.o
[3890/4486] CXX obj/v8/v8_base_without_compiler/js-duration-format.o
[3891/4486] CXX obj/v8/v8_base_without_compiler/js-function.o
[3892/4486] CXX obj/v8/v8_base_without_compiler/js-list-format.o
[3893/4486] CXX obj/v8/v8_base_without_compiler/js-locale.o
[3894/4486] CXX obj/v8/v8_base_without_compiler/js-raw-json.o
[3895/4486] CXX obj/v8/v8_base_without_compiler/js-regexp.o
[3896/4486] CXX obj/v8/v8_base_without_compiler/js-segment-iterator.o
[3897/4486] CXX obj/v8/v8_base_without_compiler/js-segmenter.o
[3898/4486] CXX obj/v8/v8_base_without_compiler/js-date-time-format.o
[3899/4486] CXX obj/v8/v8_base_without_compiler/type-hints.o
[3900/4486] CXX obj/v8/v8_base_without_compiler/js-number-format.o
[3901/4486] CXX obj/v8/v8_base_without_compiler/js-plural-rules.o
[3902/4486] CXX obj/v8/v8_base_without_compiler/js-struct.o
[3903/4486] CXX obj/v8/v8_base_without_compiler/js-temporal-helpers.o
[3904/4486] CXX obj/v8/v8_base_without_compiler/js-weak-refs.o
[3905/4486] CXX obj/v8/v8_base_without_compiler/js-relative-time-format.o
[3906/4486] CXX obj/v8/v8_base_without_compiler/managed.o
[3907/4486] CXX obj/v8/v8_base_without_compiler/js-segments.o
[3908/4486] CXX obj/v8/v8_base_without_compiler/number-string-cache.o
[3909/4486] CXX obj/v8/v8_base_without_compiler/property-descriptor.o
[3910/4486] CXX obj/v8/v8_base_without_compiler/literal-objects.o
[3911/4486] CXX obj/v8/v8_base_without_compiler/map-updater.o
[3912/4486] CXX obj/v8/v8_base_without_compiler/object-type.o
[3913/4486] CXX obj/v8/v8_base_without_compiler/map.o
[3914/4486] CXX obj/v8/v8_base_without_compiler/option-utils.o
[3915/4486] CXX obj/v8/v8_base_without_compiler/token.o
[3916/4486] CXX obj/v8/v8_base_without_compiler/property.o
[3917/4486] CXX obj/v8/v8_base_without_compiler/keys.o
[3918/4486] CXX obj/v8/v8_base_without_compiler/module.o
[3919/4486] CXX obj/v8/v8_base_without_compiler/regexp-match-info.o
[3920/4486] CXX obj/v8/v8_base_without_compiler/ordered-hash-table.o
[3921/4486] CXX obj/v8/v8_base_without_compiler/import-attributes.o
[3922/4486] CXX obj/v8/v8_base_without_compiler/js-objects.o
[3923/4486] CXX obj/v8/v8_base_without_compiler/profiler-stats.o
[3924/4486] CXX obj/v8/v8_base_without_compiler/literal-buffer.o
[3925/4486] CXX obj/v8/v8_base_without_compiler/lookup.o
[3926/4486] CXX obj/v8/v8_base_without_compiler/simd.o
[3927/4486] CXX obj/v8/v8_base_without_compiler/scope-info.o
[3928/4486] CXX obj/v8/v8_base_without_compiler/string-comparator.o
[3929/4486] CXX obj/v8/v8_base_without_compiler/script.o
[3930/4486] CXX obj/v8/v8_base_without_compiler/string-forwarding-table.o
[3931/4486] CXX obj/v8/v8_base_without_compiler/experimental-bytecode.o
[3932/4486] CXX obj/v8/v8_base_without_compiler/shared-function-info.o
[3933/4486] CXX obj/v8/v8_base_without_compiler/experimental-compiler.o
[3934/4486] CXX obj/v8/v8_base_without_compiler/symbol-table.o
[3935/4486] CXX obj/v8/v8_base_without_compiler/string-table.o
[3936/4486] CXX obj/v8/v8_base_without_compiler/template-objects.o
[3937/4486] CXX obj/v8/v8_base_without_compiler/tagged-impl.o
[3938/4486] CXX obj/v8/v8_base_without_compiler/source-text-module.o
[3939/4486] CXX obj/v8/v8_base_without_compiler/symbolizer.o
[3940/4486] CXX obj/v8/v8_base_without_compiler/swiss-name-dictionary.o
[3941/4486] CXX obj/v8/v8_base_without_compiler/synthetic-module.o
[3942/4486] CXX obj/v8/v8_base_without_compiler/tracing-cpu-profiler.o
[3943/4486] CXX obj/v8/v8_base_without_compiler/regexp-error.o
[3944/4486] CXX obj/v8/v8_base_without_compiler/waiter-queue-node.o
[3945/4486] CXX obj/v8/v8_base_without_compiler/templates.o
[3946/4486] CXX obj/v8/v8_base_without_compiler/transitions.o
[3947/4486] CXX obj/v8/v8_base_without_compiler/string.o
[3948/4486] CXX obj/v8/v8_base_without_compiler/visitors.o
[3949/4486] CXX obj/v8/v8_base_without_compiler/func-name-inferrer.o
[3950/4486] CXX obj/v8/v8_base_without_compiler/pending-compilation-error-handler.o
[3951/4486] CXX obj/v8/v8_base_without_compiler/parse-info.o
[3952/4486] CXX obj/v8/v8_base_without_compiler/parsing.o
[3953/4486] CXX obj/v8/v8_base_without_compiler/preparse-data.o
[3954/4486] CXX obj/v8/v8_base_without_compiler/scanner.o
[3955/4486] CXX obj/v8/v8_base_without_compiler/allocation-tracker.o
[3956/4486] CXX obj/v8/v8_base_without_compiler/regexp-bytecodes.o
[3957/4486] CXX obj/v8/v8_base_without_compiler/regexp-result-vector.o
[3958/4486] CXX obj/v8/v8_base_without_compiler/regexp-stack.o
[3959/4486] CXX obj/v8/v8_base_without_compiler/rewriter.o
[3960/4486] CXX obj/v8/v8_base_without_compiler/scanner-character-streams.o
[3961/4486] CXX obj/v8/v8_base_without_compiler/preparser.o
[3962/4486] CXX obj/v8/v8_base_without_compiler/value-serializer.o
[3963/4486] CXX obj/v8/v8_base_without_compiler/strings-storage.o
[3964/4486] CXX obj/v8/v8_base_without_compiler/regexp-compiler-tonode.o
[3965/4486] CXX obj/v8/v8_base_without_compiler/cpu-profiler.o
[3966/4486] CXX obj/v8/v8_base_without_compiler/heap-profiler.o
[3967/4486] CXX obj/v8/v8_base_without_compiler/tick-sample.o
[3968/4486] CXX obj/v8/v8_base_without_compiler/objects.o
[3969/4486] CXX obj/v8/v8_base_without_compiler/weak-code-registry.o
[3970/4486] CXX obj/v8/v8_base_without_compiler/profile-generator.o
[3971/4486] CXX obj/v8/v8_base_without_compiler/profiler-listener.o
[3972/4486] CXX obj/v8/v8_base_without_compiler/sampling-heap-profiler.o
[3973/4486] CXX obj/v8/v8_base_without_compiler/regexp-ast.o
[3974/4486] CXX obj/v8/v8_base_without_compiler/experimental.o
[3975/4486] CXX obj/v8/v8_base_without_compiler/parser.o
[3976/4486] CXX obj/v8/v8_base_without_compiler/experimental-interpreter.o
[3977/4486] CXX obj/v8/v8_base_without_compiler/regexp-bytecode-iterator.o
[3978/4486] CXX obj/v8/v8_base_without_compiler/heap-snapshot-generator.o
[3979/4486] CXX obj/v8/v8_base_without_compiler/regexp-macro-assembler.o
[3980/4486] CXX obj/v8/v8_base_without_compiler/regexp-utils.o
[3981/4486] CXX obj/v8/v8_base_without_compiler/regexp-bytecode-peephole.o
[3982/4486] CXX obj/v8/v8_base_without_compiler/regexp-compiler.o
[3983/4486] CXX obj/v8/v8_base_without_compiler/regexp-bytecode-generator.o
[3984/4486] CXX obj/v8/v8_base_without_compiler/regexp-parser.o
[3985/4486] CXX obj/v8/v8_base_without_compiler/runtime-atomics.o
[3986/4486] CXX obj/v8/v8_base_without_compiler/elements.o
[3987/4486] CXX obj/v8/v8_base_without_compiler/hardware-support.o
[3988/4486] CXX obj/v8/v8_base_without_compiler/regexp.o
[3989/4486] CXX obj/v8/v8_base_without_compiler/external-strings-cage.o
[3990/4486] CXX obj/v8/v8_base_without_compiler/regexp-bytecode-analysis.o
[3991/4486] CXX obj/v8/v8_base_without_compiler/runtime-futex.o
[3992/4486] CXX obj/v8/v8_base_without_compiler/runtime-collections.o
[3993/4486] CXX obj/v8/v8_base_without_compiler/sandboxable-thread.o
[3994/4486] CXX obj/v8/v8_base_without_compiler/runtime-array.o
[3995/4486] CXX obj/v8/v8_base_without_compiler/runtime-date.o
[3996/4486] CXX obj/v8/v8_base_without_compiler/runtime-classes.o
[3997/4486] CXX obj/v8/v8_base_without_compiler/runtime-bigint.o
[3998/4486] CXX obj/v8/v8_base_without_compiler/sandbox.o
[3999/4486] CXX obj/v8/v8_base_without_compiler/runtime-forin.o
[4000/4486] CXX obj/v8/v8_base_without_compiler/runtime-function.o
[4001/4486] CXX obj/v8/v8_base_without_compiler/runtime-module.o
[4002/4486] CXX obj/v8/v8_base_without_compiler/cppheap-pointer-table.o
[4003/4486] CXX obj/v8/v8_base_without_compiler/runtime-intl.o
[4004/4486] CXX obj/v8/v8_base_without_compiler/roots.o
[4005/4486] CXX obj/v8/v8_base_without_compiler/runtime-numbers.o
[4006/4486] CXX obj/v8/v8_base_without_compiler/runtime-operators.o
[4007/4486] CXX obj/v8/v8_base_without_compiler/runtime-generator.o
[4008/4486] CXX obj/v8/v8_base_without_compiler/regexp-code-generator.o
[4009/4486] CXX obj/v8/v8_base_without_compiler/snapshot-utils.o
[4010/4486] CXX obj/v8/v8_base_without_compiler/runtime-promise.o
[4011/4486] CXX obj/v8/v8_base_without_compiler/runtime-compiler.o
[4012/4486] CXX obj/v8/v8_base_without_compiler/regexp-interpreter.o
[4013/4486] CXX obj/v8/v8_base_without_compiler/runtime-proxy.o
[4014/4486] CXX obj/v8/v8_base_without_compiler/char-predicates.o
[4015/4486] CXX obj/v8/v8_base_without_compiler/runtime-shadow-realm.o
[4016/4486] CXX obj/v8/v8_base_without_compiler/string-case.o
[4017/4486] CXX obj/v8/v8_base_without_compiler/external-pointer-table.o
[4018/4486] CXX obj/v8/v8_base_without_compiler/runtime-internal.o
[4019/4486] CXX obj/v8/v8_base_without_compiler/runtime-literals.o
[4020/4486] CXX obj/v8/v8_base_without_compiler/runtime-symbol.o
[4021/4486] CXX obj/v8/v8_base_without_compiler/runtime-debug.o
[4022/4486] CXX obj/v8/v8_base_without_compiler/operations-barrier.o
[4023/4486] CXX obj/v8/v8_base_without_compiler/unicode-decoder.o
[4024/4486] CXX obj/v8/v8_base_without_compiler/runtime-trace.o
[4025/4486] CXX obj/v8/v8_base_without_compiler/task-utils.o
[4026/4486] CXX obj/v8/v8_base_without_compiler/runtime-scopes.o
[4027/4486] CXX obj/v8/v8_base_without_compiler/unicode.o
[4028/4486] CXX obj/v8/v8_base_without_compiler/runtime-object.o
[4029/4486] CXX obj/v8/v8_base_without_compiler/roots-serializer.o
[4030/4486] CXX obj/v8/v8_base_without_compiler/traced-value.o
[4031/4486] CXX obj/v8/v8_base_without_compiler/detachable-vector.o
[4032/4486] CXX obj/v8/v8_base_without_compiler/bit-vector.o
[4033/4486] CXX obj/v8/v8_base_without_compiler/runtime-strings.o
[4034/4486] CXX obj/v8/v8_base_without_compiler/hex-format.o
[4035/4486] CXX obj/v8/v8_base_without_compiler/sha-256.o
[4036/4486] CXX obj/v8/v8_base_without_compiler/output-stream.o
[4037/4486] CXX obj/v8/v8_base_without_compiler/tracing-category-observer.o
[4038/4486] CXX obj/v8/v8_base_without_compiler/version.o
[4039/4486] CXX obj/v8/v8_base_without_compiler/runtime-regexp.o
[4040/4486] CXX obj/v8/v8_base_without_compiler/type-stats.o
[4041/4486] CXX obj/v8/v8_base_without_compiler/allocation.o
[4042/4486] CXX obj/v8/v8_base_without_compiler/zone-segment.o
[4043/4486] CXX obj/v8/v8_base_without_compiler/runtime.o
[4044/4486] CXX obj/v8/v8_base_without_compiler/utils.o
[4045/4486] CXX obj/v8/v8_base_without_compiler/halfsiphash.o
[4046/4486] CXX obj/v8/v8_base_without_compiler/snapshot-data.o
[4047/4486] CXX obj/v8/v8_base_without_compiler/zone.o
[4048/4486] CXX obj/v8/v8_base_without_compiler/js-temporal-zoneinfo64.o
[4049/4486] CXX obj/v8/v8_base_without_compiler/bytecode-verifier.o
[4050/4486] CXX obj/v8/v8_base_without_compiler/runtime-weak-refs.o
[4051/4486] CXX obj/v8/v8_base_without_compiler/sort-builtins.o
[4052/4486] CXX obj/v8/v8_base_without_compiler/code-pointer-table.o
[4053/4486] CXX obj/v8/v8_base_without_compiler/cancelable-task.o
[4054/4486] CXX obj/v8/v8_base_without_compiler/runtime-typedarray.o
[4055/4486] CXX obj/v8/v8_base_without_compiler/trace-event.o
[4056/4486] CXX obj/v8/v8_base_without_compiler/ostreams.o
[4057/4486] CXX obj/v8/v8_base_without_compiler/js-dispatch-table.o
[4058/4486] CXX obj/v8/v8_base_without_compiler/trusted-pointer-scope.o
[4059/4486] CXX obj/v8/v8_base_without_compiler/trusted-pointer-table.o
[4060/4486] CXX obj/v8/v8_base_without_compiler/accounting-allocator.o
[4061/4486] CXX obj/v8/v8_base_without_compiler/testing.o
[4062/4486] CXX obj/v8/v8_base_without_compiler/context-deserializer.o
[4063/4486] CXX obj/v8/v8_base_without_compiler/code-serializer.o
[4064/4486] CXX obj/v8/v8_base_without_compiler/object-deserializer.o
[4065/4486] CXX obj/v8/v8_base_without_compiler/runtime-test.o
[4066/4486] CXX obj/v8/v8_base_without_compiler/embedded-data.o
[4067/4486] CXX obj/v8/v8_base_without_compiler/serializer-deserializer.o
[4068/4486] CXX obj/v8/v8_base_without_compiler/read-only-serializer.o
[4069/4486] CXX obj/v8/v8_base_without_compiler/shared-heap-serializer.o
[4070/4486] CXX obj/v8/v8_base_without_compiler/read-only-deserializer.o
[4071/4486] CXX obj/v8/v8_base_without_compiler/context-serializer.o
[4072/4486] CXX obj/v8/v8_base_without_compiler/shared-heap-deserializer.o
[4073/4486] CXX obj/v8/v8_base_without_compiler/startup-serializer.o
[4074/4486] CXX obj/v8/v8_base_without_compiler/startup-deserializer.o
[4075/4486] CXX obj/v8/v8_base_without_compiler/snapshot-source-sink.o
[4076/4486] CXX obj/v8/v8_base_without_compiler/string-builder.o
[4077/4486] CXX obj/v8/v8_base_without_compiler/string-hasher.o
[4078/4486] CXX obj/v8/v8_base_without_compiler/string-stream.o
[4079/4486] CXX obj/v8/v8_base_without_compiler/snapshot.o
[4080/4486] CXX obj/v8/v8_base_without_compiler/deserializer.o
[4081/4486] CXX obj/v8/v8_base_without_compiler/address-map.o
[4082/4486] CXX obj/v8/v8_base_without_compiler/asm-types.o
[4083/4486] CXX obj/v8/v8_base_without_compiler/handler-inside.o
[4084/4486] CXX obj/v8/v8_base_without_compiler/maglev-node-type.o
[4085/4486] CXX obj/v8/v8_base_without_compiler/handler-outside.o
[4086/4486] CXX obj/v8/v8_base_without_compiler/handler-shared.o
[4087/4486] CXX obj/v8/v8_base_without_compiler/maglev-graph-labeller.o
[4088/4486] CXX obj/v8/v8_base_without_compiler/maglev-graph-printer.o
[4089/4486] CXX obj/v8/v8_base_without_compiler/uri.o
[4090/4486] CXX obj/v8/v8_base_without_compiler/identity-map.o
[4091/4486] CXX obj/v8/v8_base_without_compiler/maglev.o
[4092/4486] CXX obj/v8/v8_base_without_compiler/basic-block-calculator.o
[4093/4486] CXX obj/v8/v8_base_without_compiler/serializer.o
[4094/4486] CXX obj/v8/v8_base_without_compiler/asm-scanner.o
[4095/4486] CXX obj/v8/v8_base_without_compiler/baseline-batch-compiler.o
[4096/4486] CXX obj/v8/v8_base_without_compiler/wasm-compiler-definitions.o
[4097/4486] CXX obj/v8/v8_base_without_compiler/compilation-hints-generation.o
[4098/4486] CXX obj/v8/v8_base_without_compiler/baseline-compiler.o
[4099/4486] CXX obj/v8/v8_base_without_compiler/local-decl-encoder.o
[4100/4486] CXX obj/v8/v8_base_without_compiler/maglev-compilation-unit.o
[4101/4486] CXX obj/v8/v8_base_without_compiler/maglev-compilation-info.o
[4102/4486] CXX obj/v8/v8_base_without_compiler/maglev-concurrent-dispatcher.o
[4103/4486] CXX obj/v8/v8_base_without_compiler/parallel-move.o
[4104/4486] CXX obj/v8/v8_base_without_compiler/maglev-pipeline-statistics.o
[4105/4486] CXX obj/v8/v8_base_without_compiler/maglev-assembler.o
[4106/4486] CXX obj/v8/v8_base_without_compiler/simd-shuffle.o
[4107/4486] CXX obj/v8/v8_base_without_compiler/pgo.o
[4108/4486] CXX obj/v8/v8_base_without_compiler/code-data-source.o
[4109/4486] CXX obj/v8/v8_base_without_compiler/perfetto-utils.o
[4110/4486] CXX obj/v8/v8_base_without_compiler/builtins-temporal.o
[4111/4486] CXX obj/v8/v8_base_without_compiler/perfetto-logger.o
[4112/4486] CXX obj/v8/v8_base_without_compiler/names-provider.o
[4113/4486] CXX obj/v8/v8_base_without_compiler/maglev-graph.o
[4114/4486] CXX obj/v8/v8_base_without_compiler/js-temporal-objects.o
[4115/4486] CXX obj/v8/v8_base_without_compiler/value-type.o
[4116/4486] CXX obj/v8/v8_base_without_compiler/asm-js.o
[4117/4486] CXX obj/v8/v8_base_without_compiler/maglev-interpreter-frame-state.o
[4118/4486] CXX obj/v8/v8_base_without_compiler/maglev-known-node-aspects.o
[4119/4486] CXX obj/v8/v8_base_without_compiler/function-body-decoder.o
[4120/4486] CXX obj/v8/v8_base_without_compiler/stacks.o
[4121/4486] CXX obj/v8/v8_base_without_compiler/wasm-deopt-data.o
[4122/4486] CXX obj/v8/v8_base_without_compiler/asm-parser.o
[4123/4486] CXX obj/v8/v8_base_without_compiler/maglev-assembler-x64.o
[4124/4486] CXX obj/v8/v8_base_without_compiler/maglev-range-verification.o
[4125/4486] CXX obj/v8/v8_base_without_compiler/wasm-module-sourcemap.o
[4126/4486] CXX obj/v8/v8_base_without_compiler/maglev-truncation.o
[4127/4486] CXX obj/v8/v8_base_without_compiler/code-space-access.o
[4128/4486] CXX obj/v8/v8_base_without_compiler/canonical-types.o
[4129/4486] CXX obj/v8/v8_base_without_compiler/wasm-opcodes.o
[4130/4486] CXX obj/v8/v8_base_without_compiler/debug-wasm-objects.o
[4131/4486] CXX obj/v8/v8_base_without_compiler/well-known-imports.o
[4132/4486] CXX obj/v8/v8_base_without_compiler/streaming-decoder.o
[4133/4486] CXX obj/v8/v8_base_without_compiler/liftoff-assembler.o
[4134/4486] CXX obj/v8/v8_base_without_compiler/wasm-subtyping.o
[4135/4486] CXX obj/v8/v8_base_without_compiler/maglev-phi-representation-selector.o
[4136/4486] CXX obj/v8/v8_base_without_compiler/maglev-ir-x64.o
[4137/4486] CXX obj/v8/v8_base_without_compiler/cpu-x64.o
[4138/4486] CXX obj/v8/v8_base_without_compiler/runtime-test-wasm.o
[4139/4486] CXX obj/v8/v8_base_without_compiler/wasm-module-builder.o
[4140/4486] CXX obj/v8/v8_base_without_compiler/maglev-regalloc.o
[4141/4486] CXX obj/v8/v8_base_without_compiler/unwinder-x64.o
[4142/4486] CXX obj/v8/v8_base_without_compiler/constant-expression.o
[4143/4486] CXX obj/v8/v8_base_without_compiler/disasm-x64.o
[4144/4486] CXX obj/v8/v8_base_without_compiler/handler-inside-posix.o
[4145/4486] CXX obj/v8/v8_base_without_compiler/handler-outside-posix.o
[4146/4486] CXX obj/v8/v8_base_without_compiler/eh-frame-x64.o
[4147/4486] CXX obj/v8/v8_base_without_compiler/jump-table-assembler.o
[4148/4486] CXX obj/v8/v8_base_without_compiler/constant-expression-interface.o
[4149/4486] CXX obj/v8/v8_base_without_compiler/special-case.o
[4150/4486] CXX obj/v8/v8_base_without_compiler/wasm-tracing.o
[4151/4486] CXX obj/v8/v8_base_without_compiler/macro-assembler-shared-ia32-x64.o
[4152/4486] CXX obj/v8/v8_base_without_compiler/maglev-graph-optimizer.o
[4153/4486] CXX obj/v8/v8_base_without_compiler/wasm-wrapper-cache.o
[4154/4486] CXX obj/v8/v8_base_without_compiler/maglev-inlining.o
[4155/4486] CXX obj/v8/v8_base_without_compiler/runtime-wasm.o
[4156/4486] CXX obj/v8/v8_base_without_compiler/wasm-disassembler.o
[4157/4486] CXX obj/v8/v8_base_without_compiler/random-module-generation.o
[4158/4486] CXX obj/v8/v8_compiler/all-nodes.o
[4159/4486] CXX obj/v8/v8_base_without_compiler/function-compiler.o
[4160/4486] CXX obj/v8/v8_base_without_compiler/sync-streaming-decoder.o
[4161/4486] CXX obj/v8/v8_base_without_compiler/module-decoder.o
[4162/4486] CXX obj/v8/v8_base_without_compiler/wasm-code-pointer-table.o
[4163/4486] CXX obj/v8/v8_compiler/bitcast-elider.o
[4164/4486] CXX obj/v8/v8_base_without_compiler/module-compiler.o
[4165/4486] CXX obj/v8/v8_base_without_compiler/wasm-features.o
[4166/4486] CXX obj/v8/v8_base_without_compiler/wasm-export-wrapper-cache.o
[4167/4486] CXX obj/v8/v8_compiler/gap-resolver.o
[4168/4486] CXX obj/v8/v8_compiler/frame-elider.o
[4169/4486] CXX obj/v8/v8_compiler/add-type-assertions-reducer.o
[4170/4486] CXX obj/v8/v8_compiler/bytecode-liveness-map.o
[4171/4486] CXX obj/v8/v8_compiler/instruction-scheduler.o
[4172/4486] CXX obj/v8/v8_base_without_compiler/wasm-debug.o
[4173/4486] CXX obj/v8/v8_base_without_compiler/wasm-external-refs.o
[4174/4486] CXX obj/v8/v8_base_without_compiler/wasm-result.o
[4175/4486] CXX obj/v8/v8_base_without_compiler/wasm-import-wrapper-cache.o
[4176/4486] CXX obj/v8/v8_base_without_compiler/module-instantiate.o
[4177/4486] CXX obj/v8/v8_base_without_compiler/wasm-stack-wrapper-cache.o
[4178/4486] CXX obj/v8/v8_base_without_compiler/wasm-module.o
[4179/4486] CXX obj/v8/v8_base_without_compiler/deoptimizer-x64.o
[4180/4486] CXX obj/v8/v8_base_without_compiler/wasm-serialization.o
[4181/4486] CXX obj/v8/v8_base_without_compiler/liftoff-compiler.o
[4182/4486] CXX obj/v8/v8_compiler/jump-threading.o
[4183/4486] CXX obj/v8/v8_compiler/move-optimizer.o
[4184/4486] CXX obj/v8/v8_compiler/spill-placer.o
[4185/4486] CXX obj/v8/v8_base_without_compiler/assembler-x64.o
[4186/4486] CXX obj/v8/v8_base_without_compiler/wasm-code-manager.o
[4187/4486] CXX obj/v8/v8_base_without_compiler/wasm-engine.o
[4188/4486] CXX obj/v8/v8_base_without_compiler/regexp-macro-assembler-x64.o
[4189/4486] CXX obj/v8/v8_base_without_compiler/frame-constants-x64.o
[4190/4486] CXX obj/v8/v8_compiler/register-allocator-verifier.o
[4191/4486] CXX obj/v8/v8_compiler/frame.o
[4192/4486] CXX obj/v8/v8_compiler/access-builder.o
[4193/4486] CXX obj/v8/v8_compiler/checkpoint-elimination.o
[4194/4486] CXX obj/v8/v8_compiler/common-node-cache.o
[4195/4486] CXX obj/v8/v8_base_without_compiler/macro-assembler-x64.o
[4196/4486] CXX obj/v8/v8_compiler/branch-elimination.o
[4197/4486] CXX obj/v8/v8_base_without_compiler/wasm-js.o
[4198/4486] CXX obj/v8/v8_compiler/common-operator-reducer.o
[4199/4486] CXX obj/v8/v8_compiler/access-info.o
[4200/4486] CXX obj/v8/v8_compiler/compiler-source-position-table.o
[4201/4486] CXX obj/v8/v8_base_without_compiler/wasm-objects.o
[4202/4486] CXX obj/v8/v8_compiler/common-operator.o
[4203/4486] CXX obj/v8/v8_compiler/control-equivalence.o
[4204/4486] CXX obj/v8/v8_compiler/feedback-source.o
[4205/4486] CXX obj/v8/v8_compiler/code-generator.o
[4206/4486] CXX obj/v8/v8_compiler/graph-trimmer.o
[4207/4486] CXX obj/v8/v8_compiler/dead-code-elimination.o
[4208/4486] CXX obj/v8/v8_base_without_compiler/maglev-code-generator.o
[4209/4486] CXX obj/v8/v8_compiler/graph-reducer.o
[4210/4486] CXX obj/v8/v8_base_without_compiler/reference-summarizer.o
[4211/4486] CXX obj/v8/v8_compiler/fast-api-calls.o
[4212/4486] CXX obj/v8/v8_compiler/csa-load-elimination.o
[4213/4486] CXX obj/v8/v8_compiler/escape-analysis-reducer.o
[4214/4486] CXX obj/v8/v8_compiler/c-linkage.o
[4215/4486] CXX obj/v8/v8_compiler/basic-block-call-graph-profiler.o
[4216/4486] CXX obj/v8/v8_base_without_compiler/maglev-ir.o
[4217/4486] CXX obj/v8/v8_compiler/common-utils.o
[4218/4486] CXX obj/v8/v8_compiler/js-type-hint-lowering.o
[4219/4486] CXX obj/v8/v8_compiler/instruction.o
[4220/4486] CXX obj/v8/v8_compiler/instruction-selector.o
[4221/4486] CXX obj/v8/v8_compiler/late-escape-analysis.o
[4222/4486] CXX obj/v8/v8_compiler/compilation-dependencies.o
[4223/4486] CXX obj/v8/v8_compiler/constant-folding-reducer.o
[4224/4486] CXX obj/v8/v8_compiler/bytecode-graph-builder.o
[4225/4486] CXX obj/v8/v8_compiler/loop-peeling.o
[4226/4486] CXX obj/v8/v8_compiler/loop-analysis.o
[4227/4486] CXX obj/v8/v8_compiler/loop-unrolling.o
[4228/4486] CXX obj/v8/v8_compiler/opcodes.o
[4229/4486] CXX obj/v8/v8_compiler/operator.o
[4230/4486] CXX obj/v8/v8_compiler/machine-graph-verifier.o
[4231/4486] CXX obj/v8/v8_compiler/loop-variable-optimizer.o
[4232/4486] CXX obj/v8/v8_compiler/register-allocator.o
[4233/4486] CXX obj/v8/v8_compiler/machine-operator.o
[4234/4486] CXX obj/v8/v8_compiler/machine-graph.o
[4235/4486] CXX obj/v8/v8_compiler/refs-map.o
[4236/4486] CXX obj/v8/v8_compiler/frame-states.o
[4237/4486] CXX obj/v8/v8_compiler/js-context-specialization.o
[4238/4486] CXX obj/v8/v8_compiler/code-assembler.o
[4239/4486] CXX obj/v8/v8_compiler/graph-assembler.o
[4240/4486] CXX obj/v8/v8_compiler/js-create-lowering.o
[4241/4486] CXX obj/v8/v8_compiler/node-marker.o
[4242/4486] CXX obj/v8/v8_compiler/js-generic-lowering.o
[4243/4486] CXX obj/v8/v8_compiler/node-observer.o
[4244/4486] CXX obj/v8/v8_compiler/node-matchers.o
[4245/4486] CXX obj/v8/v8_compiler/node-origin-table.o
[4246/4486] CXX obj/v8/v8_compiler/escape-analysis.o
[4247/4486] CXX obj/v8/v8_compiler/js-inlining-heuristic.o
[4248/4486] CXX obj/v8/v8_compiler/js-graph.o
[4249/4486] CXX obj/v8/v8_compiler/node.o
[4250/4486] CXX obj/v8/v8_compiler/operator-properties.o
[4251/4486] CXX obj/v8/v8_compiler/js-inlining.o
[4252/4486] CXX obj/v8/v8_compiler/heap-refs.o
[4253/4486] CXX obj/v8/v8_compiler/bytecode-analysis.o
[4254/4486] CXX obj/v8/v8_compiler/js-intrinsic-lowering.o
[4255/4486] CXX obj/v8/v8_compiler/operation-typer.o
[4256/4486] CXX obj/v8/v8_compiler/js-operator.o
[4257/4486] CXX obj/v8/v8_compiler/node-properties.o
[4258/4486] CXX obj/v8/v8_compiler/schedule.o
[4259/4486] CXX obj/v8/v8_compiler/js-typed-lowering.o
[4260/4486] CXX obj/v8/v8_base_without_compiler/maglev-compiler.o
[4261/4486] CXX obj/v8/v8_compiler/js-heap-broker.o
[4262/4486] CXX obj/v8/v8_compiler/redundancy-elimination.o
[4263/4486] CXX obj/v8/v8_compiler/js-native-context-specialization.o
[4264/4486] CXX obj/v8/v8_compiler/load-elimination.o
[4265/4486] CXX obj/v8/v8_compiler/select-lowering.o
[4266/4486] CXX obj/v8/v8_compiler/pipeline-statistics.o
[4267/4486] CXX obj/v8/v8_compiler/map-inference.o
[4268/4486] CXX obj/v8/v8_compiler/scheduler.o
[4269/4486] CXX obj/v8/v8_compiler/turbofan-graph.o
[4270/4486] CXX obj/v8/v8_compiler/simplified-lowering-verifier.o
[4271/4486] CXX obj/v8/v8_compiler/js-call-reducer.o
[4272/4486] CXX obj/v8/v8_compiler/machine-operator-reducer.o
[4273/4486] CXX obj/v8/v8_compiler/turbofan-enabled.o
[4274/4486] CXX obj/v8/v8_compiler/state-values-utils.o
[4275/4486] CXX obj/v8/v8_base_without_compiler/maglev-graph-builder.o
[4276/4486] CXX obj/v8/v8_compiler/osr.o
[4277/4486] CXX obj/v8/v8_compiler/memory-lowering.o
[4278/4486] CXX obj/v8/v8_compiler/memory-optimizer.o
[4279/4486] CXX obj/v8/v8_compiler/simplified-operator.o
[4280/4486] CXX obj/v8/v8_compiler/analyzer-iterator.o
[4281/4486] CXX obj/v8/v8_compiler/property-access-builder.o
[4282/4486] CXX obj/v8/v8_compiler/raw-machine-assembler.o
[4283/4486] CXX obj/v8/v8_compiler/representation-change.o
[4284/4486] CXX obj/v8/v8_compiler/representations.o
[4285/4486] CXX obj/v8/v8_compiler/copying-phase.o
[4286/4486] CXX obj/v8/v8_compiler/graph.o
[4287/4486] CXX obj/v8/v8_compiler/decompression-optimization-phase.o
[4288/4486] CXX obj/v8/v8_compiler/turbofan-typer.o
[4289/4486] CXX obj/v8/v8_compiler/decompression-optimization.o
[4290/4486] CXX obj/v8/v8_compiler/graph-visualizer.o
[4291/4486] CXX obj/v8/v8_compiler/simplified-operator-reducer.o
[4292/4486] CXX obj/v8/v8_compiler/turbofan-types.o
[4293/4486] CXX obj/v8/v8_compiler/loop-finder.o
[4294/4486] CXX obj/v8/v8_compiler/instruction-selection-phase.o
[4295/4486] CXX obj/v8/v8_compiler/utils.o
[4296/4486] CXX obj/v8/v8_compiler/late-escape-analysis-reducer.o
[4297/4486] CXX obj/v8/v8_compiler/simplified-lowering.o
[4298/4486] CXX obj/v8/v8_compiler/string-builder-optimizer.o
[4299/4486] CXX obj/v8/v8_compiler/type-parser.o
[4300/4486] CXX obj/v8/v8_compiler/turbofan-graph-visualizer.o
[4301/4486] CXX obj/v8/v8_compiler/loop-unrolling-reducer.o
[4302/4486] CXX obj/v8/v8_compiler/block-instrumentation-reducer.o
[4303/4486] CXX obj/v8/v8_compiler/simplify-tf-loops.o
[4304/4486] CXX obj/v8/v8_compiler/zone-stats.o
[4305/4486] CXX obj/v8/v8_compiler/build-graph-phase.o
[4306/4486] CXX obj/v8/v8_compiler/csa-effects-computation.o
[4307/4486] CXX obj/v8/v8_compiler/sidetable.o
[4308/4486] CXX obj/v8/v8_compiler/assembler.o
[4309/4486] CXX obj/v8/v8_compiler/phase.o
[4310/4486] CXX obj/v8/v8_compiler/pretenuring-propagation-reducer.o
[4311/4486] CXX obj/v8/v8_compiler/type-cache.o
[4312/4486] CXX obj/v8/v8_compiler/string-escape-analysis-reducer.o
[4313/4486] CXX obj/v8/v8_compiler/value-numbering-reducer.o
[4314/4486] CXX obj/v8/v8_compiler/type-narrowing-reducer.o
[4315/4486] CXX obj/v8/v8_compiler/instruction-scheduler-x64.o
[4316/4486] CXX obj/v8/v8_compiler/typer.o
[4317/4486] CXX obj/v8/v8_compiler/unwinding-info-writer-x64.o
[4318/4486] CXX obj/v8/v8_compiler/use-map.o
[4319/4486] CXX obj/v8/v8_compiler/verifier.o
[4320/4486] CXX obj/v8/v8_compiler/int64-lowering.o
[4321/4486] CXX obj/v8/v8_compiler/memory-optimization-reducer.o
[4322/4486] CXX obj/v8/v8_compiler/operations.o
[4323/4486] CXX obj/v8/v8_compiler/debug-feature-lowering-phase.o
[4324/4486] CXX obj/v8/v8_compiler/late-load-elimination-reducer.o
[4325/4486] CXX obj/v8/v8_compiler/wasm-gc-typed-optimization-reducer.o
[4326/4486] CXX obj/v8/v8_compiler/int64-lowering-phase.o
[4327/4486] CXX obj/v8/v8_compiler/wasm-escape-analysis.o
[4328/4486] CXX obj/v8/v8_compiler/types.o
[4329/4486] CXX obj/v8/v8_compiler/typed-optimization.o
[4330/4486] CXX obj/v8/v8_compiler/wasm-shuffle-reducer.o
[4331/4486] CXX obj/v8/v8_compiler/wasm-gc-lowering.o
[4332/4486] CXX obj/v8/v8_compiler/wasm-call-descriptors.o
[4333/4486] CXX obj/v8/v8_compiler/wasm-address-reassociation.o
[4334/4486] CXX obj/v8/v8_compiler/wasm-turboshaft-compiler.o
[4335/4486] CXX obj/v8/v8_compiler/graph-builder.o
[4336/4486] CXX obj/v8/v8_compiler/block-instrumentation-phase.o
[4337/4486] CXX obj/v8/v8_compiler/wasm-inlining-into-js.o
[4338/4486] CXX obj/v8/v8_compiler/typed-optimizations-phase.o
[4339/4486] CXX obj/v8/v8_compiler/code-generator-x64.o
[4340/4486] CXX obj/v8/v8_compiler/wasm-typer.o
[4341/4486] CXX obj/v8/v8_compiler/csa-late-escape-analysis-phase.o
[4342/4486] CXX obj/v8/v8_compiler/linear-scheduler.o
[4343/4486] CXX obj/v8/v8_compiler/wasm-graph-assembler.o
[4344/4486] CXX obj/v8/v8_compiler/csa-early-machine-optimization-phase.o
[4345/4486] CXX obj/v8/v8_compiler/pipeline.o
[4346/4486] CXX obj/v8/v8_compiler/instruction-selector-x64.o
[4347/4486] CXX obj/v8/v8_compiler/wasm-gc-operator-reducer.o
[4348/4486] CXX obj/v8/v8_compiler/wasm-load-elimination.o
[4349/4486] CXX obj/v8/v8_compiler/csa-branch-elimination-phase.o
[4350/4486] CXX obj/v8/v8_compiler/pipelines.o
[4351/4486] CXX obj/v8/v8_compiler/wasm-compiler.o
[4352/4486] CXX obj/v8/v8_initializers/builtins-bigint-gen.o
[4353/4486] CXX obj/v8/v8_init/setup-isolate-full.o
[4354/4486] CXX obj/v8/v8_initializers/builtins-date-gen.o
[4355/4486] CXX obj/v8/v8_compiler/wasm-debug-memory-lowering-phase.o
[4356/4486] CXX obj/v8/v8_initializers/builtins-async-function-gen.o
[4357/4486] CXX obj/v8/v8_compiler/code-elimination-and-simplification-phase.o
[4358/4486] CXX obj/v8/v8_compiler/revectorizer.o
[4359/4486] CXX obj/v8/v8_compiler/wasm-simd-phase.o
[4360/4486] CXX obj/v8/v8_compiler/wasm-revec-reducer.o
[4361/4486] CXX obj/v8/v8_initializers/builtins-interpreter-gen.o
[4362/4486] CXX obj/v8/v8_initializers/builtins-ic-gen.o
[4363/4486] CXX obj/v8/v8_initializers/builtins-global-gen.o
[4364/4486] CXX obj/v8/v8_initializers/builtins-array-gen.o
[4365/4486] CXX obj/v8/v8_compiler/wasm-gc-optimize-phase.o
[4366/4486] CXX obj/v8/v8_compiler/loop-peeling-phase.o
[4367/4486] CXX obj/v8/v8_compiler/csa-load-elimination-phase.o
[4368/4486] CXX obj/v8/v8_initializers/builtins-async-gen.o
[4369/4486] CXX obj/v8/v8_compiler/load-elimination-phase.o
[4370/4486] CXX obj/v8/v8_initializers/builtins-constructor-gen.o
[4371/4486] CXX obj/v8/v8_initializers/builtins-async-generator-gen.o
[4372/4486] CXX obj/v8/v8_initializers/builtins-async-iterator-gen.o
[4373/4486] CXX obj/v8/v8_initializers/builtins-number-gen.o
[4374/4486] CXX obj/v8/v8_initializers/builtins-shadow-realm-gen.o
[4375/4486] CXX obj/v8/v8_compiler/loop-unrolling-phase.o
[4376/4486] CXX obj/v8/v8_initializers/profile-data-reader.o
[4377/4486] CXX obj/v8/v8_compiler/type-assertions-phase.o
[4378/4486] CXX obj/v8/v8_compiler/csa-memory-optimization-phase.o
[4379/4486] CXX obj/v8/v8_compiler/turbolev-frontend-pipeline.o
[4380/4486] CXX obj/v8/v8_initializers/growable-fixed-array-gen.o
[4381/4486] CXX obj/v8/v8_initializers/builtins-handler-gen.o
[4382/4486] CXX obj/v8/v8_initializers/builtins-intl-gen.o
[4383/4486] CXX obj/v8/v8_initializers/builtins-generator-gen.o
[4384/4486] CXX obj/v8/v8_initializers/builtins-conversion-gen.o
[4385/4486] CXX obj/v8/v8_initializers/builtins-collections-gen.o
[4386/4486] CXX obj/v8/v8_initializers/builtins-internal-gen.o
[4387/4486] CXX obj/v8/v8_initializers/builtins-call-gen.o
[4388/4486] CXX obj/v8/v8_initializers/builtins-iterator-gen.o
[4389/4486] CXX obj/v8/v8_compiler/wrappers.o
[4390/4486] CXX obj/v8/v8_compiler/wasm-dead-code-elimination-phase.o
[4391/4486] CXX obj/v8/v8_compiler/wasm-in-js-inlining-phase.o
[4392/4486] CXX obj/v8/v8_compiler/memory-optimization-phase.o
[4393/4486] CXX obj/v8/v8_compiler/machine-lowering-phase.o
[4394/4486] CXX obj/v8/src/inspector/inspector/crc32.o
[4395/4486] CXX obj/v8/v8_taint_tracking_stub/taint_tracking_stub.o
[4396/4486] CXX obj/v8/v8_initializers/builtins-object-gen.o
[4397/4486] CXX obj/v8/v8_initializers/builtins-sharedarraybuffer-gen.o
[4398/4486] CXX obj/v8/v8_initializers/binary-op-assembler.o
[4399/4486] CXX obj/v8/v8_initializers/builtins-proxy-gen.o
[4400/4486] CXX obj/v8/src/inspector/inspector/Schema.o
[4401/4486] CXX obj/v8/src/inspector/inspector/Console.o
[4402/4486] CXX obj/v8/src/inspector/inspector/remote-object-id.o
[4403/4486] CXX obj/v8/src/inspector/inspector/string-16.o
[4404/4486] CXX obj/v8/src/inspector/inspector/string-util.o
[4405/4486] CXX obj/v8/src/inspector/inspector/Protocol.o
[4406/4486] CXX obj/v8/src/inspector/inspector/HeapProfiler.o
[4407/4486] CXX obj/v8/src/inspector/inspector/search-util.o
[4408/4486] CXX obj/v8/src/inspector/inspector/custom-preview.o
[4409/4486] CXX obj/v8/src/inspector/inspector/Profiler.o
[4410/4486] CXX obj/v8/src/inspector/inspector/test-interface.o
[4411/4486] CXX obj/v8/src/inspector/inspector/inspected-context.o
[4412/4486] CXX obj/v8/src/inspector/inspector/v8-console-agent-impl.o
[4413/4486] CXX obj/v8/src/inspector/inspector/Debugger.o
[4414/4486] CXX obj/v8/src/inspector/inspector/Runtime.o
[4415/4486] CXX obj/v8/v8_initializers/builtins-number-tsa.o
[4416/4486] CXX obj/v8/v8_initializers/builtins-string-tsa.o
[4417/4486] CXX obj/v8/src/inspector/inspector/v8-debugger-barrier.o
[4418/4486] CXX obj/v8/src/inspector/inspector/v8-console-message.o
[4419/4486] CXX obj/v8/src/inspector/inspector/v8-schema-agent-impl.o
[4420/4486] CXX obj/v8/src/inspector/inspector/v8-value-utils.o
[4421/4486] CXX obj/v8/src/inspector/inspector/v8-serialization-duplicate-tracker.o
[4422/4486] CXX obj/v8/src/inspector/inspector/injected-script.o
[4423/4486] CXX obj/v8/src/inspector/inspector/v8-deep-serializer.o
[4424/4486] CXX obj/v8/src/inspector/inspector/v8-debugger-id.o
[4425/4486] CXX obj/v8/src/inspector/inspector/v8-regex.o
[4426/4486] CXX obj/v8/src/inspector/inspector/v8-debugger-script.o
[4427/4486] CXX obj/v8/third_party/inspector_protocol/crdtp/error_support.o
[4428/4486] CXX obj/v8/src/inspector/inspector/v8-profiler-agent-impl.o
[4429/4486] CXX obj/v8/src/inspector/inspector/v8-heap-profiler-agent-impl.o
[4430/4486] CXX obj/v8/src/inspector/inspector/v8-inspector-session-impl.o
[4431/4486] CXX obj/v8/third_party/inspector_protocol/crdtp/cbor.o
[4432/4486] CXX obj/v8/src/inspector/inspector/v8-stack-trace-impl.o
[4433/4486] CXX obj/v8/v8_initializers/builtins-promise-gen.o
[4434/4486] CXX obj/v8/v8_initializers/unary-op-assembler.o
[4435/4486] CXX obj/v8/third_party/inspector_protocol/crdtp/span.o
[4436/4486] CXX obj/v8/third_party/inspector_protocol/crdtp/status.o
[4437/4486] CXX obj/v8/src/inspector/inspector/v8-console.o
[4438/4486] CXX obj/v8/third_party/inspector_protocol/crdtp/serializable.o
[4439/4486] CXX obj/v8/third_party/inspector_protocol/crdtp_platform/json_platform_v8.o
[4440/4486] CXX obj/v8/third_party/inspector_protocol/crdtp/dispatch.o
[4441/4486] CXX obj/v8/v8_initializers/builtins-microtask-queue-gen.o
[4442/4486] CXX obj/v8/v8/v8dll-main.o
[4443/4486] CXX obj/v8/src/inspector/inspector/v8-inspector-impl.o
[4444/4486] CXX obj/v8/src/inspector/inspector/value-mirror.o
[4445/4486] CXX obj/v8/src/inspector/inspector/v8-runtime-agent-impl.o
[4446/4486] CXX obj/v8/v8_initializers/builtins-string-gen.o
[4447/4486] CXX obj/v8/v8_initializers/js-trampoline-assembler.o
[4448/4486] CXX obj/v8/v8_compiler/wasm-lowering-phase.o
[4449/4486] CXX obj/v8/d8/hardware-watchpoints.o
[4450/4486] CXX obj/v8/third_party/inspector_protocol/crdtp/protocol_core.o
[4451/4486] CXX obj/v8/third_party/inspector_protocol/crdtp/json.o
[4452/4486] CXX obj/v8/v8_compiler/wasm-revec-phase.o
[4453/4486] CXX obj/v8/v8_compiler/turbolev-graph-builder.o
[4454/4486] CXX obj/v8/v8_initializers/builtins-regexp-gen.o
[4455/4486] CXX obj/v8/d8/d8-platforms.o
[4456/4486] CXX obj/v8/src/inspector/inspector/v8-debugger.o
[4457/4486] CXX obj/v8/src/inspector/inspector/v8-debugger-agent-impl.o
[4458/4486] CXX obj/v8/v8_initializers/interpreter-intrinsics-generator.o
[4459/4486] CXX obj/v8/v8_initializers/builtins-typed-array-gen.o
[4460/4486] CXX obj/v8/v8_compiler/wasm-optimize-phase.o
[4461/4486] CXX obj/v8/v8_initializers/setup-heap-internal.o
[4462/4486] CXX obj/v8/v8_initializers/accessor-assembler.o
[4463/4486] CXX obj/v8/v8_initializers/keyed-store-generic.o
[4464/4486] CXX obj/v8/d8/d8-js.o
[4465/4486] CXX obj/v8/v8_initializers/builtin-compiler.o
[4466/4486] CXX obj/v8/d8/d8-console.o
[4467/4486] CXX obj/v8/v8_initializers/interpreter-assembler.o
[4468/4486] CXX obj/v8/v8_initializers/builtins-wasm-gen.o
[4469/4486] CXX obj/v8/v8_initializers/interpreter-generator.o
[4470/4486] CXX obj/v8/v8_initializers/builtins-x64.o
[4471/4486] CXX obj/v8/d8/d8-posix.o
[4472/4486] CXX obj/v8/v8_compiler/turboshaft-graph-interface.o
[4473/4486] CXX obj/v8/v8_initializers/code-stub-assembler.o
[4474/4486] CXX obj/v8/d8/async-hooks-wrapper.o
[4475/4486] CXX obj/v8/d8/d8-test.o
[4476/4486] CXX obj/v8/v8_initializers/setup-builtins-internal.o
[4477/4486] CXX obj/v8/v8_initializers/interpreter-generator-tsa.o
[4478/4486] CXX obj/v8/d8/d8.o
[4479/4486] LINK ./mksnapshot
[4480/4486] ACTION //v8:run_mksnapshot_default(//build/toolchain/linux:clang_x64)
[4481/4486] CXX obj/v8/v8_snapshot/builtins-effects.o
[4482/4486] ASM obj/v8/v8_snapshot/embedded.o
[4483/4486] CXX obj/v8/v8_snapshot/setup-isolate-deserialize.o
[4484/4486] CXX obj/v8/v8_snapshot/snapshot-external.o
[4485/4486] SOLINK ./libv8.so
[4486/4486] LINK ./d8
