ninja: Entering directory `out/Default'
[1/3816] COPY ../../third_party/libc++/src/include/__ostream/basic_ostream.h gen/third_party/libc++/src/include/__ostream/basic_ostream.h
[2/3816] COPY ../../third_party/libc++/src/include/__ostream/print.h gen/third_party/libc++/src/include/__ostream/print.h
[3/3816] COPY ../../third_party/libc++/src/include/__ostream/put_character_sequence.h gen/third_party/libc++/src/include/__ostream/put_character_sequence.h
[4/3816] COPY ../../third_party/libc++/src/include/__pstl/backend.h gen/third_party/libc++/src/include/__pstl/backend.h
[5/3816] COPY ../../third_party/libc++/src/include/__pstl/backend_fwd.h gen/third_party/libc++/src/include/__pstl/backend_fwd.h
[6/3816] COPY ../../third_party/libc++/src/include/__pstl/backends/default.h gen/third_party/libc++/src/include/__pstl/backends/default.h
[7/3816] COPY ../../third_party/libc++/src/include/__pstl/backends/libdispatch.h gen/third_party/libc++/src/include/__pstl/backends/libdispatch.h
[8/3816] COPY ../../third_party/libc++/src/include/__pstl/backends/serial.h gen/third_party/libc++/src/include/__pstl/backends/serial.h
[9/3816] COPY ../../third_party/libc++/src/include/__pstl/backends/std_thread.h gen/third_party/libc++/src/include/__pstl/backends/std_thread.h
[10/3816] COPY ../../third_party/libc++/src/include/__pstl/cpu_algos/any_of.h gen/third_party/libc++/src/include/__pstl/cpu_algos/any_of.h
[11/3816] COPY ../../third_party/libc++/src/include/__pstl/cpu_algos/cpu_traits.h gen/third_party/libc++/src/include/__pstl/cpu_algos/cpu_traits.h
[12/3816] COPY ../../third_party/libc++/src/include/__pstl/cpu_algos/fill.h gen/third_party/libc++/src/include/__pstl/cpu_algos/fill.h
[13/3816] COPY ../../third_party/libc++/src/include/__pstl/cpu_algos/find_if.h gen/third_party/libc++/src/include/__pstl/cpu_algos/find_if.h
[14/3816] COPY ../../third_party/libc++/src/include/__pstl/cpu_algos/for_each.h gen/third_party/libc++/src/include/__pstl/cpu_algos/for_each.h
[15/3816] COPY ../../third_party/libc++/src/include/__pstl/cpu_algos/merge.h gen/third_party/libc++/src/include/__pstl/cpu_algos/merge.h
[16/3816] COPY ../../third_party/libc++/src/include/__pstl/cpu_algos/stable_sort.h gen/third_party/libc++/src/include/__pstl/cpu_algos/stable_sort.h
[17/3816] COPY ../../third_party/libc++/src/include/__pstl/cpu_algos/transform.h gen/third_party/libc++/src/include/__pstl/cpu_algos/transform.h
[18/3816] COPY ../../third_party/libc++/src/include/__pstl/cpu_algos/transform_reduce.h gen/third_party/libc++/src/include/__pstl/cpu_algos/transform_reduce.h
[19/3816] COPY ../../third_party/libc++/src/include/__pstl/dispatch.h gen/third_party/libc++/src/include/__pstl/dispatch.h
[20/3816] COPY ../../third_party/libc++/src/include/__pstl/handle_exception.h gen/third_party/libc++/src/include/__pstl/handle_exception.h
[21/3816] COPY ../../third_party/libc++/src/include/__random/bernoulli_distribution.h gen/third_party/libc++/src/include/__random/bernoulli_distribution.h
[22/3816] COPY ../../third_party/libc++/src/include/__random/binomial_distribution.h gen/third_party/libc++/src/include/__random/binomial_distribution.h
[23/3816] COPY ../../third_party/libc++/src/include/__random/cauchy_distribution.h gen/third_party/libc++/src/include/__random/cauchy_distribution.h
[24/3816] COPY ../../third_party/libc++/src/include/__random/chi_squared_distribution.h gen/third_party/libc++/src/include/__random/chi_squared_distribution.h
[25/3816] COPY ../../third_party/libc++/src/include/__random/clamp_to_integral.h gen/third_party/libc++/src/include/__random/clamp_to_integral.h
[26/3816] COPY ../../third_party/libc++/src/include/__random/default_random_engine.h gen/third_party/libc++/src/include/__random/default_random_engine.h
[27/3816] COPY ../../third_party/libc++/src/include/__random/discard_block_engine.h gen/third_party/libc++/src/include/__random/discard_block_engine.h
[28/3816] COPY ../../third_party/libc++/src/include/__random/discrete_distribution.h gen/third_party/libc++/src/include/__random/discrete_distribution.h
[29/3816] COPY ../../third_party/libc++/src/include/__random/exponential_distribution.h gen/third_party/libc++/src/include/__random/exponential_distribution.h
[30/3816] COPY ../../third_party/libc++/src/include/__random/extreme_value_distribution.h gen/third_party/libc++/src/include/__random/extreme_value_distribution.h
[31/3816] COPY ../../third_party/libc++/src/include/__random/fisher_f_distribution.h gen/third_party/libc++/src/include/__random/fisher_f_distribution.h
[32/3816] COPY ../../third_party/libc++/src/include/__random/gamma_distribution.h gen/third_party/libc++/src/include/__random/gamma_distribution.h
[33/3816] COPY ../../third_party/libc++/src/include/__random/generate_canonical.h gen/third_party/libc++/src/include/__random/generate_canonical.h
[34/3816] COPY ../../third_party/libc++/src/include/__random/geometric_distribution.h gen/third_party/libc++/src/include/__random/geometric_distribution.h
[35/3816] COPY ../../third_party/libc++/src/include/__random/independent_bits_engine.h gen/third_party/libc++/src/include/__random/independent_bits_engine.h
[36/3816] COPY ../../third_party/libc++/src/include/__random/is_seed_sequence.h gen/third_party/libc++/src/include/__random/is_seed_sequence.h
[37/3816] COPY ../../third_party/libc++/src/include/__random/is_valid.h gen/third_party/libc++/src/include/__random/is_valid.h
[38/3816] COPY ../../third_party/libc++/src/include/__random/knuth_b.h gen/third_party/libc++/src/include/__random/knuth_b.h
[39/3816] COPY ../../third_party/libc++/src/include/__random/linear_congruential_engine.h gen/third_party/libc++/src/include/__random/linear_congruential_engine.h
[40/3816] COPY ../../third_party/libc++/src/include/__random/log2.h gen/third_party/libc++/src/include/__random/log2.h
[41/3816] COPY ../../third_party/libc++/src/include/__random/lognormal_distribution.h gen/third_party/libc++/src/include/__random/lognormal_distribution.h
[42/3816] COPY ../../third_party/libc++/src/include/__random/mersenne_twister_engine.h gen/third_party/libc++/src/include/__random/mersenne_twister_engine.h
[43/3816] COPY ../../third_party/libc++/src/include/__random/negative_binomial_distribution.h gen/third_party/libc++/src/include/__random/negative_binomial_distribution.h
[44/3816] COPY ../../third_party/libc++/src/include/__random/normal_distribution.h gen/third_party/libc++/src/include/__random/normal_distribution.h
[45/3816] COPY ../../third_party/libc++/src/include/__random/piecewise_constant_distribution.h gen/third_party/libc++/src/include/__random/piecewise_constant_distribution.h
[46/3816] COPY ../../third_party/libc++/src/include/__random/piecewise_linear_distribution.h gen/third_party/libc++/src/include/__random/piecewise_linear_distribution.h
[47/3816] COPY ../../third_party/libc++/src/include/__random/poisson_distribution.h gen/third_party/libc++/src/include/__random/poisson_distribution.h
[48/3816] COPY ../../third_party/libc++/src/include/__random/random_device.h gen/third_party/libc++/src/include/__random/random_device.h
[49/3816] COPY ../../third_party/libc++/src/include/__random/ranlux.h gen/third_party/libc++/src/include/__random/ranlux.h
[50/3816] COPY ../../third_party/libc++/src/include/__random/seed_seq.h gen/third_party/libc++/src/include/__random/seed_seq.h
[51/3816] COPY ../../third_party/libc++/src/include/__random/shuffle_order_engine.h gen/third_party/libc++/src/include/__random/shuffle_order_engine.h
[52/3816] COPY ../../third_party/libc++/src/include/__random/student_t_distribution.h gen/third_party/libc++/src/include/__random/student_t_distribution.h
[53/3816] COPY ../../third_party/libc++/src/include/__random/subtract_with_carry_engine.h gen/third_party/libc++/src/include/__random/subtract_with_carry_engine.h
[54/3816] COPY ../../third_party/libc++/src/include/__random/uniform_int_distribution.h gen/third_party/libc++/src/include/__random/uniform_int_distribution.h
[55/3816] COPY ../../third_party/libc++/src/include/__random/uniform_random_bit_generator.h gen/third_party/libc++/src/include/__random/uniform_random_bit_generator.h
[56/3816] COPY ../../third_party/libc++/src/include/__random/uniform_real_distribution.h gen/third_party/libc++/src/include/__random/uniform_real_distribution.h
[57/3816] COPY ../../third_party/libc++/src/include/__random/weibull_distribution.h gen/third_party/libc++/src/include/__random/weibull_distribution.h
[58/3816] COPY ../../third_party/libc++/src/include/__ranges/access.h gen/third_party/libc++/src/include/__ranges/access.h
[59/3816] COPY ../../third_party/libc++/src/include/__ranges/adjacent_transform_view.h gen/third_party/libc++/src/include/__ranges/adjacent_transform_view.h
[60/3816] COPY ../../third_party/libc++/src/include/__ranges/adjacent_view.h gen/third_party/libc++/src/include/__ranges/adjacent_view.h
[61/3816] COPY ../../third_party/libc++/src/include/__ranges/all.h gen/third_party/libc++/src/include/__ranges/all.h
[62/3816] COPY ../../third_party/libc++/src/include/__ranges/as_rvalue_view.h gen/third_party/libc++/src/include/__ranges/as_rvalue_view.h
[63/3816] COPY ../../third_party/libc++/src/include/__ranges/chunk_by_view.h gen/third_party/libc++/src/include/__ranges/chunk_by_view.h
[64/3816] COPY ../../third_party/libc++/src/include/__ranges/common_view.h gen/third_party/libc++/src/include/__ranges/common_view.h
[65/3816] COPY ../../third_party/libc++/src/include/__ranges/concepts.h gen/third_party/libc++/src/include/__ranges/concepts.h
[66/3816] COPY ../../third_party/libc++/src/include/__ranges/container_compatible_range.h gen/third_party/libc++/src/include/__ranges/container_compatible_range.h
[67/3816] COPY ../../third_party/libc++/src/include/__ranges/counted.h gen/third_party/libc++/src/include/__ranges/counted.h
[68/3816] COPY ../../third_party/libc++/src/include/__ranges/dangling.h gen/third_party/libc++/src/include/__ranges/dangling.h
[69/3816] COPY ../../third_party/libc++/src/include/__ranges/data.h gen/third_party/libc++/src/include/__ranges/data.h
[70/3816] COPY ../../third_party/libc++/src/include/__ranges/drop_view.h gen/third_party/libc++/src/include/__ranges/drop_view.h
[71/3816] COPY ../../third_party/libc++/src/include/__ranges/drop_while_view.h gen/third_party/libc++/src/include/__ranges/drop_while_view.h
[72/3816] COPY ../../third_party/libc++/src/include/__ranges/elements_of.h gen/third_party/libc++/src/include/__ranges/elements_of.h
[73/3816] COPY ../../third_party/libc++/src/include/__ranges/elements_view.h gen/third_party/libc++/src/include/__ranges/elements_view.h
[74/3816] COPY ../../third_party/libc++/src/include/__ranges/empty.h gen/third_party/libc++/src/include/__ranges/empty.h
[75/3816] COPY ../../third_party/libc++/src/include/__ranges/empty_view.h gen/third_party/libc++/src/include/__ranges/empty_view.h
[76/3816] COPY ../../third_party/libc++/src/include/__ranges/enable_borrowed_range.h gen/third_party/libc++/src/include/__ranges/enable_borrowed_range.h
[77/3816] COPY ../../third_party/libc++/src/include/__ranges/enable_view.h gen/third_party/libc++/src/include/__ranges/enable_view.h
[78/3816] COPY ../../third_party/libc++/src/include/__ranges/filter_view.h gen/third_party/libc++/src/include/__ranges/filter_view.h
[79/3816] COPY ../../third_party/libc++/src/include/__ranges/from_range.h gen/third_party/libc++/src/include/__ranges/from_range.h
[80/3816] COPY ../../third_party/libc++/src/include/__ranges/iota_view.h gen/third_party/libc++/src/include/__ranges/iota_view.h
[81/3816] COPY ../../third_party/libc++/src/include/__ranges/istream_view.h gen/third_party/libc++/src/include/__ranges/istream_view.h
[82/3816] COPY ../../third_party/libc++/src/include/__ranges/join_view.h gen/third_party/libc++/src/include/__ranges/join_view.h
[83/3816] COPY ../../third_party/libc++/src/include/__ranges/join_with_view.h gen/third_party/libc++/src/include/__ranges/join_with_view.h
[84/3816] COPY ../../third_party/libc++/src/include/__ranges/lazy_split_view.h gen/third_party/libc++/src/include/__ranges/lazy_split_view.h
[85/3816] COPY ../../third_party/libc++/src/include/__ranges/movable_box.h gen/third_party/libc++/src/include/__ranges/movable_box.h
[86/3816] COPY ../../third_party/libc++/src/include/__ranges/non_propagating_cache.h gen/third_party/libc++/src/include/__ranges/non_propagating_cache.h
[87/3816] COPY ../../third_party/libc++/src/include/__ranges/owning_view.h gen/third_party/libc++/src/include/__ranges/owning_view.h
[88/3816] COPY ../../third_party/libc++/src/include/__ranges/range_adaptor.h gen/third_party/libc++/src/include/__ranges/range_adaptor.h
[89/3816] COPY ../../third_party/libc++/src/include/__ranges/rbegin.h gen/third_party/libc++/src/include/__ranges/rbegin.h
[90/3816] COPY ../../third_party/libc++/src/include/__ranges/ref_view.h gen/third_party/libc++/src/include/__ranges/ref_view.h
[91/3816] COPY ../../third_party/libc++/src/include/__ranges/rend.h gen/third_party/libc++/src/include/__ranges/rend.h
[92/3816] COPY ../../third_party/libc++/src/include/__ranges/repeat_view.h gen/third_party/libc++/src/include/__ranges/repeat_view.h
[93/3816] COPY ../../third_party/libc++/src/include/__ranges/reverse_view.h gen/third_party/libc++/src/include/__ranges/reverse_view.h
[94/3816] COPY ../../third_party/libc++/src/include/__ranges/single_view.h gen/third_party/libc++/src/include/__ranges/single_view.h
[95/3816] COPY ../../third_party/libc++/src/include/__ranges/size.h gen/third_party/libc++/src/include/__ranges/size.h
[96/3816] COPY ../../third_party/libc++/src/include/__ranges/split_view.h gen/third_party/libc++/src/include/__ranges/split_view.h
[97/3816] COPY ../../third_party/libc++/src/include/__ranges/subrange.h gen/third_party/libc++/src/include/__ranges/subrange.h
[98/3816] COPY ../../third_party/libc++/src/include/__ranges/take_view.h gen/third_party/libc++/src/include/__ranges/take_view.h
[99/3816] COPY ../../third_party/libc++/src/include/__ranges/take_while_view.h gen/third_party/libc++/src/include/__ranges/take_while_view.h
[100/3816] COPY ../../third_party/libc++/src/include/__ranges/to.h gen/third_party/libc++/src/include/__ranges/to.h
[101/3816] COPY ../../third_party/libc++/src/include/__ranges/transform_view.h gen/third_party/libc++/src/include/__ranges/transform_view.h
[102/3816] COPY ../../third_party/libc++/src/include/__ranges/view_interface.h gen/third_party/libc++/src/include/__ranges/view_interface.h
[103/3816] COPY ../../third_party/libc++/src/include/__ranges/views.h gen/third_party/libc++/src/include/__ranges/views.h
[104/3816] COPY ../../third_party/libc++/src/include/__ranges/zip_transform_view.h gen/third_party/libc++/src/include/__ranges/zip_transform_view.h
[105/3816] COPY ../../third_party/libc++/src/include/__ranges/zip_view.h gen/third_party/libc++/src/include/__ranges/zip_view.h
[106/3816] COPY ../../third_party/libc++/src/include/__split_buffer gen/third_party/libc++/src/include/__split_buffer
[107/3816] COPY ../../third_party/libc++/src/include/__std_mbstate_t.h gen/third_party/libc++/src/include/__std_mbstate_t.h
[108/3816] COPY ../../third_party/libc++/src/include/__stop_token/atomic_unique_lock.h gen/third_party/libc++/src/include/__stop_token/atomic_unique_lock.h
[109/3816] COPY ../../third_party/libc++/src/include/__stop_token/intrusive_list_view.h gen/third_party/libc++/src/include/__stop_token/intrusive_list_view.h
[110/3816] COPY ../../third_party/libc++/src/include/__stop_token/intrusive_shared_ptr.h gen/third_party/libc++/src/include/__stop_token/intrusive_shared_ptr.h
[111/3816] COPY ../../third_party/libc++/src/include/__stop_token/stop_callback.h gen/third_party/libc++/src/include/__stop_token/stop_callback.h
[112/3816] COPY ../../third_party/libc++/src/include/__stop_token/stop_source.h gen/third_party/libc++/src/include/__stop_token/stop_source.h
[113/3816] COPY ../../third_party/libc++/src/include/__stop_token/stop_state.h gen/third_party/libc++/src/include/__stop_token/stop_state.h
[114/3816] COPY ../../third_party/libc++/src/include/__stop_token/stop_token.h gen/third_party/libc++/src/include/__stop_token/stop_token.h
[115/3816] COPY ../../third_party/libc++/src/include/__string/char_traits.h gen/third_party/libc++/src/include/__string/char_traits.h
[116/3816] COPY ../../third_party/libc++/src/include/__string/constexpr_c_functions.h gen/third_party/libc++/src/include/__string/constexpr_c_functions.h
[117/3816] COPY ../../third_party/libc++/src/include/__string/extern_template_lists.h gen/third_party/libc++/src/include/__string/extern_template_lists.h
[118/3816] COPY ../../third_party/libc++/src/include/__support/ibm/gettod_zos.h gen/third_party/libc++/src/include/__support/ibm/gettod_zos.h
[119/3816] COPY ../../third_party/libc++/src/include/__support/ibm/locale_mgmt_zos.h gen/third_party/libc++/src/include/__support/ibm/locale_mgmt_zos.h
[120/3816] COPY ../../third_party/libc++/src/include/__support/ibm/nanosleep.h gen/third_party/libc++/src/include/__support/ibm/nanosleep.h
[121/3816] COPY ../../third_party/libc++/src/include/__support/xlocale/__nop_locale_mgmt.h gen/third_party/libc++/src/include/__support/xlocale/__nop_locale_mgmt.h
[122/3816] COPY ../../third_party/libc++/src/include/__support/xlocale/__posix_l_fallback.h gen/third_party/libc++/src/include/__support/xlocale/__posix_l_fallback.h
[123/3816] COPY ../../third_party/libc++/src/include/__support/xlocale/__strtonum_fallback.h gen/third_party/libc++/src/include/__support/xlocale/__strtonum_fallback.h
[124/3816] COPY ../../third_party/libc++/src/include/__system_error/errc.h gen/third_party/libc++/src/include/__system_error/errc.h
[125/3816] COPY ../../third_party/libc++/src/include/__system_error/error_category.h gen/third_party/libc++/src/include/__system_error/error_category.h
[126/3816] COPY ../../third_party/libc++/src/include/__system_error/error_code.h gen/third_party/libc++/src/include/__system_error/error_code.h
[127/3816] COPY ../../third_party/libc++/src/include/__system_error/error_condition.h gen/third_party/libc++/src/include/__system_error/error_condition.h
[128/3816] COPY ../../third_party/libc++/src/include/__system_error/system_error.h gen/third_party/libc++/src/include/__system_error/system_error.h
[129/3816] COPY ../../third_party/libc++/src/include/__system_error/throw_system_error.h gen/third_party/libc++/src/include/__system_error/throw_system_error.h
[130/3816] COPY ../../third_party/libc++/src/include/__thread/formatter.h gen/third_party/libc++/src/include/__thread/formatter.h
[131/3816] COPY ../../third_party/libc++/src/include/__thread/id.h gen/third_party/libc++/src/include/__thread/id.h
[132/3816] COPY ../../third_party/libc++/src/include/__thread/jthread.h gen/third_party/libc++/src/include/__thread/jthread.h
[133/3816] COPY ../../third_party/libc++/src/include/__thread/poll_with_backoff.h gen/third_party/libc++/src/include/__thread/poll_with_backoff.h
[134/3816] COPY ../../third_party/libc++/src/include/__thread/support.h gen/third_party/libc++/src/include/__thread/support.h
[135/3816] COPY ../../third_party/libc++/src/include/__thread/support/c11.h gen/third_party/libc++/src/include/__thread/support/c11.h
[136/3816] COPY ../../third_party/libc++/src/include/__thread/support/external.h gen/third_party/libc++/src/include/__thread/support/external.h
[137/3816] COPY ../../third_party/libc++/src/include/__thread/support/pthread.h gen/third_party/libc++/src/include/__thread/support/pthread.h
[138/3816] COPY ../../third_party/libc++/src/include/__thread/support/windows.h gen/third_party/libc++/src/include/__thread/support/windows.h
[139/3816] COPY ../../third_party/libc++/src/include/__thread/this_thread.h gen/third_party/libc++/src/include/__thread/this_thread.h
[140/3816] COPY ../../third_party/libc++/src/include/__thread/thread.h gen/third_party/libc++/src/include/__thread/thread.h
[141/3816] COPY ../../third_party/libc++/src/include/__thread/timed_backoff_policy.h gen/third_party/libc++/src/include/__thread/timed_backoff_policy.h
[142/3816] COPY ../../third_party/libc++/src/include/__tree gen/third_party/libc++/src/include/__tree
[143/3816] COPY ../../third_party/libc++/src/include/__tuple/find_index.h gen/third_party/libc++/src/include/__tuple/find_index.h
[144/3816] COPY ../../third_party/libc++/src/include/__tuple/ignore.h gen/third_party/libc++/src/include/__tuple/ignore.h
[145/3816] COPY ../../third_party/libc++/src/include/__tuple/sfinae_helpers.h gen/third_party/libc++/src/include/__tuple/sfinae_helpers.h
[146/3816] COPY ../../third_party/libc++/src/include/__tuple/tuple_element.h gen/third_party/libc++/src/include/__tuple/tuple_element.h
[147/3816] COPY ../../third_party/libc++/src/include/__tuple/tuple_like.h gen/third_party/libc++/src/include/__tuple/tuple_like.h
[148/3816] COPY ../../third_party/libc++/src/include/__tuple/tuple_like_no_subrange.h gen/third_party/libc++/src/include/__tuple/tuple_like_no_subrange.h
[149/3816] COPY ../../third_party/libc++/src/include/__tuple/tuple_size.h gen/third_party/libc++/src/include/__tuple/tuple_size.h
[150/3816] COPY ../../third_party/libc++/src/include/__tuple/tuple_transform.h gen/third_party/libc++/src/include/__tuple/tuple_transform.h
[151/3816] COPY ../../third_party/libc++/src/include/__type_traits/add_cv_quals.h gen/third_party/libc++/src/include/__type_traits/add_cv_quals.h
[152/3816] COPY ../../third_party/libc++/src/include/__type_traits/add_pointer.h gen/third_party/libc++/src/include/__type_traits/add_pointer.h
[153/3816] COPY ../../third_party/libc++/src/include/__type_traits/add_reference.h gen/third_party/libc++/src/include/__type_traits/add_reference.h
[154/3816] COPY ../../third_party/libc++/src/include/__type_traits/aligned_storage.h gen/third_party/libc++/src/include/__type_traits/aligned_storage.h
[155/3816] COPY ../../third_party/libc++/src/include/__type_traits/aligned_union.h gen/third_party/libc++/src/include/__type_traits/aligned_union.h
[156/3816] COPY ../../third_party/libc++/src/include/__type_traits/alignment_of.h gen/third_party/libc++/src/include/__type_traits/alignment_of.h
[157/3816] COPY ../../third_party/libc++/src/include/__type_traits/common_reference.h gen/third_party/libc++/src/include/__type_traits/common_reference.h
[158/3816] COPY ../../third_party/libc++/src/include/__type_traits/common_type.h gen/third_party/libc++/src/include/__type_traits/common_type.h
[159/3816] COPY ../../third_party/libc++/src/include/__type_traits/conditional.h gen/third_party/libc++/src/include/__type_traits/conditional.h
[160/3816] COPY ../../third_party/libc++/src/include/__type_traits/conjunction.h gen/third_party/libc++/src/include/__type_traits/conjunction.h
[161/3816] COPY ../../third_party/libc++/src/include/__type_traits/container_traits.h gen/third_party/libc++/src/include/__type_traits/container_traits.h
[162/3816] COPY ../../third_party/libc++/src/include/__type_traits/copy_cv.h gen/third_party/libc++/src/include/__type_traits/copy_cv.h
[163/3816] COPY ../../third_party/libc++/src/include/__type_traits/copy_cvref.h gen/third_party/libc++/src/include/__type_traits/copy_cvref.h
[164/3816] COPY ../../third_party/libc++/src/include/__type_traits/datasizeof.h gen/third_party/libc++/src/include/__type_traits/datasizeof.h
[165/3816] COPY ../../third_party/libc++/src/include/__type_traits/decay.h gen/third_party/libc++/src/include/__type_traits/decay.h
[166/3816] COPY ../../third_party/libc++/src/include/__type_traits/dependent_type.h gen/third_party/libc++/src/include/__type_traits/dependent_type.h
[167/3816] COPY ../../third_party/libc++/src/include/__type_traits/desugars_to.h gen/third_party/libc++/src/include/__type_traits/desugars_to.h
[168/3816] COPY ../../third_party/libc++/src/include/__type_traits/detected_or.h gen/third_party/libc++/src/include/__type_traits/detected_or.h
[169/3816] COPY ../../third_party/libc++/src/include/__type_traits/disjunction.h gen/third_party/libc++/src/include/__type_traits/disjunction.h
[170/3816] COPY ../../third_party/libc++/src/include/__type_traits/enable_if.h gen/third_party/libc++/src/include/__type_traits/enable_if.h
[171/3816] COPY ../../third_party/libc++/src/include/__type_traits/extent.h gen/third_party/libc++/src/include/__type_traits/extent.h
[172/3816] COPY ../../third_party/libc++/src/include/__type_traits/has_unique_object_representation.h gen/third_party/libc++/src/include/__type_traits/has_unique_object_representation.h
[173/3816] COPY ../../third_party/libc++/src/include/__type_traits/has_virtual_destructor.h gen/third_party/libc++/src/include/__type_traits/has_virtual_destructor.h
[174/3816] COPY ../../third_party/libc++/src/include/__type_traits/integer_traits.h gen/third_party/libc++/src/include/__type_traits/integer_traits.h
[175/3816] COPY ../../third_party/libc++/src/include/__type_traits/integral_constant.h gen/third_party/libc++/src/include/__type_traits/integral_constant.h
[176/3816] COPY ../../third_party/libc++/src/include/__type_traits/invoke.h gen/third_party/libc++/src/include/__type_traits/invoke.h
[177/3816] COPY ../../third_party/libc++/src/include/__type_traits/is_abstract.h gen/third_party/libc++/src/include/__type_traits/is_abstract.h
[178/3816] COPY ../../third_party/libc++/src/include/__type_traits/is_aggregate.h gen/third_party/libc++/src/include/__type_traits/is_aggregate.h
[179/3816] COPY ../../third_party/libc++/src/include/__type_traits/is_allocator.h gen/third_party/libc++/src/include/__type_traits/is_allocator.h
[180/3816] COPY ../../third_party/libc++/src/include/__type_traits/is_always_bitcastable.h gen/third_party/libc++/src/include/__type_traits/is_always_bitcastable.h
[181/3816] COPY ../../third_party/libc++/src/include/__type_traits/is_arithmetic.h gen/third_party/libc++/src/include/__type_traits/is_arithmetic.h
[182/3816] COPY ../../third_party/libc++/src/include/__type_traits/is_array.h gen/third_party/libc++/src/include/__type_traits/is_array.h
[183/3816] COPY ../../third_party/libc++/src/include/__type_traits/is_assignable.h gen/third_party/libc++/src/include/__type_traits/is_assignable.h
[184/3816] COPY ../../third_party/libc++/src/include/__type_traits/is_base_of.h gen/third_party/libc++/src/include/__type_traits/is_base_of.h
[185/3816] COPY ../../third_party/libc++/src/include/__type_traits/is_callable.h gen/third_party/libc++/src/include/__type_traits/is_callable.h
[186/3816] COPY ../../third_party/libc++/src/include/__type_traits/is_char_like_type.h gen/third_party/libc++/src/include/__type_traits/is_char_like_type.h
[187/3816] COPY ../../third_party/libc++/src/include/__type_traits/is_class.h gen/third_party/libc++/src/include/__type_traits/is_class.h
[188/3816] COPY ../../third_party/libc++/src/include/__type_traits/is_compound.h gen/third_party/libc++/src/include/__type_traits/is_compound.h
[189/3816] COPY ../../third_party/libc++/src/include/__type_traits/is_const.h gen/third_party/libc++/src/include/__type_traits/is_const.h
[190/3816] COPY ../../third_party/libc++/src/include/__type_traits/is_constant_evaluated.h gen/third_party/libc++/src/include/__type_traits/is_constant_evaluated.h
[191/3816] COPY ../../third_party/libc++/src/include/__type_traits/is_constructible.h gen/third_party/libc++/src/include/__type_traits/is_constructible.h
[192/3816] COPY ../../third_party/libc++/src/include/__type_traits/is_convertible.h gen/third_party/libc++/src/include/__type_traits/is_convertible.h
[193/3816] COPY ../../third_party/libc++/src/include/__type_traits/is_core_convertible.h gen/third_party/libc++/src/include/__type_traits/is_core_convertible.h
[194/3816] COPY ../../third_party/libc++/src/include/__type_traits/is_destructible.h gen/third_party/libc++/src/include/__type_traits/is_destructible.h
[195/3816] COPY ../../third_party/libc++/src/include/__type_traits/is_empty.h gen/third_party/libc++/src/include/__type_traits/is_empty.h
[196/3816] COPY ../../third_party/libc++/src/include/__type_traits/is_enum.h gen/third_party/libc++/src/include/__type_traits/is_enum.h
[197/3816] COPY ../../third_party/libc++/src/include/__type_traits/is_equality_comparable.h gen/third_party/libc++/src/include/__type_traits/is_equality_comparable.h
[198/3816] COPY ../../third_party/libc++/src/include/__type_traits/is_execution_policy.h gen/third_party/libc++/src/include/__type_traits/is_execution_policy.h
[199/3816] COPY ../../third_party/libc++/src/include/__type_traits/is_final.h gen/third_party/libc++/src/include/__type_traits/is_final.h
[200/3816] COPY ../../third_party/libc++/src/include/__type_traits/is_floating_point.h gen/third_party/libc++/src/include/__type_traits/is_floating_point.h
[201/3816] COPY ../../third_party/libc++/src/include/__type_traits/is_function.h gen/third_party/libc++/src/include/__type_traits/is_function.h
[202/3816] COPY ../../third_party/libc++/src/include/__type_traits/is_fundamental.h gen/third_party/libc++/src/include/__type_traits/is_fundamental.h
[203/3816] COPY ../../third_party/libc++/src/include/__type_traits/is_generic_transparent_comparator.h gen/third_party/libc++/src/include/__type_traits/is_generic_transparent_comparator.h
[204/3816] COPY ../../third_party/libc++/src/include/__type_traits/is_implicit_lifetime.h gen/third_party/libc++/src/include/__type_traits/is_implicit_lifetime.h
[205/3816] COPY ../../third_party/libc++/src/include/__type_traits/is_implicitly_default_constructible.h gen/third_party/libc++/src/include/__type_traits/is_implicitly_default_constructible.h
[206/3816] COPY ../../third_party/libc++/src/include/__type_traits/is_integral.h gen/third_party/libc++/src/include/__type_traits/is_integral.h
[207/3816] COPY ../../third_party/libc++/src/include/__type_traits/is_literal_type.h gen/third_party/libc++/src/include/__type_traits/is_literal_type.h
[208/3816] COPY ../../third_party/libc++/src/include/__type_traits/is_member_pointer.h gen/third_party/libc++/src/include/__type_traits/is_member_pointer.h
[209/3816] COPY ../../third_party/libc++/src/include/__type_traits/is_nothrow_assignable.h gen/third_party/libc++/src/include/__type_traits/is_nothrow_assignable.h
[210/3816] COPY ../../third_party/libc++/src/include/__type_traits/is_nothrow_constructible.h gen/third_party/libc++/src/include/__type_traits/is_nothrow_constructible.h
[211/3816] COPY ../../third_party/libc++/src/include/__type_traits/is_nothrow_destructible.h gen/third_party/libc++/src/include/__type_traits/is_nothrow_destructible.h
[212/3816] COPY ../../third_party/libc++/src/include/__type_traits/is_null_pointer.h gen/third_party/libc++/src/include/__type_traits/is_null_pointer.h
[213/3816] COPY ../../third_party/libc++/src/include/__type_traits/is_object.h gen/third_party/libc++/src/include/__type_traits/is_object.h
[214/3816] COPY ../../third_party/libc++/src/include/__type_traits/is_pod.h gen/third_party/libc++/src/include/__type_traits/is_pod.h
[215/3816] COPY ../../third_party/libc++/src/include/__type_traits/is_pointer.h gen/third_party/libc++/src/include/__type_traits/is_pointer.h
[216/3816] COPY ../../third_party/libc++/src/include/__type_traits/is_polymorphic.h gen/third_party/libc++/src/include/__type_traits/is_polymorphic.h
[217/3816] COPY ../../third_party/libc++/src/include/__type_traits/is_primary_template.h gen/third_party/libc++/src/include/__type_traits/is_primary_template.h
[218/3816] COPY ../../third_party/libc++/src/include/__type_traits/is_reference.h gen/third_party/libc++/src/include/__type_traits/is_reference.h
[219/3816] COPY ../../third_party/libc++/src/include/__type_traits/is_reference_wrapper.h gen/third_party/libc++/src/include/__type_traits/is_reference_wrapper.h
[220/3816] COPY ../../third_party/libc++/src/include/__type_traits/is_referenceable.h gen/third_party/libc++/src/include/__type_traits/is_referenceable.h
[221/3816] COPY ../../third_party/libc++/src/include/__type_traits/is_same.h gen/third_party/libc++/src/include/__type_traits/is_same.h
[222/3816] COPY ../../third_party/libc++/src/include/__type_traits/is_scalar.h gen/third_party/libc++/src/include/__type_traits/is_scalar.h
[223/3816] COPY ../../third_party/libc++/src/include/__type_traits/is_signed.h gen/third_party/libc++/src/include/__type_traits/is_signed.h
[224/3816] COPY ../../third_party/libc++/src/include/__type_traits/is_specialization.h gen/third_party/libc++/src/include/__type_traits/is_specialization.h
[225/3816] COPY ../../third_party/libc++/src/include/__type_traits/is_standard_layout.h gen/third_party/libc++/src/include/__type_traits/is_standard_layout.h
[226/3816] COPY ../../third_party/libc++/src/include/__type_traits/is_swappable.h gen/third_party/libc++/src/include/__type_traits/is_swappable.h
[227/3816] COPY ../../third_party/libc++/src/include/__type_traits/is_trivial.h gen/third_party/libc++/src/include/__type_traits/is_trivial.h
[228/3816] COPY ../../third_party/libc++/src/include/__type_traits/is_trivially_assignable.h gen/third_party/libc++/src/include/__type_traits/is_trivially_assignable.h
[229/3816] COPY ../../third_party/libc++/src/include/__type_traits/is_trivially_constructible.h gen/third_party/libc++/src/include/__type_traits/is_trivially_constructible.h
[230/3816] COPY ../../third_party/libc++/src/include/__type_traits/is_trivially_copyable.h gen/third_party/libc++/src/include/__type_traits/is_trivially_copyable.h
[231/3816] COPY ../../third_party/libc++/src/include/__type_traits/is_trivially_destructible.h gen/third_party/libc++/src/include/__type_traits/is_trivially_destructible.h
[232/3816] COPY ../../third_party/libc++/src/include/__type_traits/is_trivially_lexicographically_comparable.h gen/third_party/libc++/src/include/__type_traits/is_trivially_lexicographically_comparable.h
[233/3816] COPY ../../third_party/libc++/src/include/__type_traits/is_trivially_relocatable.h gen/third_party/libc++/src/include/__type_traits/is_trivially_relocatable.h
[234/3816] COPY ../../third_party/libc++/src/include/__type_traits/is_union.h gen/third_party/libc++/src/include/__type_traits/is_union.h
[235/3816] COPY ../../third_party/libc++/src/include/__type_traits/is_unqualified.h gen/third_party/libc++/src/include/__type_traits/is_unqualified.h
[236/3816] COPY ../../third_party/libc++/src/include/__type_traits/is_unsigned.h gen/third_party/libc++/src/include/__type_traits/is_unsigned.h
[237/3816] COPY ../../third_party/libc++/src/include/__type_traits/is_valid_expansion.h gen/third_party/libc++/src/include/__type_traits/is_valid_expansion.h
[238/3816] COPY ../../third_party/libc++/src/include/__type_traits/is_void.h gen/third_party/libc++/src/include/__type_traits/is_void.h
[239/3816] COPY ../../third_party/libc++/src/include/__type_traits/is_volatile.h gen/third_party/libc++/src/include/__type_traits/is_volatile.h
[240/3816] COPY ../../third_party/libc++/src/include/__type_traits/is_within_lifetime.h gen/third_party/libc++/src/include/__type_traits/is_within_lifetime.h
[241/3816] COPY ../../third_party/libc++/src/include/__type_traits/lazy.h gen/third_party/libc++/src/include/__type_traits/lazy.h
[242/3816] COPY ../../third_party/libc++/src/include/__type_traits/make_32_64_or_128_bit.h gen/third_party/libc++/src/include/__type_traits/make_32_64_or_128_bit.h
[243/3816] COPY ../../third_party/libc++/src/include/__type_traits/make_const_lvalue_ref.h gen/third_party/libc++/src/include/__type_traits/make_const_lvalue_ref.h
[244/3816] COPY ../../third_party/libc++/src/include/__type_traits/make_signed.h gen/third_party/libc++/src/include/__type_traits/make_signed.h
[245/3816] COPY ../../third_party/libc++/src/include/__type_traits/make_transparent.h gen/third_party/libc++/src/include/__type_traits/make_transparent.h
[246/3816] COPY ../../third_party/libc++/src/include/__type_traits/make_unsigned.h gen/third_party/libc++/src/include/__type_traits/make_unsigned.h
[247/3816] COPY ../../third_party/libc++/src/include/__type_traits/maybe_const.h gen/third_party/libc++/src/include/__type_traits/maybe_const.h
[248/3816] COPY ../../third_party/libc++/src/include/__type_traits/nat.h gen/third_party/libc++/src/include/__type_traits/nat.h
[249/3816] COPY ../../third_party/libc++/src/include/__type_traits/negation.h gen/third_party/libc++/src/include/__type_traits/negation.h
[250/3816] COPY ../../third_party/libc++/src/include/__type_traits/promote.h gen/third_party/libc++/src/include/__type_traits/promote.h
[251/3816] COPY ../../third_party/libc++/src/include/__type_traits/rank.h gen/third_party/libc++/src/include/__type_traits/rank.h
[252/3816] COPY ../../third_party/libc++/src/include/__type_traits/reference_constructs_from_temporary.h gen/third_party/libc++/src/include/__type_traits/reference_constructs_from_temporary.h
[253/3816] COPY ../../third_party/libc++/src/include/__type_traits/reference_converts_from_temporary.h gen/third_party/libc++/src/include/__type_traits/reference_converts_from_temporary.h
[254/3816] COPY ../../third_party/libc++/src/include/__type_traits/remove_all_extents.h gen/third_party/libc++/src/include/__type_traits/remove_all_extents.h
[255/3816] COPY ../../third_party/libc++/src/include/__type_traits/remove_const.h gen/third_party/libc++/src/include/__type_traits/remove_const.h
[256/3816] COPY ../../third_party/libc++/src/include/__type_traits/remove_const_ref.h gen/third_party/libc++/src/include/__type_traits/remove_const_ref.h
[257/3816] COPY ../../third_party/libc++/src/include/__type_traits/remove_cv.h gen/third_party/libc++/src/include/__type_traits/remove_cv.h
[258/3816] COPY ../../third_party/libc++/src/include/__type_traits/remove_cvref.h gen/third_party/libc++/src/include/__type_traits/remove_cvref.h
[259/3816] COPY ../../third_party/libc++/src/include/__type_traits/remove_extent.h gen/third_party/libc++/src/include/__type_traits/remove_extent.h
[260/3816] COPY ../../third_party/libc++/src/include/__type_traits/remove_pointer.h gen/third_party/libc++/src/include/__type_traits/remove_pointer.h
[261/3816] COPY ../../third_party/libc++/src/include/__type_traits/remove_reference.h gen/third_party/libc++/src/include/__type_traits/remove_reference.h
[262/3816] COPY ../../third_party/libc++/src/include/__type_traits/remove_volatile.h gen/third_party/libc++/src/include/__type_traits/remove_volatile.h
[263/3816] COPY ../../third_party/libc++/src/include/__type_traits/result_of.h gen/third_party/libc++/src/include/__type_traits/result_of.h
[264/3816] COPY ../../third_party/libc++/src/include/__type_traits/strip_signature.h gen/third_party/libc++/src/include/__type_traits/strip_signature.h
[265/3816] COPY ../../third_party/libc++/src/include/__type_traits/type_identity.h gen/third_party/libc++/src/include/__type_traits/type_identity.h
[266/3816] COPY ../../third_party/libc++/src/include/__type_traits/type_list.h gen/third_party/libc++/src/include/__type_traits/type_list.h
[267/3816] COPY ../../third_party/libc++/src/include/__type_traits/underlying_type.h gen/third_party/libc++/src/include/__type_traits/underlying_type.h
[268/3816] COPY ../../third_party/libc++/src/include/__type_traits/unwrap_ref.h gen/third_party/libc++/src/include/__type_traits/unwrap_ref.h
[269/3816] COPY ../../third_party/libc++/src/include/__type_traits/void_t.h gen/third_party/libc++/src/include/__type_traits/void_t.h
[270/3816] COPY ../../third_party/libc++/src/include/__undef_macros gen/third_party/libc++/src/include/__undef_macros
[271/3816] COPY ../../third_party/libc++/src/include/__utility/as_const.h gen/third_party/libc++/src/include/__utility/as_const.h
[272/3816] COPY ../../third_party/libc++/src/include/__utility/as_lvalue.h gen/third_party/libc++/src/include/__utility/as_lvalue.h
[273/3816] COPY ../../third_party/libc++/src/include/__utility/auto_cast.h gen/third_party/libc++/src/include/__utility/auto_cast.h
[274/3816] COPY ../../third_party/libc++/src/include/__utility/cmp.h gen/third_party/libc++/src/include/__utility/cmp.h
[275/3816] COPY ../../third_party/libc++/src/include/__utility/convert_to_integral.h gen/third_party/libc++/src/include/__utility/convert_to_integral.h
[276/3816] COPY ../../third_party/libc++/src/include/__utility/declval.h gen/third_party/libc++/src/include/__utility/declval.h
[277/3816] COPY ../../third_party/libc++/src/include/__utility/default_three_way_comparator.h gen/third_party/libc++/src/include/__utility/default_three_way_comparator.h
[278/3816] COPY ../../third_party/libc++/src/include/__utility/element_count.h gen/third_party/libc++/src/include/__utility/element_count.h
[279/3816] COPY ../../third_party/libc++/src/include/__utility/empty.h gen/third_party/libc++/src/include/__utility/empty.h
[280/3816] COPY ../../third_party/libc++/src/include/__utility/exception_guard.h gen/third_party/libc++/src/include/__utility/exception_guard.h
[281/3816] COPY ../../third_party/libc++/src/include/__utility/exchange.h gen/third_party/libc++/src/include/__utility/exchange.h
[282/3816] COPY ../../third_party/libc++/src/include/__utility/forward.h gen/third_party/libc++/src/include/__utility/forward.h
[283/3816] COPY ../../third_party/libc++/src/include/__utility/forward_like.h gen/third_party/libc++/src/include/__utility/forward_like.h
[284/3816] COPY ../../third_party/libc++/src/include/__utility/in_place.h gen/third_party/libc++/src/include/__utility/in_place.h
[285/3816] COPY ../../third_party/libc++/src/include/__utility/integer_sequence.h gen/third_party/libc++/src/include/__utility/integer_sequence.h
[286/3816] COPY ../../third_party/libc++/src/include/__utility/is_pointer_in_range.h gen/third_party/libc++/src/include/__utility/is_pointer_in_range.h
[287/3816] COPY ../../third_party/libc++/src/include/__utility/is_valid_range.h gen/third_party/libc++/src/include/__utility/is_valid_range.h
[288/3816] COPY ../../third_party/libc++/src/include/__utility/lazy_synth_three_way_comparator.h gen/third_party/libc++/src/include/__utility/lazy_synth_three_way_comparator.h
[289/3816] COPY ../../third_party/libc++/src/include/__utility/move.h gen/third_party/libc++/src/include/__utility/move.h
[290/3816] COPY ../../third_party/libc++/src/include/__utility/no_destroy.h gen/third_party/libc++/src/include/__utility/no_destroy.h
[291/3816] COPY ../../third_party/libc++/src/include/__utility/pair.h gen/third_party/libc++/src/include/__utility/pair.h
[292/3816] COPY ../../third_party/libc++/src/include/__utility/piecewise_construct.h gen/third_party/libc++/src/include/__utility/piecewise_construct.h
[293/3816] COPY ../../third_party/libc++/src/include/__utility/priority_tag.h gen/third_party/libc++/src/include/__utility/priority_tag.h
[294/3816] COPY ../../third_party/libc++/src/include/__utility/private_constructor_tag.h gen/third_party/libc++/src/include/__utility/private_constructor_tag.h
[295/3816] COPY ../../third_party/libc++/src/include/__utility/rel_ops.h gen/third_party/libc++/src/include/__utility/rel_ops.h
[296/3816] COPY ../../third_party/libc++/src/include/__utility/scope_guard.h gen/third_party/libc++/src/include/__utility/scope_guard.h
[297/3816] COPY ../../third_party/libc++/src/include/__utility/small_buffer.h gen/third_party/libc++/src/include/__utility/small_buffer.h
[298/3816] COPY ../../third_party/libc++/src/include/__utility/swap.h gen/third_party/libc++/src/include/__utility/swap.h
[299/3816] COPY ../../third_party/libc++/src/include/__utility/to_underlying.h gen/third_party/libc++/src/include/__utility/to_underlying.h
[300/3816] COPY ../../third_party/libc++/src/include/__utility/try_key_extraction.h gen/third_party/libc++/src/include/__utility/try_key_extraction.h
[301/3816] COPY ../../third_party/libc++/src/include/__utility/unreachable.h gen/third_party/libc++/src/include/__utility/unreachable.h
[302/3816] COPY ../../third_party/libc++/src/include/__variant/monostate.h gen/third_party/libc++/src/include/__variant/monostate.h
[303/3816] COPY ../../third_party/libc++/src/include/__vector/comparison.h gen/third_party/libc++/src/include/__vector/comparison.h
[304/3816] COPY ../../third_party/libc++/src/include/__vector/container_traits.h gen/third_party/libc++/src/include/__vector/container_traits.h
[305/3816] COPY ../../third_party/libc++/src/include/__vector/erase.h gen/third_party/libc++/src/include/__vector/erase.h
[306/3816] COPY ../../third_party/libc++/src/include/__vector/pmr.h gen/third_party/libc++/src/include/__vector/pmr.h
[307/3816] COPY ../../third_party/libc++/src/include/__vector/swap.h gen/third_party/libc++/src/include/__vector/swap.h
[308/3816] COPY ../../third_party/libc++/src/include/__vector/vector.h gen/third_party/libc++/src/include/__vector/vector.h
[309/3816] COPY ../../third_party/libc++/src/include/__vector/vector_bool.h gen/third_party/libc++/src/include/__vector/vector_bool.h
[310/3816] COPY ../../third_party/libc++/src/include/__vector/vector_bool_formatter.h gen/third_party/libc++/src/include/__vector/vector_bool_formatter.h
[311/3816] COPY ../../third_party/libc++/src/include/__verbose_abort gen/third_party/libc++/src/include/__verbose_abort
[312/3816] COPY ../../third_party/libc++/src/include/__verbose_trap gen/third_party/libc++/src/include/__verbose_trap
[313/3816] COPY ../../third_party/libc++/src/include/algorithm gen/third_party/libc++/src/include/algorithm
[314/3816] COPY ../../third_party/libc++/src/include/any gen/third_party/libc++/src/include/any
[315/3816] COPY ../../third_party/libc++/src/include/array gen/third_party/libc++/src/include/array
[316/3816] COPY ../../third_party/libc++/src/include/atomic gen/third_party/libc++/src/include/atomic
[317/3816] COPY ../../third_party/libc++/src/include/barrier gen/third_party/libc++/src/include/barrier
[318/3816] COPY ../../third_party/libc++/src/include/bit gen/third_party/libc++/src/include/bit
[319/3816] COPY ../../third_party/libc++/src/include/bitset gen/third_party/libc++/src/include/bitset
[320/3816] COPY ../../third_party/libc++/src/include/cassert gen/third_party/libc++/src/include/cassert
[321/3816] COPY ../../third_party/libc++/src/include/ccomplex gen/third_party/libc++/src/include/ccomplex
[322/3816] COPY ../../third_party/libc++/src/include/cctype gen/third_party/libc++/src/include/cctype
[323/3816] COPY ../../third_party/libc++/src/include/cerrno gen/third_party/libc++/src/include/cerrno
[324/3816] COPY ../../third_party/libc++/src/include/cfenv gen/third_party/libc++/src/include/cfenv
[325/3816] COPY ../../third_party/libc++/src/include/cfloat gen/third_party/libc++/src/include/cfloat
[326/3816] COPY ../../third_party/libc++/src/include/charconv gen/third_party/libc++/src/include/charconv
[327/3816] COPY ../../third_party/libc++/src/include/chrono gen/third_party/libc++/src/include/chrono
[328/3816] COPY ../../third_party/libc++/src/include/cinttypes gen/third_party/libc++/src/include/cinttypes
[329/3816] COPY ../../third_party/libc++/src/include/ciso646 gen/third_party/libc++/src/include/ciso646
[330/3816] COPY ../../third_party/libc++/src/include/climits gen/third_party/libc++/src/include/climits
[331/3816] COPY ../../third_party/libc++/src/include/clocale gen/third_party/libc++/src/include/clocale
[332/3816] COPY ../../third_party/libc++/src/include/cmath gen/third_party/libc++/src/include/cmath
[333/3816] COPY ../../third_party/libc++/src/include/codecvt gen/third_party/libc++/src/include/codecvt
[334/3816] COPY ../../third_party/libc++/src/include/compare gen/third_party/libc++/src/include/compare
[335/3816] COPY ../../third_party/libc++/src/include/complex gen/third_party/libc++/src/include/complex
[336/3816] COPY ../../third_party/libc++/src/include/complex.h gen/third_party/libc++/src/include/complex.h
[337/3816] COPY ../../third_party/libc++/src/include/concepts gen/third_party/libc++/src/include/concepts
[338/3816] COPY ../../third_party/libc++/src/include/condition_variable gen/third_party/libc++/src/include/condition_variable
[339/3816] COPY ../../third_party/libc++/src/include/coroutine gen/third_party/libc++/src/include/coroutine
[340/3816] COPY ../../third_party/libc++/src/include/csetjmp gen/third_party/libc++/src/include/csetjmp
[341/3816] COPY ../../third_party/libc++/src/include/csignal gen/third_party/libc++/src/include/csignal
[342/3816] COPY ../../third_party/libc++/src/include/cstdalign gen/third_party/libc++/src/include/cstdalign
[343/3816] COPY ../../third_party/libc++/src/include/cstdarg gen/third_party/libc++/src/include/cstdarg
[344/3816] COPY ../../third_party/libc++/src/include/cstdbool gen/third_party/libc++/src/include/cstdbool
[345/3816] COPY ../../third_party/libc++/src/include/cstddef gen/third_party/libc++/src/include/cstddef
[346/3816] COPY ../../third_party/libc++/src/include/cstdint gen/third_party/libc++/src/include/cstdint
[347/3816] COPY ../../third_party/libc++/src/include/cstdio gen/third_party/libc++/src/include/cstdio
[348/3816] COPY ../../third_party/libc++/src/include/cstdlib gen/third_party/libc++/src/include/cstdlib
[349/3816] COPY ../../third_party/libc++/src/include/cstring gen/third_party/libc++/src/include/cstring
[350/3816] COPY ../../third_party/libc++/src/include/ctgmath gen/third_party/libc++/src/include/ctgmath
[351/3816] COPY ../../third_party/libc++/src/include/ctime gen/third_party/libc++/src/include/ctime
[352/3816] COPY ../../third_party/libc++/src/include/ctype.h gen/third_party/libc++/src/include/ctype.h
[353/3816] COPY ../../third_party/libc++/src/include/cuchar gen/third_party/libc++/src/include/cuchar
[354/3816] COPY ../../third_party/libc++/src/include/cwchar gen/third_party/libc++/src/include/cwchar
[355/3816] COPY ../../third_party/libc++/src/include/cwctype gen/third_party/libc++/src/include/cwctype
[356/3816] COPY ../../third_party/libc++/src/include/deque gen/third_party/libc++/src/include/deque
[357/3816] COPY ../../third_party/libc++/src/include/errno.h gen/third_party/libc++/src/include/errno.h
[358/3816] COPY ../../third_party/libc++/src/include/exception gen/third_party/libc++/src/include/exception
[359/3816] COPY ../../third_party/libc++/src/include/execution gen/third_party/libc++/src/include/execution
[360/3816] COPY ../../third_party/libc++/src/include/expected gen/third_party/libc++/src/include/expected
[361/3816] COPY ../../third_party/libc++/src/include/experimental/__simd/aligned_tag.h gen/third_party/libc++/src/include/experimental/__simd/aligned_tag.h
[362/3816] COPY ../../third_party/libc++/src/include/experimental/__simd/declaration.h gen/third_party/libc++/src/include/experimental/__simd/declaration.h
[363/3816] COPY ../../third_party/libc++/src/include/experimental/__simd/reference.h gen/third_party/libc++/src/include/experimental/__simd/reference.h
[364/3816] COPY ../../third_party/libc++/src/include/experimental/__simd/scalar.h gen/third_party/libc++/src/include/experimental/__simd/scalar.h
[365/3816] COPY ../../third_party/libc++/src/include/experimental/__simd/simd.h gen/third_party/libc++/src/include/experimental/__simd/simd.h
[366/3816] COPY ../../third_party/libc++/src/include/experimental/__simd/simd_mask.h gen/third_party/libc++/src/include/experimental/__simd/simd_mask.h
[367/3816] COPY ../../third_party/libc++/src/include/experimental/__simd/traits.h gen/third_party/libc++/src/include/experimental/__simd/traits.h
[368/3816] COPY ../../third_party/libc++/src/include/experimental/__simd/utility.h gen/third_party/libc++/src/include/experimental/__simd/utility.h
[369/3816] COPY ../../third_party/libc++/src/include/experimental/__simd/vec_ext.h gen/third_party/libc++/src/include/experimental/__simd/vec_ext.h
[370/3816] COPY ../../third_party/libc++/src/include/experimental/iterator gen/third_party/libc++/src/include/experimental/iterator
[371/3816] COPY ../../third_party/libc++/src/include/experimental/memory gen/third_party/libc++/src/include/experimental/memory
[372/3816] COPY ../../third_party/libc++/src/include/experimental/propagate_const gen/third_party/libc++/src/include/experimental/propagate_const
[373/3816] COPY ../../third_party/libc++/src/include/experimental/simd gen/third_party/libc++/src/include/experimental/simd
[374/3816] COPY ../../third_party/libc++/src/include/experimental/type_traits gen/third_party/libc++/src/include/experimental/type_traits
[375/3816] COPY ../../third_party/libc++/src/include/experimental/utility gen/third_party/libc++/src/include/experimental/utility
[376/3816] COPY ../../third_party/libc++/src/include/ext/__hash gen/third_party/libc++/src/include/ext/__hash
[377/3816] COPY ../../third_party/libc++/src/include/ext/hash_map gen/third_party/libc++/src/include/ext/hash_map
[378/3816] COPY ../../third_party/libc++/src/include/ext/hash_set gen/third_party/libc++/src/include/ext/hash_set
[379/3816] COPY ../../third_party/libc++/src/include/fenv.h gen/third_party/libc++/src/include/fenv.h
[380/3816] COPY ../../third_party/libc++/src/include/filesystem gen/third_party/libc++/src/include/filesystem
[381/3816] COPY ../../third_party/libc++/src/include/flat_map gen/third_party/libc++/src/include/flat_map
[382/3816] COPY ../../third_party/libc++/src/include/flat_set gen/third_party/libc++/src/include/flat_set
[383/3816] COPY ../../third_party/libc++/src/include/float.h gen/third_party/libc++/src/include/float.h
[384/3816] COPY ../../third_party/libc++/src/include/format gen/third_party/libc++/src/include/format
[385/3816] COPY ../../third_party/libc++/src/include/forward_list gen/third_party/libc++/src/include/forward_list
[386/3816] COPY ../../third_party/libc++/src/include/fstream gen/third_party/libc++/src/include/fstream
[387/3816] COPY ../../third_party/libc++/src/include/functional gen/third_party/libc++/src/include/functional
[388/3816] COPY ../../third_party/libc++/src/include/future gen/third_party/libc++/src/include/future
[389/3816] COPY ../../third_party/libc++/src/include/initializer_list gen/third_party/libc++/src/include/initializer_list
[390/3816] COPY ../../third_party/libc++/src/include/inttypes.h gen/third_party/libc++/src/include/inttypes.h
[391/3816] COPY ../../third_party/libc++/src/include/iomanip gen/third_party/libc++/src/include/iomanip
[392/3816] COPY ../../third_party/libc++/src/include/ios gen/third_party/libc++/src/include/ios
[393/3816] COPY ../../third_party/libc++/src/include/iosfwd gen/third_party/libc++/src/include/iosfwd
[394/3816] COPY ../../third_party/libc++/src/include/iostream gen/third_party/libc++/src/include/iostream
[395/3816] COPY ../../third_party/libc++/src/include/istream gen/third_party/libc++/src/include/istream
[396/3816] COPY ../../third_party/libc++/src/include/iterator gen/third_party/libc++/src/include/iterator
[397/3816] COPY ../../third_party/libc++/src/include/latch gen/third_party/libc++/src/include/latch
[398/3816] COPY ../../third_party/libc++/src/include/limits gen/third_party/libc++/src/include/limits
[399/3816] COPY ../../third_party/libc++/src/include/list gen/third_party/libc++/src/include/list
[400/3816] COPY ../../third_party/libc++/src/include/locale gen/third_party/libc++/src/include/locale
[401/3816] COPY ../../third_party/libc++/src/include/map gen/third_party/libc++/src/include/map
[402/3816] COPY ../../third_party/libc++/src/include/math.h gen/third_party/libc++/src/include/math.h
[403/3816] COPY ../../third_party/libc++/src/include/mdspan gen/third_party/libc++/src/include/mdspan
[404/3816] COPY ../../third_party/libc++/src/include/memory gen/third_party/libc++/src/include/memory
[405/3816] COPY ../../third_party/libc++/src/include/memory_resource gen/third_party/libc++/src/include/memory_resource
[406/3816] COPY ../../third_party/libc++/src/include/module.modulemap.in gen/third_party/libc++/src/include/module.modulemap.in
[407/3816] COPY ../../third_party/libc++/src/include/mutex gen/third_party/libc++/src/include/mutex
[408/3816] COPY ../../third_party/libc++/src/include/new gen/third_party/libc++/src/include/new
[409/3816] COPY ../../third_party/libc++/src/include/numbers gen/third_party/libc++/src/include/numbers
[410/3816] COPY ../../third_party/libc++/src/include/numeric gen/third_party/libc++/src/include/numeric
[411/3816] COPY ../../third_party/libc++/src/include/optional gen/third_party/libc++/src/include/optional
[412/3816] COPY ../../third_party/libc++/src/include/ostream gen/third_party/libc++/src/include/ostream
[413/3816] COPY ../../third_party/libc++/src/include/print gen/third_party/libc++/src/include/print
[414/3816] COPY ../../third_party/libc++/src/include/queue gen/third_party/libc++/src/include/queue
[415/3816] COPY ../../third_party/libc++/src/include/random gen/third_party/libc++/src/include/random
[416/3816] COPY ../../third_party/libc++/src/include/ranges gen/third_party/libc++/src/include/ranges
[417/3816] COPY ../../third_party/libc++/src/include/ratio gen/third_party/libc++/src/include/ratio
[418/3816] COPY ../../third_party/libc++/src/include/regex gen/third_party/libc++/src/include/regex
[419/3816] COPY ../../third_party/libc++/src/include/scoped_allocator gen/third_party/libc++/src/include/scoped_allocator
[420/3816] COPY ../../third_party/libc++/src/include/semaphore gen/third_party/libc++/src/include/semaphore
[421/3816] COPY ../../third_party/libc++/src/include/set gen/third_party/libc++/src/include/set
[422/3816] COPY ../../third_party/libc++/src/include/shared_mutex gen/third_party/libc++/src/include/shared_mutex
[423/3816] COPY ../../third_party/libc++/src/include/source_location gen/third_party/libc++/src/include/source_location
[424/3816] COPY ../../third_party/libc++/src/include/span gen/third_party/libc++/src/include/span
[425/3816] COPY ../../third_party/libc++/src/include/sstream gen/third_party/libc++/src/include/sstream
[426/3816] COPY ../../third_party/libc++/src/include/stack gen/third_party/libc++/src/include/stack
[427/3816] COPY ../../third_party/libc++/src/include/stdatomic.h gen/third_party/libc++/src/include/stdatomic.h
[428/3816] COPY ../../third_party/libc++/src/include/stddef.h gen/third_party/libc++/src/include/stddef.h
[429/3816] COPY ../../third_party/libc++/src/include/stdexcept gen/third_party/libc++/src/include/stdexcept
[430/3816] COPY ../../third_party/libc++/src/include/stdio.h gen/third_party/libc++/src/include/stdio.h
[431/3816] COPY ../../third_party/libc++/src/include/stdlib.h gen/third_party/libc++/src/include/stdlib.h
[432/3816] COPY ../../third_party/libc++/src/include/stop_token gen/third_party/libc++/src/include/stop_token
[433/3816] COPY ../../third_party/libc++/src/include/streambuf gen/third_party/libc++/src/include/streambuf
[434/3816] COPY ../../third_party/libc++/src/include/string gen/third_party/libc++/src/include/string
[435/3816] COPY ../../third_party/libc++/src/include/string.h gen/third_party/libc++/src/include/string.h
[436/3816] COPY ../../third_party/libc++/src/include/string_view gen/third_party/libc++/src/include/string_view
[437/3816] COPY ../../third_party/libc++/src/include/strstream gen/third_party/libc++/src/include/strstream
[438/3816] COPY ../../third_party/libc++/src/include/syncstream gen/third_party/libc++/src/include/syncstream
[439/3816] COPY ../../third_party/libc++/src/include/system_error gen/third_party/libc++/src/include/system_error
[440/3816] COPY ../../third_party/libc++/src/include/tgmath.h gen/third_party/libc++/src/include/tgmath.h
[441/3816] COPY ../../third_party/libc++/src/include/thread gen/third_party/libc++/src/include/thread
[442/3816] COPY ../../third_party/libc++/src/include/tuple gen/third_party/libc++/src/include/tuple
[443/3816] COPY ../../third_party/libc++/src/include/type_traits gen/third_party/libc++/src/include/type_traits
[444/3816] COPY ../../third_party/libc++/src/include/typeindex gen/third_party/libc++/src/include/typeindex
[445/3816] COPY ../../third_party/libc++/src/include/typeinfo gen/third_party/libc++/src/include/typeinfo
[446/3816] COPY ../../third_party/libc++/src/include/uchar.h gen/third_party/libc++/src/include/uchar.h
[447/3816] COPY ../../third_party/libc++/src/include/unordered_map gen/third_party/libc++/src/include/unordered_map
[448/3816] COPY ../../third_party/libc++/src/include/unordered_set gen/third_party/libc++/src/include/unordered_set
[449/3816] COPY ../../third_party/libc++/src/include/utility gen/third_party/libc++/src/include/utility
[450/3816] COPY ../../third_party/libc++/src/include/valarray gen/third_party/libc++/src/include/valarray
[451/3816] COPY ../../third_party/libc++/src/include/variant gen/third_party/libc++/src/include/variant
[452/3816] COPY ../../third_party/libc++/src/include/vector gen/third_party/libc++/src/include/vector
[453/3816] COPY ../../third_party/libc++/src/include/version gen/third_party/libc++/src/include/version
[454/3816] COPY ../../third_party/libc++/src/include/wchar.h gen/third_party/libc++/src/include/wchar.h
[455/3816] COPY ../../third_party/libc++/src/include/wctype.h gen/third_party/libc++/src/include/wctype.h
[456/3816] COPY ../../third_party/icu/common/icudtl.dat icudtl.dat
[457/3816] ACTION //v8:v8_dump_build_config(//build/toolchain/linux:clang_x64)
[458/3816] ACTION //third_party/rust/serde_core/v1:serde_core_lib_v1_build_script_write_rustflags(//build/toolchain/linux:clang_x64)
[459/3816] ACTION //third_party/rust/serde/v1:serde_lib_v1_build_script_write_rustflags(//build/toolchain/linux:clang_x64)
[460/3816] ACTION //third_party/rust/proc_macro2/v1:proc_macro2_lib_v1_build_script_write_rustflags(//build/toolchain/linux:clang_x64_for_rust_host_build_tools)
[461/3816] ACTION //third_party/rust/quote/v1:quote_lib_v1_build_script_write_rustflags(//build/toolchain/linux:clang_x64_for_rust_host_build_tools)
[462/3816] ACTION //third_party/rust/libm/v0_2:libm_lib_v0_2_build_script_write_rustflags(//build/toolchain/linux:clang_x64)
[463/3816] ACTION //third_party/rust/serde_core/v1:serde_core_lib_v1_build_script_write_rustflags(//build/toolchain/linux:clang_x64_for_rust_host_build_tools)
[464/3816] ACTION //third_party/rust/icu_calendar_data/v2:icu_calendar_data_lib_v2_build_script_write_rustflags(//build/toolchain/linux:clang_x64)
[465/3816] ACTION //third_party/rust/serde/v1:serde_lib_v1_build_script_write_rustflags(//build/toolchain/linux:clang_x64_for_rust_host_build_tools)
[466/3816] ACTION //third_party/rust/icu_locale_data/v2:icu_locale_data_lib_v2_build_script_write_rustflags(//build/toolchain/linux:clang_x64)
[467/3816] CXX_MODULE clang_x64_for_rust_host_build_tools/obj/build/modules/linux/_Builtin_stddef/module.pcm
[468/3816] CXX_MODULE clang_x64_for_rust_host_build_tools/obj/build/modules/linux/_Builtin_stdalign/module.pcm
[469/3816] CXX_MODULE clang_x64_for_rust_host_build_tools/obj/build/modules/linux/_Builtin_float/module.pcm
[470/3816] CXX_MODULE obj/build/modules/linux/_Builtin_inttypes/module.pcm
[471/3816] CXX_MODULE clang_x64_for_rust_host_build_tools/obj/build/modules/linux/_Builtin_stdarg/module.pcm
[472/3816] ACTION //build/rust/gni_impl:rustc_print_cfg(//build/toolchain/linux:clang_x64_for_rust_host_build_tools)
[473/3816] ACTION //third_party/perfetto/python:trace_processor_table_generator(//build/toolchain/linux:clang_x64)
[474/3816] CXX_MODULE obj/build/modules/linux/std_inttypes_h/module.pcm
[475/3816] CXX_MODULE obj/build/modules/linux/_Builtin_stdatomic/module.pcm
[476/3816] CXX_MODULE obj/build/modules/linux/_Builtin_unwind/module.pcm
[477/3816] CXX_MODULE obj/build/modules/linux/std_ctype_h/module.pcm
[478/3816] CXX_MODULE obj/build/modules/linux/std_string_h/module.pcm
[479/3816] CXX_MODULE clang_x64_for_rust_host_build_tools/obj/build/modules/linux/sys_stage1/module.pcm
[480/3816] CXX_MODULE clang_x64_for_rust_host_build_tools/obj/build/modules/linux/_Builtin_stdint/module.pcm
[481/3816] CXX_MODULE obj/build/modules/linux/std_float_h/module.pcm
[482/3816] CXX_MODULE clang_x64_for_rust_host_build_tools/obj/build/modules/linux/_Builtin_inttypes/module.pcm
[483/3816] CXX obj/buildtools/third_party/libc++/libc++/any.o
[484/3816] CXX obj/buildtools/third_party/libc++/libc++/new_helpers.o
[485/3816] CXX_MODULE clang_x64_for_rust_host_build_tools/obj/build/modules/linux/_Builtin_limits/module.pcm
[486/3816] CXX_MODULE obj/build/modules/linux/std_fenv_h/module.pcm
[487/3816] CXX_MODULE obj/build/modules/linux/std_errno_h/module.pcm
[488/3816] CXX_MODULE obj/build/modules/linux/std_wctype_h/module.pcm
[489/3816] CXX obj/buildtools/third_party/libc++/libc++/optional.o
[490/3816] CXX_MODULE obj/build/modules/linux/std_uchar_h/module.pcm
[491/3816] CXX obj/buildtools/third_party/libc++/libc++/mutex_destructor.o
[492/3816] CXX_MODULE clang_x64_for_rust_host_build_tools/obj/build/modules/linux/std_fenv_h/module.pcm
[493/3816] CXX_MODULE clang_x64_for_rust_host_build_tools/obj/build/modules/linux/std_errno_h/module.pcm
[494/3816] CXX_MODULE clang_x64_for_rust_host_build_tools/obj/build/modules/linux/std_ctype_h/module.pcm
[495/3816] CXX_MODULE clang_x64_for_rust_host_build_tools/obj/build/modules/linux/std_float_h/module.pcm
[496/3816] CXX_MODULE obj/build/modules/linux/sys_stage2/module.pcm
[497/3816] CXX_MODULE clang_x64_for_rust_host_build_tools/obj/build/modules/linux/std_private_mbstate_t/module.pcm
[498/3816] CXX_MODULE clang_x64_for_rust_host_build_tools/obj/build/modules/linux/std_uchar_h/module.pcm
[499/3816] CXX_MODULE clang_x64_for_rust_host_build_tools/obj/build/modules/linux/std_wctype_h/module.pcm
[500/3816] CXX_MODULE clang_x64_for_rust_host_build_tools/obj/build/modules/linux/std_inttypes_h/module.pcm
[501/3816] CXX obj/buildtools/third_party/libc++/libc++/condition_variable_destructor.o
[502/3816] CXX obj/buildtools/third_party/libc++/libc++/exception.o
[503/3816] CXX_MODULE clang_x64_for_rust_host_build_tools/obj/build/modules/linux/std_string_h/module.pcm
[504/3816] CXX_MODULE clang_x64_for_rust_host_build_tools/obj/build/modules/linux/sys_stage2/module.pcm
[505/3816] CXX obj/buildtools/third_party/libc++/libc++/typeinfo.o
[506/3816] CXX_MODULE obj/build/modules/linux/std_core/module.pcm
[507/3816] CXX obj/buildtools/third_party/libc++/libc++/shared_mutex.o
[508/3816] CXX obj/buildtools/third_party/libc++/libc++/f2s.o
[509/3816] CXX obj/buildtools/third_party/libc++/libc++/call_once.o
[510/3816] CXX obj/buildtools/third_party/libc++/libc++/mutex.o
[511/3816] CXX obj/buildtools/third_party/libc++/libc++/d2s.o
[512/3816] CXX obj/buildtools/third_party/libc++/libc++/new_handler.o
[513/3816] ACTION //v8/src/inspector:protocol_compatibility(//build/toolchain/linux:clang_x64)
[514/3816] CXX obj/buildtools/third_party/libc++/libc++/d2fixed.o
[515/3816] CXX obj/buildtools/third_party/libc++/libc++/verbose_abort.o
[516/3816] CXX obj/buildtools/third_party/libc++/libc++/new.o
[517/3816] CXX obj/buildtools/third_party/libc++/libc++/variant.o
[518/3816] ACTION //third_party/perfetto/gn:gen_buildflags(//build/toolchain/linux:clang_x64)
[519/3816] CXX_MODULE clang_x64_for_rust_host_build_tools/obj/build/modules/linux/std_core/module.pcm
[520/3816] CXX_MODULE obj/build/modules/linux/std_math_h/module.pcm
[521/3816] CXX obj/buildtools/third_party/libc++/libc++/bind.o
[522/3816] CXX obj/buildtools/third_party/libc++/libc++/error_category.o
[523/3816] CXX obj/buildtools/third_party/libc++/libc++/functional.o
[524/3816] CXX obj/buildtools/third_party/libc++/libc++/valarray.o
[525/3816] CXX obj/buildtools/third_party/libc++/libc++/stdexcept.o
[526/3816] CXX obj/buildtools/third_party/libc++abi/libc++abi/cxa_virtual.o
[527/3816] CXX obj/buildtools/third_party/libc++abi/libc++abi/abort_message.o
[528/3816] CXX obj/buildtools/third_party/libc++/libc++/system_error.o
[529/3816] CXX obj/buildtools/third_party/libc++abi/libc++abi/cxa_aux_runtime.o
[530/3816] CXX obj/buildtools/third_party/libc++abi/libc++abi/cxa_vector.o
[531/3816] CXX obj/buildtools/third_party/libc++abi/libc++abi/cxa_personality.o
[532/3816] CXX obj/buildtools/third_party/libc++abi/libc++abi/stdlib_exception.o
[533/3816] CXX obj/buildtools/third_party/libc++abi/libc++abi/private_typeinfo.o
[534/3816] CXX obj/buildtools/third_party/libc++abi/libc++abi/stdlib_typeinfo.o
[535/3816] CXX_MODULE clang_x64_for_rust_host_build_tools/obj/build/modules/linux/std_math_h/module.pcm
[536/3816] CXX obj/buildtools/third_party/libc++abi/libc++abi/cxa_exception_storage.o
[537/3816] CXX obj/buildtools/third_party/libc++abi/libc++abi/fallback_malloc.o
[538/3816] CXX_MODULE clang_x64_for_rust_host_build_tools/obj/build/modules/linux/_Builtin_iso646/module.pcm
[539/3816] CXX_MODULE clang_x64_for_rust_host_build_tools/obj/build/modules/linux/_Builtin_stdatomic/module.pcm
[540/3816] CXX_MODULE clang_x64_for_rust_host_build_tools/obj/build/modules/linux/_Builtin_stdcountof/module.pcm
[541/3816] CXX_MODULE clang_x64_for_rust_host_build_tools/obj/build/modules/linux/_Builtin_stddef_wint_t/module.pcm
[542/3816] CXX_MODULE clang_x64_for_rust_host_build_tools/obj/build/modules/linux/_Builtin_stdbool/module.pcm
[543/3816] CXX_MODULE clang_x64_for_rust_host_build_tools/obj/build/modules/linux/_Builtin_stdnoreturn/module.pcm
[544/3816] CXX_MODULE clang_x64_for_rust_host_build_tools/obj/build/modules/linux/ptrauth/module.pcm
[545/3816] CXX obj/buildtools/third_party/libc++abi/libc++abi/cxa_thread_atexit.o
[546/3816] CXX_MODULE clang_x64_for_rust_host_build_tools/obj/build/modules/linux/_Builtin_unwind/module.pcm
[547/3816] CXX obj/buildtools/third_party/libc++abi/libc++abi/cxa_handlers.o
[548/3816] CXX obj/buildtools/third_party/libc++abi/libc++abi/cxa_default_handlers.o
[549/3816] CXX obj/buildtools/third_party/libc++abi/libc++abi/cxa_exception.o
[550/3816] CXX obj/buildtools/third_party/libc++/libc++/future.o
[551/3816] CXX obj/third_party/icu/icuuc_private/appendable.o
[552/3816] CXX obj/buildtools/third_party/libc++abi/libc++abi/stdlib_stdexcept.o
[553/3816] CXX obj/buildtools/third_party/libc++/libc++/hash.o
[554/3816] CXX obj/buildtools/third_party/libc++/libc++/filesystem_error.o
[555/3816] CXX obj/buildtools/third_party/libc++/libc++/vector.o
[556/3816] CXX obj/buildtools/third_party/libc++/libc++/string.o
[557/3816] CXX obj/buildtools/third_party/libc++/libc++/ios.o
[558/3816] CXX obj/buildtools/third_party/libc++/libc++/condition_variable.o
[559/3816] CXX obj/buildtools/third_party/libc++/libc++/barrier.o
[560/3816] CXX obj/buildtools/third_party/libc++abi/libc++abi/cxa_guard.o
[561/3816] CXX obj/third_party/icu/icuuc_private/bytestream.o
[562/3816] CXX obj/buildtools/third_party/libc++/libc++/strstream.o
[563/3816] CXX obj/buildtools/third_party/libc++/libc++/memory.o
[564/3816] CXX obj/buildtools/third_party/libc++/libc++/atomic.o
[565/3816] CXX obj/buildtools/third_party/libc++/libc++/algorithm.o
[566/3816] CXX obj/buildtools/third_party/libc++/libc++/thread.o
[567/3816] CXX obj/third_party/icu/icuuc_private/bytesinkutil.o
[568/3816] CXX obj/buildtools/third_party/libc++/libc++/path.o
[569/3816] CXX obj/third_party/icu/icuuc_private/cwchar.o
[570/3816] CXX obj/third_party/icu/icuuc_private/bytestrie.o
[571/3816] CXX obj/third_party/icu/icuuc_private/errorcode.o
[572/3816] CXX obj/third_party/icu/icuuc_private/dtintrv.o
[573/3816] CXX obj/third_party/icu/icuuc_private/icuplug.o
[574/3816] CXX obj/third_party/icu/icuuc_private/bmpset.o
[575/3816] CXX obj/third_party/icu/icuuc_private/bytestrieiterator.o
[576/3816] CXX obj/buildtools/third_party/libc++/libc++/random_shuffle.o
[577/3816] CXX obj/third_party/icu/icuuc_private/cstring.o
[578/3816] CXX obj/buildtools/third_party/libc++/libc++/random.o
[579/3816] CXX obj/third_party/icu/icuuc_private/cmemory.o
[580/3816] CXX obj/buildtools/third_party/libc++/libc++/regex.o
[581/3816] CXX obj/third_party/icu/icuuc_private/bytestriebuilder.o
[582/3816] CXX obj/third_party/icu/icuuc_private/chariter.o
[583/3816] CXX obj/third_party/icu/icuuc_private/cstr.o
[584/3816] CXX obj/third_party/icu/icuuc_private/icudataver.o
[585/3816] CXX obj/third_party/icu/icuuc_private/fixedstring.o
[586/3816] CXX obj/buildtools/third_party/libc++/libc++/iostream.o
[587/3816] CXX obj/third_party/icu/icuuc_private/charstr.o
[588/3816] CXX obj/third_party/icu/icuuc_private/edits.o
[589/3816] CXX obj/third_party/icu/icuuc_private/brkeng.o
[590/3816] CXX_MODULE clang_x64_for_rust_host_build_tools/obj/build/modules/linux/_Builtin_intrinsics/module.pcm
[591/3816] CXX_MODULE obj/build/modules/linux/_Builtin_intrinsics/module.pcm
[592/3816] CXX obj/buildtools/third_party/libc++/libc++/charconv.o
[593/3816] CXX obj/third_party/icu/icuuc_private/dictionarydata.o
[594/3816] CXX obj/third_party/icu/icuuc_private/localeprioritylist.o
[595/3816] CXX obj/third_party/icu/icuuc_private/brkiter.o
[596/3816] CXX obj/third_party/icu/icuuc_private/caniter.o
[597/3816] CXX obj/third_party/icu/icuuc_private/emojiprops.o
[598/3816] CXX obj/third_party/icu/icuuc_private/dictbe.o
[599/3816] CXX obj/third_party/icu/icuuc_private/filteredbrk.o
[600/3816] CXX obj/third_party/icu/icuuc_private/localebuilder.o
[601/3816] CXX obj/third_party/icu/icuuc_private/locavailable.o
[602/3816] CXX obj/third_party/icu/icuuc_private/locbased.o
[603/3816] CXX obj/third_party/icu/icuuc_private/locdispnames.o
[604/3816] CXX obj/third_party/icu/icuuc_private/filterednormalizer2.o
[605/3816] CXX obj/buildtools/third_party/libc++/libc++/ios.instantiations.o
[606/3816] CXX obj/third_party/icu/icuuc_private/loclikely.o
[607/3816] CXX obj/third_party/icu/icuuc_private/loadednormalizer2impl.o
[608/3816] CXX obj/third_party/icu/icuuc_private/characterproperties.o
[609/3816] CXX obj/third_party/icu/icuuc_private/localematcher.o
[610/3816] CXX obj/third_party/icu/icuuc_private/locdistance.o
[611/3816] CXX obj/third_party/icu/icuuc_private/parsepos.o
[612/3816] ACTION //third_party/perfetto/src/trace_processor/tables:tables_python(//build/toolchain/linux:clang_x64)
[613/3816] CXX obj/buildtools/third_party/libc++/libc++/chrono.o
[614/3816] CXX obj/third_party/icu/icuuc_private/loclikelysubtags.o
[615/3816] CXX obj/third_party/icu/icuuc_private/punycode.o
[616/3816] CXX obj/third_party/icu/icuuc_private/messagepattern.o
[617/3816] CXX obj/buildtools/third_party/libc++abi/libc++abi/cxa_demangle.o
[618/3816] CXX obj/third_party/icu/icuuc_private/locmap.o
[619/3816] CXX obj/third_party/icu/icuuc_private/lsr.o
[620/3816] CXX obj/buildtools/third_party/libc++/libc++/filesystem_clock.o
[621/3816] CXX obj/third_party/icu/icuuc_private/propsvec.o
[622/3816] CXX obj/third_party/icu/icuuc_private/locid.o
[623/3816] CXX obj/third_party/icu/icuuc_private/pluralmap.o
[624/3816] CXX obj/third_party/icu/icuuc_private/mlbe.o
[625/3816] CXX obj/third_party/icu/icuuc_private/locresdata.o
[626/3816] CXX obj/third_party/icu/icuuc_private/lstmbe.o
[627/3816] CXX obj/third_party/icu/icuuc_private/rbbinode.o
[628/3816] CXX obj/third_party/icu/icuuc_private/patternprops.o
[629/3816] CXX obj/third_party/icu/icuuc_private/locdspnm.o
[630/3816] CXX obj/third_party/icu/icuuc_private/rbbisetb.o
[631/3816] CXX obj/third_party/icu/icuuc_private/locutil.o
[632/3816] CXX obj/third_party/icu/icuuc_private/normalizer2.o
[633/3816] CXX obj/buildtools/third_party/libc++/libc++/directory_entry.o
[634/3816] CXX obj/third_party/icu/icuuc_private/ruleiter.o
[635/3816] CXX obj/third_party/icu/icuuc_private/rbbiscan.o
[636/3816] CXX obj/third_party/icu/icuuc_private/resource.o
[637/3816] ACTION //build/rust/std:find_stdlib(//build/toolchain/linux:clang_x64_for_rust_host_build_tools)
[638/3816] COPY clang_x64_for_rust_host_build_tools/obj/build/rust/std/libstd.rlib clang_x64_for_rust_host_build_tools/prebuilt_rustc_sysroot/lib/rustlib/x86_64-unknown-linux-gnu/lib/libstd.rlib
[639/3816] CXX obj/third_party/icu/icuuc_private/resbund_cnv.o
[640/3816] COPY clang_x64_for_rust_host_build_tools/obj/build/rust/std/liballoc.rlib clang_x64_for_rust_host_build_tools/prebuilt_rustc_sysroot/lib/rustlib/x86_64-unknown-linux-gnu/lib/liballoc.rlib
[641/3816] CXX obj/third_party/icu/icuuc_private/normalizer2impl.o
[642/3816] CXX obj/third_party/icu/icuuc_private/rbbidata.o
[643/3816] COPY clang_x64_for_rust_host_build_tools/obj/build/rust/std/libcfg_if.rlib clang_x64_for_rust_host_build_tools/prebuilt_rustc_sysroot/lib/rustlib/x86_64-unknown-linux-gnu/lib/libcfg_if.rlib
[644/3816] COPY clang_x64_for_rust_host_build_tools/obj/build/rust/std/libcompiler_builtins.rlib clang_x64_for_rust_host_build_tools/prebuilt_rustc_sysroot/lib/rustlib/x86_64-unknown-linux-gnu/lib/libcompiler_builtins.rlib
[645/3816] COPY clang_x64_for_rust_host_build_tools/obj/build/rust/std/libcore.rlib clang_x64_for_rust_host_build_tools/prebuilt_rustc_sysroot/lib/rustlib/x86_64-unknown-linux-gnu/lib/libcore.rlib
[646/3816] COPY clang_x64_for_rust_host_build_tools/obj/build/rust/std/libgetopts.rlib clang_x64_for_rust_host_build_tools/prebuilt_rustc_sysroot/lib/rustlib/x86_64-unknown-linux-gnu/lib/libgetopts.rlib
[647/3816] COPY clang_x64_for_rust_host_build_tools/obj/build/rust/std/libhashbrown.rlib clang_x64_for_rust_host_build_tools/prebuilt_rustc_sysroot/lib/rustlib/x86_64-unknown-linux-gnu/lib/libhashbrown.rlib
[648/3816] COPY clang_x64_for_rust_host_build_tools/obj/build/rust/std/libstd_detect.rlib clang_x64_for_rust_host_build_tools/prebuilt_rustc_sysroot/lib/rustlib/x86_64-unknown-linux-gnu/lib/libstd_detect.rlib
[649/3816] COPY clang_x64_for_rust_host_build_tools/obj/build/rust/std/libtest.rlib clang_x64_for_rust_host_build_tools/prebuilt_rustc_sysroot/lib/rustlib/x86_64-unknown-linux-gnu/lib/libtest.rlib
[650/3816] COPY clang_x64_for_rust_host_build_tools/obj/build/rust/std/libunwind.rlib clang_x64_for_rust_host_build_tools/prebuilt_rustc_sysroot/lib/rustlib/x86_64-unknown-linux-gnu/lib/libunwind.rlib
[651/3816] COPY clang_x64_for_rust_host_build_tools/obj/build/rust/std/libaddr2line.rlib clang_x64_for_rust_host_build_tools/prebuilt_rustc_sysroot/lib/rustlib/x86_64-unknown-linux-gnu/lib/libaddr2line.rlib
[652/3816] COPY clang_x64_for_rust_host_build_tools/obj/build/rust/std/libpanic_abort.rlib clang_x64_for_rust_host_build_tools/prebuilt_rustc_sysroot/lib/rustlib/x86_64-unknown-linux-gnu/lib/libpanic_abort.rlib
[653/3816] COPY clang_x64_for_rust_host_build_tools/obj/build/rust/std/librustc_demangle.rlib clang_x64_for_rust_host_build_tools/prebuilt_rustc_sysroot/lib/rustlib/x86_64-unknown-linux-gnu/lib/librustc_demangle.rlib
[654/3816] COPY clang_x64_for_rust_host_build_tools/obj/build/rust/std/libgimli.rlib clang_x64_for_rust_host_build_tools/prebuilt_rustc_sysroot/lib/rustlib/x86_64-unknown-linux-gnu/lib/libgimli.rlib
[655/3816] COPY clang_x64_for_rust_host_build_tools/obj/build/rust/std/liblibc.rlib clang_x64_for_rust_host_build_tools/prebuilt_rustc_sysroot/lib/rustlib/x86_64-unknown-linux-gnu/lib/liblibc.rlib
[656/3816] COPY clang_x64_for_rust_host_build_tools/obj/build/rust/std/libmemchr.rlib clang_x64_for_rust_host_build_tools/prebuilt_rustc_sysroot/lib/rustlib/x86_64-unknown-linux-gnu/lib/libmemchr.rlib
[657/3816] COPY clang_x64_for_rust_host_build_tools/obj/build/rust/std/libminiz_oxide.rlib clang_x64_for_rust_host_build_tools/prebuilt_rustc_sysroot/lib/rustlib/x86_64-unknown-linux-gnu/lib/libminiz_oxide.rlib
[658/3816] COPY clang_x64_for_rust_host_build_tools/obj/build/rust/std/libobject.rlib clang_x64_for_rust_host_build_tools/prebuilt_rustc_sysroot/lib/rustlib/x86_64-unknown-linux-gnu/lib/libobject.rlib
[659/3816] COPY clang_x64_for_rust_host_build_tools/obj/build/rust/std/libadler2.rlib clang_x64_for_rust_host_build_tools/prebuilt_rustc_sysroot/lib/rustlib/x86_64-unknown-linux-gnu/lib/libadler2.rlib
[660/3816] COPY clang_x64_for_rust_host_build_tools/obj/build/rust/std/libprofiler_builtins.rlib clang_x64_for_rust_host_build_tools/prebuilt_rustc_sysroot/lib/rustlib/x86_64-unknown-linux-gnu/lib/libprofiler_builtins.rlib
[661/3816] COPY clang_x64_for_rust_host_build_tools/obj/build/rust/std/libproc_macro.rlib clang_x64_for_rust_host_build_tools/prebuilt_rustc_sysroot/lib/rustlib/x86_64-unknown-linux-gnu/lib/libproc_macro.rlib
[662/3816] COPY clang_x64_for_rust_host_build_tools/obj/build/rust/std/librustc_std_workspace_core.rlib clang_x64_for_rust_host_build_tools/prebuilt_rustc_sysroot/lib/rustlib/x86_64-unknown-linux-gnu/lib/librustc_std_workspace_core.rlib
[663/3816] COPY clang_x64_for_rust_host_build_tools/obj/build/rust/std/librustc_std_workspace_std.rlib clang_x64_for_rust_host_build_tools/prebuilt_rustc_sysroot/lib/rustlib/x86_64-unknown-linux-gnu/lib/librustc_std_workspace_std.rlib
[664/3816] CXX obj/third_party/icu/icuuc_private/rbbi_cache.o
[665/3816] COPY clang_x64_for_rust_host_build_tools/obj/build/rust/std/librustc_std_workspace_alloc.rlib clang_x64_for_rust_host_build_tools/prebuilt_rustc_sysroot/lib/rustlib/x86_64-unknown-linux-gnu/lib/librustc_std_workspace_alloc.rlib
[666/3816] CXX obj/third_party/icu/icuuc_private/restrace.o
[667/3816] CXX obj/third_party/icu/icuuc_private/schriter.o
[668/3816] CXX obj/third_party/icu/icuuc_private/rbbitblb.o
[669/3816] CXX obj/third_party/icu/icuuc_private/uarrsort.o
[670/3816] CXX obj/buildtools/third_party/libc++/libc++/directory_iterator.o
[671/3816] CXX obj/third_party/icu/icuuc_private/servlk.o
[672/3816] CXX obj/third_party/icu/icuuc_private/stringtriebuilder.o
[673/3816] CXX obj/third_party/icu/icuuc_private/rbbi.o
[674/3816] CXX obj/third_party/icu/icuuc_private/resbund.o
[675/3816] CXX obj/third_party/icu/icuuc_private/rbbirb.o
[676/3816] CXX obj/third_party/icu/icuuc_private/normlzr.o
[677/3816] CXX obj/buildtools/third_party/libc++/libc++/locale.o
[678/3816] CXX obj/third_party/icu/icuuc_private/ucnvbocu.o
[679/3816] CXX obj/third_party/icu/icuuc_private/ucnv_ct.o
[680/3816] CXX obj/third_party/icu/icuuc_private/stringpiece.o
[681/3816] CXX obj/third_party/icu/icuuc_private/putil.o
[682/3816] CXX obj/third_party/icu/icuuc_private/serv.o
[683/3816] CXX obj/third_party/icu/icuuc_private/simpleformatter.o
[684/3816] CXX obj/third_party/icu/icuuc_private/ubidiln.o
[685/3816] CXX obj/third_party/icu/icuuc_private/ubidi_props.o
[686/3816] CXX obj/third_party/icu/icuuc_private/propname.o
[687/3816] CXX obj/third_party/icu/icuuc_private/rbbistbl.o
[688/3816] CXX obj/third_party/icu/icuuc_private/servlkf.o
[689/3816] CXX obj/third_party/icu/icuuc_private/ubidi.o
[690/3816] CXX obj/third_party/icu/icuuc_private/servnotf.o
[691/3816] CXX obj/third_party/icu/icuuc_private/sharedobject.o
[692/3816] CXX obj/third_party/icu/icuuc_private/ubiditransform.o
[693/3816] CXX obj/third_party/icu/icuuc_private/ubidiwrt.o
[694/3816] CXX obj/third_party/icu/icuuc_private/servls.o
[695/3816] CXX obj/third_party/icu/icuuc_private/servrbf.o
[696/3816] CXX obj/third_party/icu/icuuc_private/ucat.o
[697/3816] CXX obj/third_party/icu/icuuc_private/ucnv_lmb.o
[698/3816] CXX obj/third_party/icu/icuuc_private/ucnvhz.o
[699/3816] CXX obj/third_party/icu/icuuc_private/ucnvisci.o
[700/3816] CXX obj/buildtools/third_party/libc++/libc++/operations.o
[701/3816] CXX obj/third_party/icu/icuuc_private/ucnv_u32.o
[702/3816] CXX obj/third_party/icu/icuuc_private/ucnv_u7.o
[703/3816] CXX obj/third_party/icu/icuuc_private/ucnvscsu.o
[704/3816] CXX obj/third_party/icu/icuuc_private/servslkf.o
[705/3816] CXX obj/third_party/icu/icuuc_private/ucasemap_titlecase_brkiter.o
[706/3816] CXX obj/third_party/icu/icuuc_private/ucmndata.o
[707/3816] CXX obj/third_party/icu/icuuc_private/static_unicode_sets.o
[708/3816] CXX obj/third_party/icu/icuuc_private/ucasemap.o
[709/3816] CXX obj/third_party/icu/icuuc_private/ubrk.o
[710/3816] CXX obj/third_party/icu/icuuc_private/ucnv2022.o
[711/3816] CXX obj/third_party/icu/icuuc_private/ucase.o
[712/3816] CXX obj/third_party/icu/icuuc_private/ucln_cmn.o
[713/3816] CXX obj/third_party/icu/icuuc_private/ucptrie.o
[714/3816] CXX obj/third_party/icu/icuuc_private/uchriter.o
[715/3816] CXX obj/third_party/icu/icuuc_private/ucnv_set.o
[716/3816] CXX obj/third_party/icu/icuuc_private/udatamem.o
[717/3816] CXX obj/third_party/icu/icuuc_private/ucharstrie.o
[718/3816] CXX obj/third_party/icu/icuuc_private/uchar.o
[719/3816] CXX obj/third_party/icu/icuuc_private/uhash.o
[720/3816] CXX obj/third_party/icu/icuuc_private/ucnv_err.o
[721/3816] CXX obj/third_party/icu/icuuc_private/umath.o
[722/3816] CXX obj/third_party/icu/icuuc_private/ucharstrieiterator.o
[723/3816] CXX obj/third_party/icu/icuuc_private/unifunct.o
[724/3816] CXX obj/third_party/icu/icuuc_private/ucharstriebuilder.o
[725/3816] CXX obj/third_party/icu/icuuc_private/ucnv_bld.o
[726/3816] CXX obj/third_party/icu/icuuc_private/ucol_swp.o
[727/3816] CXX obj/third_party/icu/icuuc_private/ucnv_cnv.o
[728/3816] CXX obj/third_party/icu/icuuc_private/ucnv.o
[729/3816] CXX obj/third_party/icu/icuuc_private/ucnv_u16.o
[730/3816] CXX obj/third_party/icu/icuuc_private/ucnv_ext.o
[731/3816] CXX obj/third_party/icu/icuuc_private/ucnv_io.o
[732/3816] CXX obj/third_party/icu/icuuc_private/uinit.o
[733/3816] CXX obj/third_party/icu/icuuc_private/ucnv_cb.o
[734/3816] CXX obj/third_party/icu/icuuc_private/ucnvlat1.o
[735/3816] CXX obj/third_party/icu/icuuc_private/ucnv_u8.o
[736/3816] CXX obj/third_party/icu/icuuc_private/unifilt.o
[737/3816] CXX obj/third_party/icu/icuuc_private/udataswp.o
[738/3816] CXX obj/third_party/icu/icuuc_private/ulist.o
[739/3816] CXX obj/third_party/icu/icuuc_private/uinvchar.o
[740/3816] CXX obj/third_party/icu/icuuc_private/ucnvmbcs.o
[741/3816] CXX obj/third_party/icu/icuuc_private/uidna.o
[742/3816] CXX obj/third_party/icu/icuuc_private/umapfile.o
[743/3816] CXX obj/third_party/icu/icuuc_private/ucnvdisp.o
[744/3816] CXX obj/third_party/icu/icuuc_private/udata.o
[745/3816] CXX obj/third_party/icu/icuuc_private/uiter.o
[746/3816] CXX obj/third_party/icu/icuuc_private/uenum.o
[747/3816] CXX obj/third_party/icu/icuuc_private/umutablecptrie.o
[748/3816] CXX obj/third_party/icu/icuuc_private/ucnvsel.o
[749/3816] CXX obj/third_party/icu/icuuc_private/uhash_us.o
[750/3816] CXX obj/third_party/icu/icuuc_private/umutex.o
[751/3816] CXX obj/third_party/icu/icuuc_private/ucurr.o
[752/3816] CXX obj/third_party/icu/icuuc_private/ulocbuilder.o
[753/3816] CXX obj/third_party/icu/icuuc_private/uloc_tag.o
[754/3816] CXX obj/third_party/icu/icuuc_private/uobject.o
[755/3816] CXX obj/third_party/icu/icuuc_private/ulocale.o
[756/3816] CXX obj/third_party/icu/icuuc_private/ustack.o
[757/3816] CXX obj/third_party/icu/icuuc_private/uniset_closure.o
[758/3816] CXX obj/third_party/icu/icuuc_private/utf_impl.o
[759/3816] CXX obj/third_party/icu/icuuc_private/unistr_case.o
[760/3816] CXX obj/third_party/icu/icuuc_private/unistr_props.o
[761/3816] CXX obj/third_party/icu/icuuc_private/unames.o
[762/3816] CXX obj/third_party/icu/icuuc_private/unistr_titlecase_brkiter.o
[763/3816] CXX obj/third_party/icu/icuuc_private/ustring.o
[764/3816] CXX obj/third_party/icu/icuuc_private/unistr_case_locale.o
[765/3816] CXX obj/third_party/icu/icuuc_private/unorm.o
[766/3816] CXX obj/third_party/icu/icuuc_private/unistr_cnv.o
[767/3816] CXX obj/third_party/icu/icuuc_private/uniset.o
[768/3816] CXX obj/third_party/icu/icuuc_private/ustr_wcs.o
[769/3816] CXX obj/third_party/icu/icuuc_private/uniset_props.o
[770/3816] CXX obj/third_party/icu/icuuc_private/ustrfmt.o
[771/3816] CXX obj/third_party/icu/icuuc_private/uloc_keytype.o
[772/3816] CXX obj/third_party/icu/icuuc_private/ures_cnv.o
[773/3816] CXX obj/third_party/icu/icuuc_private/utypes.o
[774/3816] CXX obj/third_party/icu/icuuc_private/unistr.o
[775/3816] CXX obj/third_party/icu/icuuc_private/wintz.o
[776/3816] CXX obj/third_party/icu/icuuc_private/uprops.o
[777/3816] CXX obj/third_party/icu/icuuc_private/ushape.o
[778/3816] CXX obj/third_party/icu/icuuc_private/uscript_props.o
[779/3816] CXX obj/third_party/icu/icuuc_private/unisetspan.o
[780/3816] CXX obj/third_party/icu/icuuc_private/uresdata.o
[781/3816] CXX obj/third_party/icu/icuuc_private/usc_impl.o
[782/3816] CXX obj/third_party/icu/icuuc_private/uset_props.o
[783/3816] CXX obj/third_party/icu/icuuc_private/ustrcase_locale.o
[784/3816] CXX obj/third_party/icu/icuuc_private/unifiedcache.o
[785/3816] CXX obj/third_party/icu/icuuc_private/uscript.o
[786/3816] CXX obj/third_party/icu/icuuc_private/usetiter.o
[787/3816] CXX obj/third_party/icu/icuuc_private/unormcmp.o
[788/3816] CXX obj/third_party/icu/icuuc_private/uset.o
[789/3816] CXX obj/third_party/icu/icuuc_private/ustrcase.o
[790/3816] CXX obj/third_party/icu/icuuc_private/ustrtrns.o
[791/3816] CXX obj/third_party/icu/icuuc_private/uloc.o
[792/3816] CXX obj/third_party/icu/icuuc_private/utrace.o
[793/3816] CXX obj/third_party/icu/icuuc_private/utrie2.o
[794/3816] CXX obj/third_party/icu/icuuc_private/utrie_swap.o
[795/3816] CXX obj/third_party/icu/icuuc_private/utrie2_builder.o
[796/3816] CXX obj/third_party/icu/icuuc_private/uresbund.o
[797/3816] CXX obj/third_party/icu/icuuc_private/uvector.o
[798/3816] CXX obj/third_party/icu/icuuc_private/uvectr64.o
[799/3816] CXX obj/third_party/icu/icuuc_private/util_props.o
[800/3816] CXX obj/third_party/icu/icuuc_private/ustr_titlecase_brkiter.o
[801/3816] CXX obj/third_party/icu/icuuc_private/ustr_cnv.o
[802/3816] CXX obj/third_party/icu/icuuc_private/utrie.o
[803/3816] CXX obj/third_party/icu/icuuc_private/stubdata.o
[804/3816] CXX obj/third_party/icu/icui18n/collation.o
[805/3816] CXX obj/third_party/icu/icuuc_private/uvectr32.o
[806/3816] CXX obj/third_party/icu/icuuc_private/util.o
[807/3816] CXX obj/third_party/icu/icui18n/collationfcd.o
[808/3816] CXX obj/third_party/icu/icui18n/cecal.o
[809/3816] CXX obj/third_party/icu/icui18n/bocsu.o
[810/3816] CXX obj/third_party/icu/icuuc_private/utext.o
[811/3816] CXX obj/third_party/icu/icuuc_private/usprep.o
[812/3816] CXX obj/third_party/icu/icuuc_private/ustrenum.o
[813/3816] CXX obj/third_party/icu/icuuc_private/uts46.o
[814/3816] CXX obj/third_party/icu/icui18n/basictz.o
[815/3816] CXX obj/third_party/icu/icui18n/collationrootelements.o
[816/3816] CXX obj/third_party/icu/icui18n/csrutf8.o
[817/3816] CXX obj/third_party/icu/icui18n/csrecog.o
[818/3816] CXX obj/third_party/icu/icui18n/csrucode.o
[819/3816] CXX obj/third_party/icu/icui18n/csr2022.o
[820/3816] CXX obj/third_party/icu/icui18n/astro.o
[821/3816] CXX obj/third_party/icu/icui18n/csdetect.o
[822/3816] CXX obj/third_party/icu/icui18n/csrsbcs.o
[823/3816] CXX obj/third_party/icu/icui18n/casetrn.o
[824/3816] CXX obj/third_party/icu/icui18n/collationweights.o
[825/3816] CXX obj/third_party/icu/icui18n/alphaindex.o
[826/3816] CXX obj/third_party/icu/icui18n/collationkeys.o
[827/3816] CXX obj/third_party/icu/icui18n/anytrans.o
[828/3816] CXX obj/third_party/icu/icui18n/csrmbcs.o
[829/3816] CXX obj/third_party/icu/icui18n/csmatch.o
[830/3816] CXX obj/third_party/icu/icui18n/chnsecal.o
[831/3816] CXX obj/third_party/icu/icui18n/decContext.o
[832/3816] CXX obj/third_party/icu/icui18n/collationdatabuilder.o
[833/3816] CXX obj/third_party/icu/icui18n/collationfastlatinbuilder.o
[834/3816] CXX obj/third_party/icu/icui18n/collationdata.o
[835/3816] CXX obj/third_party/icu/icui18n/collationiterator.o
[836/3816] CXX obj/third_party/icu/icui18n/brktrans.o
[837/3816] CXX obj/third_party/icu/icui18n/buddhcal.o
[838/3816] CXX obj/third_party/icu/icui18n/collationcompare.o
[839/3816] CXX obj/third_party/icu/icui18n/collationfastlatin.o
[840/3816] CXX obj/third_party/icu/icui18n/cpdtrans.o
[841/3816] CXX obj/third_party/icu/icui18n/collationroot.o
[842/3816] CXX obj/third_party/icu/icui18n/collationdatawriter.o
[843/3816] CXX obj/third_party/icu/icui18n/collationdatareader.o
[844/3816] CXX obj/third_party/icu/icui18n/curramt.o
[845/3816] SOLINK ./libc++.so
[846/3816] CXX obj/third_party/icu/icui18n/dtrule.o
[847/3816] CXX obj/third_party/icu/icui18n/collationtailoring.o
[848/3816] CXX obj/third_party/icu/icui18n/double-conversion-bignum.o
[849/3816] CXX obj/third_party/icu/icui18n/currunit.o
[850/3816] CXX obj/third_party/icu/icui18n/collationsettings.o
[851/3816] CXX obj/third_party/icu/icui18n/double-conversion-fast-dtoa.o
[852/3816] CXX obj/third_party/icu/icui18n/double-conversion-cached-powers.o
[853/3816] CXX obj/third_party/icu/icui18n/double-conversion-bignum-dtoa.o
[854/3816] CXX obj/third_party/icu/icui18n/displayoptions.o
[855/3816] CXX obj/third_party/icu/icui18n/coptccal.o
[856/3816] CXX obj/third_party/icu/icui18n/double-conversion-strtod.o
[857/3816] CXX obj/third_party/icu/icui18n/currfmt.o
[858/3816] CXX obj/third_party/icu/icui18n/double-conversion-double-to-string.o
[859/3816] CXX obj/third_party/icu/icui18n/double-conversion-string-to-double.o
[860/3816] CXX obj/third_party/icu/icui18n/choicfmt.o
[861/3816] CXX obj/third_party/icu/icui18n/coleitr.o
[862/3816] CXX obj/third_party/icu/icui18n/collationruleparser.o
[863/3816] CXX obj/third_party/icu/icui18n/collationsets.o
[864/3816] CXX obj/third_party/icu/icui18n/coll.o
[865/3816] CXX obj/third_party/icu/icui18n/dayperiodrules.o
[866/3816] CXX obj/third_party/icu/icui18n/decNumber.o
[867/3816] CXX obj/third_party/icu/icui18n/collationbuilder.o
[868/3816] CXX obj/third_party/icu/icui18n/currpinf.o
[869/3816] CXX obj/third_party/icu/icui18n/dangical.o
[870/3816] CXX obj/third_party/icu/icui18n/fmtable_cnv.o
[871/3816] CXX obj/third_party/icu/icui18n/format.o
[872/3816] CXX obj/third_party/icu/icui18n/fpositer.o
[873/3816] CXX obj/third_party/icu/icui18n/erarules.o
[874/3816] CXX obj/third_party/icu/icui18n/esctrn.o
[875/3816] CXX obj/third_party/icu/icui18n/dcfmtsym.o
[876/3816] CXX obj/third_party/icu/icui18n/ethpccal.o
[877/3816] CXX obj/third_party/icu/icui18n/calendar.o
[878/3816] CXX obj/third_party/icu/icui18n/inputext.o
[879/3816] CXX obj/third_party/icu/icui18n/formattedval_iterimpl.o
[880/3816] CXX obj/third_party/icu/icui18n/formatted_string_builder.o
[881/3816] CXX obj/third_party/icu/icui18n/funcrepl.o
[882/3816] CXX obj/third_party/icu/icui18n/formattedvalue.o
[883/3816] CXX obj/third_party/icu/icui18n/hebrwcal.o
[884/3816] CXX obj/third_party/icu/icui18n/dtitvinf.o
[885/3816] CXX obj/third_party/icu/icui18n/measure.o
[886/3816] CXX obj/third_party/icu/icui18n/fphdlimp.o
[887/3816] CXX obj/third_party/icu/icui18n/gregoimp.o
[888/3816] CXX obj/third_party/icu/icui18n/datefmt.o
[889/3816] CXX obj/third_party/icu/icui18n/dtitvfmt.o
[890/3816] CXX obj/third_party/icu/icui18n/gregocal.o
[891/3816] CXX obj/third_party/icu/icui18n/indiancal.o
[892/3816] CXX obj/third_party/icu/icui18n/gender.o
[893/3816] CXX obj/third_party/icu/icui18n/fmtable.o
[894/3816] CXX obj/third_party/icu/icui18n/japancal.o
[895/3816] CXX obj/third_party/icu/icui18n/measunit.o
[896/3816] CXX obj/third_party/icu/icui18n/iso8601cal.o
[897/3816] CXX obj/third_party/icu/icui18n/name2uni.o
[898/3816] CXX obj/third_party/icu/icui18n/islamcal.o
[899/3816] CXX obj/third_party/icu/icui18n/measunit_extra.o
[900/3816] CXX obj/third_party/icu/icui18n/listformatter.o
[901/3816] CXX obj/third_party/icu/icui18n/messageformat2_errors.o
[902/3816] CXX obj/third_party/icu/icui18n/dtptngen.o
[903/3816] CXX obj/third_party/icu/icui18n/nortrans.o
[904/3816] CXX obj/third_party/icu/icui18n/dtfmtsym.o
[905/3816] CXX obj/third_party/icu/icui18n/nultrans.o
[906/3816] CXX obj/third_party/icu/icui18n/compactdecimalformat.o
[907/3816] CXX obj/third_party/icu/icui18n/msgfmt.o
[908/3816] CXX obj/third_party/icu/icui18n/number_asformat.o
[909/3816] CXX obj/third_party/icu/icui18n/formattedval_sbimpl.o
[910/3816] CXX obj/third_party/icu/icui18n/nfrule.o
[911/3816] CXX obj/third_party/icu/icui18n/nfrs.o
[912/3816] CXX obj/third_party/icu/icui18n/nfsubs.o
[913/3816] CXX obj/third_party/icu/icui18n/number_capi.o
[914/3816] CXX obj/third_party/icu/icui18n/number_affixutils.o
[915/3816] CXX obj/third_party/icu/icui18n/number_integerwidth.o
[916/3816] CXX obj/third_party/icu/icui18n/measfmt.o
[917/3816] CXX obj/third_party/icu/icui18n/messageformat2_formattable.o
[918/3816] CXX obj/third_party/icu/icui18n/number_currencysymbols.o
[919/3816] CXX obj/third_party/icu/icui18n/number_notation.o
[920/3816] CXX obj/third_party/icu/icui18n/number_grouping.o
[921/3816] CXX obj/third_party/icu/icui18n/number_decimfmtprops.o
[922/3816] CXX obj/third_party/icu/icui18n/decimfmt.o
[923/3816] CXX obj/third_party/icu/icui18n/messageformat2_serializer.o
[924/3816] CXX obj/third_party/icu/icui18n/number_compact.o
[925/3816] CXX obj/third_party/icu/icui18n/number_padding.o
[926/3816] CXX obj/third_party/icu/icui18n/number_multiplier.o
[927/3816] CXX obj/third_party/icu/icui18n/number_decimalquantity.o
[928/3816] CXX obj/third_party/icu/icui18n/number_formatimpl.o
[929/3816] CXX obj/third_party/icu/icui18n/number_mapper.o
[930/3816] CXX obj/third_party/icu/icui18n/messageformat2_data_model.o
[931/3816] CXX obj/third_party/icu/icui18n/number_rounding.o
[932/3816] CXX obj/third_party/icu/icui18n/number_patternmodifier.o
[933/3816] CXX obj/third_party/icu/icui18n/messageformat2_checker.o
[934/3816] CXX obj/third_party/icu/icui18n/messageformat2_arguments.o
[935/3816] CXX obj/third_party/icu/icui18n/number_modifiers.o
[936/3816] CXX obj/third_party/icu/icui18n/number_fluent.o
[937/3816] CXX obj/third_party/icu/icui18n/number_scientific.o
[938/3816] CXX obj/third_party/icu/icui18n/messageformat2.o
[939/3816] CXX obj/third_party/icu/icui18n/numparse_currency.o
[940/3816] CXX obj/third_party/icu/icui18n/messageformat2_formatter.o
[941/3816] CXX obj/third_party/icu/icui18n/number_patternstring.o
[942/3816] CXX obj/third_party/icu/icui18n/number_output.o
[943/3816] CXX obj/third_party/icu/icui18n/number_symbolswrapper.o
[944/3816] CXX obj/third_party/icu/icui18n/messageformat2_parser.o
[945/3816] CXX obj/third_party/icu/icui18n/numparse_scientific.o
[946/3816] CXX obj/third_party/icu/icui18n/number_usageprefs.o
[947/3816] CXX obj/third_party/icu/icui18n/numparse_parsednumber.o
[948/3816] CXX obj/third_party/icu/icui18n/number_longnames.o
[949/3816] CXX obj/third_party/icu/icui18n/number_simple.o
[950/3816] CXX obj/third_party/icu/icui18n/numparse_validators.o
[951/3816] CXX obj/third_party/icu/icui18n/number_utils.o
[952/3816] CXX obj/third_party/icu/icui18n/numparse_symbols.o
[953/3816] CXX obj/third_party/icu/icui18n/numparse_compositions.o
[954/3816] CXX obj/third_party/icu/icui18n/numparse_decimal.o
[955/3816] CXX obj/third_party/icu/icui18n/messageformat2_function_registry.o
[956/3816] CXX obj/third_party/icu/icui18n/messageformat2_evaluation.o
[957/3816] CXX obj/third_party/icu/icui18n/quant.o
[958/3816] CXX obj/third_party/icu/icui18n/numfmt.o
[959/3816] CXX obj/third_party/icu/icui18n/numparse_affixes.o
[960/3816] CXX obj/third_party/icu/icui18n/olsontz.o
[961/3816] CXX obj/third_party/icu/icui18n/persncal.o
[962/3816] CXX obj/third_party/icu/icui18n/quantityformatter.o
[963/3816] CXX obj/third_party/icu/icui18n/numparse_impl.o
[964/3816] CXX obj/third_party/icu/icui18n/numsys.o
[965/3816] CXX obj/third_party/icu/icui18n/number_skeletons.o
[966/3816] CXX obj/third_party/icu/icui18n/rbt_set.o
[967/3816] CXX obj/third_party/icu/icui18n/rbnf.o
[968/3816] CXX obj/third_party/icu/icui18n/regeximp.o
[969/3816] CXX obj/third_party/icu/icui18n/repattrn.o
[970/3816] CXX obj/third_party/icu/icui18n/numrange_fluent.o
[971/3816] CXX obj/third_party/icu/icui18n/rbt_data.o
[972/3816] CXX obj/third_party/icu/icui18n/scriptset.o
[973/3816] CXX obj/third_party/icu/icui18n/numrange_capi.o
[974/3816] CXX obj/third_party/icu/icui18n/remtrans.o
[975/3816] CXX obj/third_party/icu/icui18n/pluralranges.o
[976/3816] CXX obj/third_party/icu/icui18n/plurfmt.o
[977/3816] CXX obj/third_party/icu/icui18n/numrange_impl.o
[978/3816] CXX obj/third_party/icu/icui18n/regextxt.o
[979/3816] CXX obj/third_party/icu/icui18n/scientificnumberformatter.o
[980/3816] CXX obj/third_party/icu/icui18n/regexcmp.o
[981/3816] CXX obj/third_party/icu/icui18n/rbt_rule.o
[982/3816] CXX obj/third_party/icu/icui18n/rbt.o
[983/3816] CXX obj/third_party/icu/icui18n/rbtz.o
[984/3816] CXX obj/third_party/icu/icui18n/selfmt.o
[985/3816] CXX obj/third_party/icu/icui18n/rbt_pars.o
[986/3816] CXX obj/third_party/icu/icui18n/reldtfmt.o
[987/3816] CXX obj/third_party/icu/icui18n/regexst.o
[988/3816] CXX obj/third_party/icu/icui18n/sharedbreakiterator.o
[989/3816] CXX obj/third_party/icu/icui18n/region.o
[990/3816] CXX obj/third_party/icu/icui18n/search.o
[991/3816] CXX obj/third_party/icu/icui18n/strrepl.o
[992/3816] CXX obj/third_party/icu/icui18n/simpletz.o
[993/3816] CXX obj/third_party/icu/icui18n/rematch.o
[994/3816] CXX obj/third_party/icu/icui18n/plurrule.o
[995/3816] CXX obj/third_party/icu/icui18n/tmunit.o
[996/3816] CXX obj/third_party/icu/icui18n/standardplural.o
[997/3816] CXX obj/third_party/icu/icui18n/stsearch.o
[998/3816] CXX obj/third_party/icu/icui18n/tmutamt.o
[999/3816] CXX obj/third_party/icu/icui18n/ucln_in.o
[1000/3816] CXX obj/third_party/icu/icui18n/string_segment.o
[1001/3816] CXX obj/third_party/icu/icui18n/tolowtrn.o
[1002/3816] CXX obj/third_party/icu/icui18n/ucsdet.o
[1003/3816] CXX obj/third_party/icu/icui18n/toupptrn.o
[1004/3816] CXX obj/third_party/icu/icui18n/rulebasedcollator.o
[1005/3816] CXX obj/third_party/icu/icui18n/strmatch.o
[1006/3816] CXX obj/third_party/icu/icui18n/tztrans.o
[1007/3816] CXX obj/third_party/icu/icui18n/taiwncal.o
[1008/3816] CXX obj/third_party/icu/icui18n/smpdtfst.o
[1009/3816] CXX obj/third_party/icu/icui18n/sortkey.o
[1010/3816] CXX obj/third_party/icu/icui18n/transreg.o
[1011/3816] CXX obj/third_party/icu/icui18n/ufieldpositer.o
[1012/3816] CXX obj/third_party/icu/icui18n/tmutfmt.o
[1013/3816] CXX obj/third_party/icu/icui18n/reldatefmt.o
[1014/3816] CXX obj/third_party/icu/icui18n/timezone.o
[1015/3816] CXX obj/third_party/icu/icui18n/tzrule.o
[1016/3816] CXX obj/third_party/icu/icui18n/ucal.o
[1017/3816] CXX obj/third_party/icu/icui18n/udatpg.o
[1018/3816] CXX obj/third_party/icu/icui18n/tznames.o
[1019/3816] CXX obj/third_party/icu/icui18n/tridpars.o
[1020/3816] CXX obj/third_party/icu/icui18n/ucol.o
[1021/3816] CXX obj/third_party/icu/icui18n/titletrn.o
[1022/3816] CXX obj/third_party/icu/icui18n/ucoleitr.o
[1023/3816] CXX obj/third_party/icu/icui18n/translit.o
[1024/3816] CXX obj/third_party/icu/icui18n/windtfmt.o
[1025/3816] CXX obj/third_party/icu/icui18n/udateintervalformat.o
[1026/3816] CXX obj/third_party/icu/icui18n/uregexc.o
[1027/3816] CXX obj/third_party/icu/icui18n/ulistformatter.o
[1028/3816] CXX obj/third_party/icu/icui18n/ulocdata.o
[1029/3816] CXX obj/third_party/icu/icui18n/tznames_impl.o
[1030/3816] CXX obj/third_party/icu/icui18n/udat.o
[1031/3816] CXX obj/third_party/icu/icui18n/unesctrn.o
[1032/3816] CXX obj/third_party/icu/icui18n/tzfmt.o
[1033/3816] CXX obj/third_party/icu/icui18n/tzgnames.o
[1034/3816] CXX obj/third_party/icu/icui18n/units_complexconverter.o
[1035/3816] CXX obj/third_party/icu/icui18n/ucol_sit.o
[1036/3816] CXX obj/third_party/icu/icui18n/smpdtfmt.o
[1037/3816] CXX obj/third_party/icu/icui18n/uitercollationiterator.o
[1038/3816] CXX obj/third_party/icu/icui18n/unumsys.o
[1039/3816] CXX obj/third_party/icu/icui18n/ucol_res.o
[1040/3816] CXX obj/third_party/icu/icui18n/uni2name.o
[1041/3816] CXX obj/third_party/icu/icui18n/umsg.o
[1042/3816] CXX obj/third_party/icu/icui18n/units_router.o
[1043/3816] CXX obj/third_party/icu/icui18n/wintzimpl.o
[1044/3816] CXX obj/third_party/icu/icui18n/utmscale.o
[1045/3816] CXX obj/third_party/icu/icui18n/winnmfmt.o
[1046/3816] CXX obj/third_party/icu/icui18n/unum.o
[1047/3816] CXX obj/third_party/icu/icui18n/usearch.o
[1048/3816] CXX obj/third_party/icu/icui18n/utrans.o
[1049/3816] CXX obj/third_party/icu/icui18n/ztrans.o
[1050/3816] CXX obj/third_party/icu/icui18n/vtzone.o
[1051/3816] CXX obj/third_party/icu/icui18n/uregion.o
[1052/3816] CXX obj/third_party/icu/icui18n/uspoof_build.o
[1053/3816] CXX obj/third_party/icu/icui18n/units_data.o
[1054/3816] CXX obj/third_party/icu/icui18n/units_converter.o
[1055/3816] CXX obj/third_party/icu/icui18n/utf16collationiterator.o
[1056/3816] CXX obj/third_party/icu/icui18n/uregex.o
[1057/3816] CXX obj/third_party/icu/icui18n/upluralrules.o
[1058/3816] CXX obj/third_party/icu/icui18n/uspoof_conf.o
[1059/3816] CXX obj/third_party/icu/icui18n/uspoof.o
[1060/3816] CXX obj/third_party/icu/icui18n/utf8collationiterator.o
[1061/3816] CXX obj/third_party/icu/icui18n/vzone.o
[1062/3816] CXX obj/third_party/icu/icui18n/zrule.o
[1063/3816] CXX obj/third_party/icu/icui18n/uspoof_impl.o
[1064/3816] CXX obj/third_party/icu/icui18n/zonemeta.o
[1065/3816] CXX_MODULE clang_x64_for_rust_host_build_tools/obj/build/modules/linux/std/module.pcm
[1066/3816] CXX_MODULE obj/build/modules/linux/std/module.pcm
[1067/3816] CXX_MODULE clang_x64_for_rust_host_build_tools/obj/build/modules/linux/std_complex_h/module.pcm
[1068/3816] CXX_MODULE clang_x64_for_rust_host_build_tools/obj/build/modules/linux/std_tgmath_h/module.pcm
[1069/3816] CXX_MODULE clang_x64_for_rust_host_build_tools/obj/build/modules/linux/std_stdatomic_h/module.pcm
[1070/3816] CXX_MODULE obj/build/modules/linux/std_tgmath_h/module.pcm
[1071/3816] CXX_MODULE obj/build/modules/linux/std_complex_h/module.pcm
[1072/3816] CXX_MODULE obj/build/modules/linux/std_stdatomic_h/module.pcm
[1073/3816] CXX clang_x64_for_rust_host_build_tools/obj/build/rust/allocator/alloc_error_handler_impl/alias.o
[1074/3816] ACTION //build:chromeos_buildflags(//build/toolchain/linux:clang_x64)
[1075/3816] CXX clang_x64_for_rust_host_build_tools/obj/build/rust/allocator/alloc_error_handler_impl/alloc_error_handler_impl.o
[1076/3816] CXX obj/third_party/abseil-cpp/absl/base/tracing_internal/tracing.o
[1077/3816] CC obj/third_party/compiler-rt/atomic/atomic.o
[1078/3816] CXX obj/third_party/abseil-cpp/absl/debugging/leak_check/leak_check.o
[1079/3816] CXX obj/third_party/abseil-cpp/absl/debugging/debugging_internal/address_is_readable.o
[1080/3816] CXX obj/third_party/abseil-cpp/absl/base/base/casts.o
[1081/3816] CXX obj/third_party/abseil-cpp/absl/debugging/decode_rust_punycode/decode_rust_punycode.o
[1082/3816] CXX obj/third_party/abseil-cpp/absl/base/base/unscaledcycleclock.o
[1083/3816] CXX obj/third_party/abseil-cpp/absl/base/base/thread_identity.o
[1084/3816] CXX obj/third_party/abseil-cpp/absl/base/spinlock_wait/spinlock_wait.o
[1085/3816] CXX obj/third_party/abseil-cpp/absl/base/base/cycleclock.o
[1086/3816] CXX obj/third_party/abseil-cpp/absl/debugging/demangle_rust/demangle_rust.o
[1087/3816] CXX obj/third_party/abseil-cpp/absl/debugging/debugging_internal/elf_mem_image.o
[1088/3816] CXX obj/third_party/abseil-cpp/absl/debugging/examine_stack/examine_stack.o
[1089/3816] CXX obj/third_party/abseil-cpp/absl/debugging/failure_signal_handler/failure_signal_handler.o
[1090/3816] CXX obj/third_party/abseil-cpp/absl/crc/cpu_detect/cpu_detect.o
[1091/3816] CXX obj/third_party/abseil-cpp/absl/base/log_severity/log_severity.o
[1092/3816] CXX obj/third_party/abseil-cpp/absl/base/strerror/strerror.o
[1093/3816] CXX obj/third_party/abseil-cpp/absl/debugging/utf8_for_code_point/utf8_for_code_point.o
[1094/3816] CXX obj/third_party/abseil-cpp/absl/base/base/spinlock.o
[1095/3816] CXX obj/third_party/abseil-cpp/absl/base/throw_delegate/throw_delegate.o
[1096/3816] CXX obj/third_party/abseil-cpp/absl/flags/commandlineflag_internal/commandlineflag.o
[1097/3816] CXX obj/third_party/abseil-cpp/absl/debugging/stacktrace/stacktrace.o
[1098/3816] CXX obj/third_party/abseil-cpp/absl/debugging/debugging_internal/vdso_support.o
[1099/3816] CXX obj/third_party/abseil-cpp/absl/base/raw_logging_internal/raw_logging.o
[1100/3816] CXX obj/third_party/abseil-cpp/absl/debugging/demangle_internal/demangle.o
[1101/3816] CXX obj/third_party/abseil-cpp/absl/base/malloc_internal/low_level_alloc.o
[1102/3816] CXX obj/third_party/abseil-cpp/absl/crc/crc_internal/crc_x86_arm_combined.o
[1103/3816] CXX obj/third_party/abseil-cpp/absl/base/base/sysinfo.o
[1104/3816] CXX obj/third_party/abseil-cpp/absl/container/hashtablez_sampler/hashtablez_sampler_force_weak_definition.o
[1105/3816] RUST(BIN) clang_x64_for_rust_host_build_tools/icu_calendar_data_lib_v2_build_script clang_x64_for_rust_host_build_tools/obj/third_party/rust/icu_calendar_data/v2/icu_calendar_data_lib_v2_build_script.rustflags.json clang_x64_for_rust_host_build_tools/obj/third_party/rust/icu_calendar_data/v2/icu_calendar_data_lib_v2_build_script.rsp.rust
[1106/3816] CXX obj/third_party/abseil-cpp/absl/crc/crc_internal/crc.o
[1107/3816] CXX obj/third_party/abseil-cpp/absl/hash/city/city.o
[1108/3816] CXX obj/third_party/abseil-cpp/absl/flags/private_handle_accessor/private_handle_accessor.o
[1109/3816] CXX obj/third_party/abseil-cpp/absl/flags/commandlineflag/commandlineflag.o
[1110/3816] CXX obj/third_party/abseil-cpp/absl/log/internal/fnmatch/fnmatch.o
[1111/3816] CXX obj/third_party/abseil-cpp/absl/log/internal/conditions/conditions.o
[1112/3816] CXX obj/third_party/abseil-cpp/absl/log/internal/nullguard/nullguard.o
[1113/3816] CXX obj/third_party/abseil-cpp/absl/profiling/exponential_biased/exponential_biased.o
[1114/3816] CXX obj/third_party/abseil-cpp/absl/crc/crc32c/crc32c.o
[1115/3816] CXX obj/third_party/abseil-cpp/absl/crc/crc32c/crc_memcpy_fallback.o
[1116/3816] CXX obj/third_party/abseil-cpp/absl/container/hashtablez_sampler/hashtablez_sampler.o
[1117/3816] CXX obj/third_party/abseil-cpp/absl/debugging/symbolize/symbolize.o
[1118/3816] RUST(BIN) clang_x64_for_rust_host_build_tools/icu_locale_data_lib_v2_build_script clang_x64_for_rust_host_build_tools/obj/third_party/rust/icu_locale_data/v2/icu_locale_data_lib_v2_build_script.rustflags.json clang_x64_for_rust_host_build_tools/obj/third_party/rust/icu_locale_data/v2/icu_locale_data_lib_v2_build_script.rsp.rust
[1119/3816] CXX obj/third_party/abseil-cpp/absl/log/initialize/initialize.o
[1120/3816] CXX obj/third_party/abseil-cpp/absl/log/log_sink/log_sink.o
[1121/3816] CXX obj/third_party/abseil-cpp/absl/log/internal/proto/proto.o
[1122/3816] CXX obj/third_party/abseil-cpp/absl/random/seed_gen_exception/seed_gen_exception.o
[1123/3816] CXX obj/third_party/abseil-cpp/absl/flags/usage/usage.o
[1124/3816] CXX obj/third_party/abseil-cpp/absl/log/internal/structured_proto/structured_proto.o
[1125/3816] CXX obj/third_party/abseil-cpp/absl/flags/program_name/program_name.o
[1126/3816] CXX obj/third_party/abseil-cpp/absl/log/internal/globals/globals.o
[1127/3816] RUST(BIN) clang_x64_for_rust_host_build_tools/std_std_vunknown_build_script clang_x64_for_rust_host_build_tools/obj/build/rust/std/rules/std_std_vunknown_build_script.rustflags.json clang_x64_for_rust_host_build_tools/obj/build/rust/std/rules/std_std_vunknown_build_script.rsp.rust
[1128/3816] CXX obj/third_party/abseil-cpp/absl/log/globals/globals.o
[1129/3816] CXX obj/third_party/abseil-cpp/absl/numeric/int128/int128.o
[1130/3816] CXX obj/third_party/abseil-cpp/absl/crc/crc_cord_state/crc_cord_state.o
[1131/3816] CXX obj/third_party/abseil-cpp/absl/hash/hash/hash.o
[1132/3816] CXX obj/third_party/abseil-cpp/absl/crc/crc32c/crc_memcpy_x86_arm_combined.o
[1133/3816] CXX obj/third_party/abseil-cpp/absl/flags/config/usage_config.o
[1134/3816] CXX obj/third_party/abseil-cpp/absl/log/internal/format/log_format.o
[1135/3816] CXX obj/third_party/abseil-cpp/absl/log/internal/log_sink_set/log_sink_set.o
[1136/3816] CXX obj/third_party/abseil-cpp/absl/flags/flag_internal/flag.o
[1137/3816] CXX obj/third_party/abseil-cpp/absl/log/die_if_null/die_if_null.o
[1138/3816] CXX obj/third_party/abseil-cpp/absl/log/internal/check_op/check_op.o
[1139/3816] CXX obj/third_party/abseil-cpp/absl/crc/crc32c/crc_non_temporal_memcpy.o
[1140/3816] CXX obj/third_party/abseil-cpp/absl/random/internal/platform/randen_round_keys.o
[1141/3816] CXX obj/third_party/abseil-cpp/absl/strings/internal/utf8.o
[1142/3816] CXX obj/third_party/abseil-cpp/absl/strings/cordz_functions/cordz_functions.o
[1143/3816] CXX obj/third_party/abseil-cpp/absl/log/internal/log_message/log_message.o
[1144/3816] RUST(BIN) clang_x64_for_rust_host_build_tools/object_object_vunknown_build_script clang_x64_for_rust_host_build_tools/obj/build/rust/std/rules/object_object_vunknown_build_script.rustflags.json clang_x64_for_rust_host_build_tools/obj/build/rust/std/rules/object_object_vunknown_build_script.rsp.rust
[1145/3816] CXX obj/third_party/abseil-cpp/absl/log/internal/vlog_config/vlog_config.o
[1146/3816] ACTION //v8/src/inspector:protocol_generated_sources(//build/toolchain/linux:clang_x64)
[1147/3816] CXX obj/third_party/abseil-cpp/absl/strings/str_format_internal/extension.o
[1148/3816] CXX obj/third_party/abseil-cpp/absl/random/internal/randen_hwaes/randen_detect.o
[1149/3816] CXX obj/third_party/abseil-cpp/absl/random/internal/randen/randen.o
[1150/3816] CXX obj/third_party/abseil-cpp/absl/random/internal/randen_hwaes_impl/randen_hwaes.o
[1151/3816] CXX obj/third_party/abseil-cpp/absl/strings/cord_internal/cord_rep_consume.o
[1152/3816] CXX obj/third_party/abseil-cpp/absl/strings/str_format_internal/output.o
[1153/3816] CXX obj/third_party/abseil-cpp/absl/random/internal/randen_slow/randen_slow.o
[1154/3816] CXX obj/third_party/abseil-cpp/absl/strings/internal/ostringstream.o
[1155/3816] CXX obj/third_party/abseil-cpp/absl/flags/usage_internal/usage.o
[1156/3816] CXX obj/third_party/abseil-cpp/absl/random/distributions/gaussian_distribution.o
[1157/3816] CXX obj/third_party/abseil-cpp/absl/strings/internal/escaping.o
[1158/3816] CXX obj/third_party/abseil-cpp/absl/strings/cordz_handle/cordz_handle.o
[1159/3816] CXX obj/third_party/abseil-cpp/absl/random/internal/entropy_pool/entropy_pool.o
[1160/3816] CXX obj/third_party/abseil-cpp/absl/strings/strings/stringify_sink.o
[1161/3816] CXX obj/third_party/abseil-cpp/absl/strings/strings/ascii.o
[1162/3816] CXX obj/third_party/abseil-cpp/absl/strings/strings/damerau_levenshtein_distance.o
[1163/3816] CXX obj/third_party/abseil-cpp/absl/strings/cord_internal/cord_rep_btree_reader.o
[1164/3816] CXX obj/third_party/abseil-cpp/absl/strings/str_format_internal/arg.o
[1165/3816] CXX obj/third_party/abseil-cpp/absl/random/seed_sequences/seed_sequences.o
[1166/3816] CXX obj/third_party/abseil-cpp/absl/log/log_entry/log_entry.o
[1167/3816] CXX obj/third_party/abseil-cpp/absl/strings/cord_internal/cord_rep_btree_navigator.o
[1168/3816] CXX obj/third_party/abseil-cpp/absl/strings/strings/charconv_parse.o
[1169/3816] CXX obj/third_party/abseil-cpp/absl/strings/strings/memutil.o
[1170/3816] CXX obj/third_party/abseil-cpp/absl/strings/str_format_internal/bind.o
[1171/3816] CXX obj/third_party/abseil-cpp/absl/random/internal/seed_material/seed_material.o
[1172/3816] CXX obj/third_party/abseil-cpp/absl/synchronization/synchronization/win32_waiter.o
[1173/3816] CXX obj/third_party/abseil-cpp/absl/random/distributions/discrete_distribution.o
[1174/3816] RUST(BIN) clang_x64_for_rust_host_build_tools/test_test_vunknown_build_script clang_x64_for_rust_host_build_tools/obj/build/rust/std/rules/test_test_vunknown_build_script.rustflags.json clang_x64_for_rust_host_build_tools/obj/build/rust/std/rules/test_test_vunknown_build_script.rsp.rust
[1175/3816] CXX obj/third_party/abseil-cpp/absl/strings/strings/charconv.o
[1176/3816] CXX obj/third_party/abseil-cpp/absl/strings/strings/charconv_bigint.o
[1177/3816] CXX obj/third_party/abseil-cpp/absl/strings/cord_internal/cord_rep_btree.o
[1178/3816] CXX obj/third_party/abseil-cpp/absl/strings/strings/str_cat.o
[1179/3816] CXX obj/third_party/abseil-cpp/absl/strings/strings/match.o
[1180/3816] CXX obj/third_party/abseil-cpp/absl/flags/marshalling/marshalling.o
[1181/3816] CXX obj/third_party/abseil-cpp/absl/strings/strings/escaping.o
[1182/3816] CXX obj/third_party/abseil-cpp/absl/status/status/status_payload_printer.o
[1183/3816] CXX obj/third_party/abseil-cpp/absl/strings/cord_internal/cord_rep_crc.o
[1184/3816] CXX obj/third_party/abseil-cpp/absl/container/raw_hash_set/raw_hash_set.o
[1185/3816] CXX obj/third_party/abseil-cpp/absl/strings/str_format_internal/parser.o
[1186/3816] CXX obj/third_party/abseil-cpp/absl/strings/str_format_internal/float_conversion.o
[1187/3816] CXX obj/third_party/abseil-cpp/absl/synchronization/graphcycles_internal/graphcycles.o
[1188/3816] CXX obj/third_party/abseil-cpp/absl/synchronization/synchronization/barrier.o
[1189/3816] CXX obj/third_party/abseil-cpp/absl/strings/cord/cord_analysis.o
[1190/3816] CXX obj/third_party/abseil-cpp/absl/synchronization/synchronization/futex_waiter.o
[1191/3816] CXX obj/third_party/abseil-cpp/absl/strings/strings/numbers.o
[1192/3816] CXX obj/third_party/abseil-cpp/absl/synchronization/kernel_timeout_internal/kernel_timeout.o
[1193/3816] CXX obj/third_party/abseil-cpp/absl/synchronization/synchronization/blocking_counter.o
[1194/3816] CXX obj/third_party/abseil-cpp/absl/synchronization/synchronization/sem_waiter.o
[1195/3816] CXX obj/third_party/abseil-cpp/absl/strings/strings/str_split.o
[1196/3816] CXX obj/third_party/abseil-cpp/absl/synchronization/synchronization/pthread_waiter.o
[1197/3816] CXX obj/third_party/abseil-cpp/absl/strings/strings/str_replace.o
[1198/3816] CXX obj/third_party/abseil-cpp/absl/synchronization/synchronization/create_thread_identity.o
[1199/3816] CXX obj/third_party/abseil-cpp/absl/time/time/clock.o
[1200/3816] CXX obj/third_party/abseil-cpp/absl/synchronization/synchronization/stdcpp_waiter.o
[1201/3816] RUST(BIN) clang_x64_for_rust_host_build_tools/libc_libc_vunknown_build_script clang_x64_for_rust_host_build_tools/obj/build/rust/std/rules/libc_libc_vunknown_build_script.rustflags.json clang_x64_for_rust_host_build_tools/obj/build/rust/std/rules/libc_libc_vunknown_build_script.rsp.rust
[1202/3816] CXX obj/third_party/abseil-cpp/absl/synchronization/synchronization/waiter_base.o
[1203/3816] SOLINK ./libatomic.so
[1204/3816] CXX obj/third_party/protobuf/protobuf_full/arenaz_sampler.o
[1205/3816] CXX obj/third_party/abseil-cpp/absl/strings/cord_internal/cord_internal.o
[1206/3816] CXX obj/third_party/abseil-cpp/absl/time/time/format.o
[1207/3816] CXX obj/third_party/abseil-cpp/absl/synchronization/synchronization/per_thread_sem.o
[1208/3816] CXX obj/third_party/abseil-cpp/absl/synchronization/synchronization/notification.o
[1209/3816] CXX obj/third_party/abseil-cpp/absl/time/internal/cctz/time_zone/zone_info_source.o
[1210/3816] CXX obj/third_party/abseil-cpp/absl/time/clock_interface/clock_interface.o
[1211/3816] CXX obj/third_party/protobuf/protobuf_full/io_win32.o
[1212/3816] CXX obj/third_party/abseil-cpp/absl/time/internal/cctz/civil_time/civil_time_detail.o
[1213/3816] CXX obj/third_party/abseil-cpp/absl/strings/strings/substitute.o
[1214/3816] CXX obj/third_party/abseil-cpp/absl/time/internal/cctz/time_zone/time_zone_if.o
[1215/3816] RUST(BIN) clang_x64_for_rust_host_build_tools/compiler_builtins_compiler_builtins_vunknown_build_script clang_x64_for_rust_host_build_tools/obj/build/rust/std/rules/compiler_builtins_compiler_builtins_vunknown_build_script.rustflags.json clang_x64_for_rust_host_build_tools/obj/build/rust/std/rules/compiler_builtins_compiler_builtins_vunknown_build_script.rsp.rust
[1216/3816] CXX obj/third_party/abseil-cpp/absl/time/internal/cctz/time_zone/time_zone_posix.o
[1217/3816] CXX obj/third_party/abseil-cpp/absl/strings/cordz_info/cordz_info.o
[1218/3816] CXX obj/third_party/abseil-cpp/absl/time/internal/cctz/time_zone/time_zone_lookup.o
[1219/3816] CXX obj/third_party/abseil-cpp/absl/time/internal/cctz/time_zone/time_zone_libc.o
[1220/3816] CXX obj/third_party/abseil-cpp/absl/time/internal/cctz/time_zone/time_zone_fixed.o
[1221/3816] CXX obj/third_party/abseil-cpp/absl/time/time/duration.o
[1222/3816] CXX obj/third_party/abseil-cpp/absl/time/time/civil_time.o
[1223/3816] CXX obj/third_party/abseil-cpp/absl/time/internal/cctz/time_zone/time_zone_format.o
[1224/3816] CXX obj/third_party/abseil-cpp/absl/flags/reflection/reflection.o
[1225/3816] CXX obj/third_party/abseil-cpp/absl/synchronization/synchronization/mutex.o
[1226/3816] CXX obj/third_party/abseil-cpp/absl/status/statusor/statusor.o
[1227/3816] CXX obj/third_party/abseil-cpp/absl/time/time/time.o
[1228/3816] CXX obj/third_party/protobuf/protobuf_full/raw_ptr.o
[1229/3816] CXX obj/third_party/abseil-cpp/absl/status/status/status.o
[1230/3816] CXX obj/third_party/abseil-cpp/absl/time/internal/cctz/time_zone/time_zone_impl.o
[1231/3816] CXX obj/third_party/abseil-cpp/absl/status/status/status_internal.o
[1232/3816] CXX obj/third_party/abseil-cpp/absl/strings/cord/cord.o
[1233/3816] CXX obj/third_party/protobuf/protobuf_full/strtod.o
[1234/3816] CXX obj/third_party/abseil-cpp/absl/time/internal/cctz/time_zone/time_zone_info.o
[1235/3816] CXX obj/third_party/abseil-cpp/absl/flags/parse/parse.o
[1236/3816] CXX obj/third_party/protobuf/protobuf_full/zero_copy_sink.o
[1237/3816] CXX obj/third_party/protobuf/protobuf_full/zero_copy_stream.o
[1238/3816] CXX obj/third_party/protobuf/protobuf_full/zero_copy_stream_impl.o
[1239/3816] CXX obj/third_party/protobuf/protobuf_full/micro_string.o
[1240/3816] SOLINK ./libthird_party_abseil-cpp_absl.so
[1241/3816] CXX obj/third_party/protobuf/protobuf_full/port.o
[1242/3816] CXX obj/third_party/protobuf/protobuf_full/reflection_mode.o
[1243/3816] CXX obj/third_party/protobuf/protobuf_full/common.o
[1244/3816] CXX obj/third_party/protobuf/protobuf_full/arena.o
[1245/3816] CXX obj/third_party/protobuf/protobuf_full/service.o
[1246/3816] CXX obj/third_party/protobuf/protobuf_full/zero_copy_stream_impl_lite.o
[1247/3816] CXX obj/third_party/protobuf/protobuf_full/tokenizer.o
[1248/3816] CC obj/third_party/protobuf/utf8_range/utf8_range.o
[1249/3816] CXX obj/third_party/protobuf/protobuf_full/coded_stream.o
[1250/3816] ACTION //build/rust/std/rules:compiler_builtins_compiler_builtins_vunknown_build_script_output(//build/toolchain/linux:clang_x64)
[1251/3816] CXX obj/third_party/protobuf/protobuf_full/repeated_field.o
[1252/3816] CXX obj/third_party/protobuf/protobuf_full/implicit_weak_message.o
[1253/3816] CXX obj/third_party/protobuf/protobuf_full/repeated_ptr_field.o
[1254/3816] CXX obj/third_party/protobuf/protobuf_full/any_lite.o
[1255/3816] CXX obj/third_party/protobuf/protobuf_full/inlined_string_field.o
[1256/3816] CXX obj/third_party/protobuf/protobuf_full/wire_format_lite.o
[1257/3816] CXX obj/third_party/protobuf/protobuf_full/arenastring.o
[1258/3816] CXX obj/third_party/protobuf/protobuf_full/generated_enum_util.o
[1259/3816] CXX obj/third_party/protobuf/protobuf_full/map.o
[1260/3816] CXX obj/third_party/protobuf/protobuf_full/parse_context.o
[1261/3816] CXX obj/third_party/protobuf/protobuf_full/message_lite.o
[1262/3816] CXX obj/third_party/protobuf/protobuf_full/generated_message_util.o
[1263/3816] CXX obj/third_party/protobuf/protobuf_full/delimited_message_util.o
[1264/3816] CXX obj/third_party/protobuf/protobuf_full/any.o
[1265/3816] CXX obj/third_party/protobuf/protobuf_full/cpp_features.pb.o
[1266/3816] CXX obj/third_party/protobuf/protobuf_full/generated_message_bases.o
[1267/3816] CXX obj/third_party/protobuf/protobuf_full/extension_set.o
[1268/3816] CXX obj/third_party/protobuf/protobuf_full/generated_message_tctable_full.o
[1269/3816] CXX obj/third_party/protobuf/protobuf_full/any.pb.o
[1270/3816] CXX obj/third_party/protobuf/protobuf_full/unknown_field_set.o
[1271/3816] CXX obj/third_party/protobuf/protobuf_full/map_field.o
[1272/3816] CXX obj/third_party/protobuf/protobuf_full/dynamic_message.o
[1273/3816] CXX obj/third_party/protobuf/protobuf_full/printer.o
[1274/3816] CXX obj/third_party/protobuf/protobuf_full/generated_message_tctable_lite.o
[1275/3816] CXX obj/third_party/protobuf/protobuf_full/extension_set_heavy.o
[1276/3816] CXX obj/third_party/protobuf/protobuf_full/internal_feature_helper.o
[1277/3816] CXX obj/third_party/protobuf/protobuf_full/feature_resolver.o
[1278/3816] CXX obj/third_party/protobuf/protobuf_full/generated_message_tctable_gen.o
[1279/3816] CXX obj/third_party/protobuf/protobuf_full/reflection_ops.o
[1280/3816] CXX obj/third_party/protobuf/protobuf_full/parser.o
[1281/3816] CXX obj/third_party/protobuf/protobuf_full/descriptor.pb.o
[1282/3816] CXX obj/third_party/protobuf/protobuf_full/field_comparator.o
[1283/3816] CXX obj/third_party/protobuf/protoc_cpp/ifndef_guard.o
[1284/3816] CXX obj/third_party/protobuf/protobuf_full/importer.o
[1285/3816] CXX obj/third_party/protobuf/protobuf_full/wire_format.o
[1286/3816] CXX obj/third_party/protobuf/protobuf_full/message.o
[1287/3816] CXX obj/third_party/protobuf/protoc_cpp/namespace_printer.o
[1288/3816] CXX obj/third_party/protobuf/protoc_cpp/field_chunk.o
[1289/3816] CXX obj/third_party/protobuf/protobuf_full/descriptor_database.o
[1290/3816] CXX obj/third_party/protobuf/protobuf_full/text_format.o
[1291/3816] CXX obj/third_party/protobuf/protoc_cpp/primitive_field.o
[1292/3816] CXX obj/third_party/protobuf/protoc_cpp/enum_field.o
[1293/3816] CXX obj/third_party/protobuf/protobuf_full/generated_message_reflection.o
[1294/3816] CXX obj/third_party/protobuf/protoc_cpp/cord_field.o
[1295/3816] CXX obj/third_party/protobuf/protoc_cpp/field.o
[1296/3816] CXX obj/third_party/protobuf/protoc_java/java_features.pb.o
[1297/3816] CXX obj/third_party/protobuf/protoc_cpp/extension.o
[1298/3816] CXX obj/third_party/protobuf/protoc_cpp/string_view_field.o
[1299/3816] CXX obj/third_party/protobuf/protoc_cpp/string_field.o
[1300/3816] CXX obj/third_party/protobuf/protoc_cpp/message_field.o
[1301/3816] CXX obj/third_party/protobuf/protoc_java/doc_comment.o
[1302/3816] CXX obj/third_party/protobuf/protoc_cpp/map_field.o
[1303/3816] CXX obj/third_party/protobuf/protoc_cpp/enum.o
[1304/3816] CXX obj/third_party/protobuf/protoc_cpp/service.o
[1305/3816] CXX obj/third_party/protobuf/protobuf_full/message_differencer.o
[1306/3816] CXX obj/third_party/protobuf/protoc_cpp/message_layout_helper.o
[1307/3816] CXX obj/third_party/protobuf/protoc_java/context.o
[1308/3816] CXX obj/third_party/protobuf/protoc_java/message_serialization.o
[1309/3816] CXX obj/third_party/protobuf/protoc_java/name_resolver.o
[1310/3816] CXX obj/third_party/protobuf/protoc_java/names.o
[1311/3816] CXX obj/third_party/protobuf/protoc_cpp/generator.o
[1312/3816] CXX obj/third_party/protobuf/protoc_java/generator.o
[1313/3816] CXX obj/third_party/protobuf/protoc_cpp/tracker.o
[1314/3816] CXX obj/third_party/protobuf/protoc_java/internal_helpers.o
[1315/3816] CXX obj/third_party/protobuf/protoc_java/helpers.o
[1316/3816] CXX obj/third_party/protobuf/protoc_cpp/parse_function_generator.o
[1317/3816] CXX obj/third_party/protobuf/protoc_java/field_common.o
[1318/3816] CXX obj/third_party/protobuf/protoc_java/file.o
[1319/3816] CXX obj/third_party/protobuf/protoc_java_full/generator_factory.o
[1320/3816] CXX obj/third_party/protobuf/protoc_java/shared_code_generator.o
[1321/3816] CXX obj/third_party/protobuf-javascript/protoc-gen-js/well_known_types_embed.o
[1322/3816] CXX obj/third_party/protobuf/protoc_java_full/make_field_gens.o
[1323/3816] CXX obj/third_party/perfetto/src/base/base/base64.o
[1324/3816] CXX obj/third_party/protobuf/protoc_java_full/extension.o
[1325/3816] CXX obj/third_party/perfetto/src/base/base/android_utils.o
[1326/3816] CXX obj/third_party/perfetto/src/base/base/ctrl_c_handler.o
[1327/3816] CXX obj/third_party/protobuf/protoc_java_full/enum_field.o
[1328/3816] CXX obj/third_party/perfetto/src/base/base/event_fd.o
[1329/3816] CXX obj/third_party/perfetto/src/base/base/crash_keys.o
[1330/3816] CXX obj/third_party/perfetto/src/base/base/intrusive_list.o
[1331/3816] CXX obj/third_party/protobuf/protoc_lib/zip_writer.o
[1332/3816] CXX obj/third_party/perfetto/src/base/base/fixed_string_writer.o
[1333/3816] CXX obj/third_party/perfetto/src/base/base/intrusive_tree.o
[1334/3816] CXX obj/third_party/perfetto/src/base/base/getopt_compat.o
[1335/3816] CXX obj/third_party/perfetto/src/base/base/paged_memory.o
[1336/3816] CXX obj/third_party/perfetto/src/base/base/pipe.o
[1337/3816] CXX obj/third_party/protobuf/protoc_cpp/helpers.o
[1338/3816] CXX obj/third_party/perfetto/src/base/base/metatrace.o
[1339/3816] CXX obj/third_party/perfetto/src/base/base/logging.o
[1340/3816] CXX obj/third_party/perfetto/src/base/base/rt_mutex.o
[1341/3816] CXX obj/third_party/perfetto/src/base/base/file_utils.o
[1342/3816] CXX obj/third_party/perfetto/src/base/base/periodic_task.o
[1343/3816] CXX obj/third_party/perfetto/src/base/base/string_splitter.o
[1344/3816] CXX obj/third_party/protobuf/protoc_cpp/file.o
[1345/3816] CXX obj/third_party/protobuf/protoc_java_full/enum.o
[1346/3816] CXX obj/third_party/perfetto/src/base/base/scoped_mmap.o
[1347/3816] CXX obj/third_party/perfetto/src/base/base/string_view_splitter.o
[1348/3816] CXX obj/third_party/perfetto/src/base/base/status.o
[1349/3816] CXX obj/third_party/perfetto/src/base/base/thread_checker.o
[1350/3816] CXX obj/third_party/perfetto/src/base/base/scoped_sched_boost.o
[1351/3816] CXX obj/third_party/protobuf/protoc_java_lite/generator_factory.o
[1352/3816] CXX obj/third_party/perfetto/src/base/base/string_view.o
[1353/3816] CXX obj/third_party/perfetto/src/base/base/thread_utils.o
[1354/3816] CXX obj/third_party/perfetto/src/base/base/temp_file.o
[1355/3816] CXX obj/third_party/perfetto/src/base/base/virtual_destructors.o
[1356/3816] CXX obj/third_party/protobuf/protoc_java_full/message_builder.o
[1357/3816] CXX obj/third_party/protobuf/protoc_lib/code_generator.o
[1358/3816] CXX obj/third_party/perfetto/src/base/base/string_utils.o
[1359/3816] CXX obj/third_party/perfetto/src/base/base/time.o
[1360/3816] CXX obj/third_party/perfetto/src/base/base/watchdog_posix.o
[1361/3816] CXX obj/third_party/perfetto/src/base/base/waitable_event.o
[1362/3816] CXX obj/third_party/perfetto/src/base/base/weak_runner.o
[1363/3816] CXX obj/third_party/protobuf/protoc_java_full/message.o
[1364/3816] CXX obj/third_party/perfetto/src/base/perfetto_base_default_platform/default_platform.o
[1365/3816] AR clang_x64_for_rust_host_build_tools/obj/build/rust/allocator/liballoc_error_handler_impl.a
[1366/3816] CXX obj/third_party/perfetto/src/base/base/utils.o
[1367/3816] CXX obj/third_party/protobuf/protoc_java_lite/extension.o
[1368/3816] CXX obj/third_party/protobuf/protoc_java_full/service.o
[1369/3816] ACTION //base/allocator/partition_allocator/src/partition_alloc:buildflags(//build/toolchain/linux:clang_x64)
[1370/3816] CXX obj/third_party/protobuf/protoc_java_full/message_field.o
[1371/3816] CXX obj/third_party/perfetto/src/base/base/uuid.o
[1372/3816] CXX obj/third_party/protobuf/protoc_lib/subprocess.o
[1373/3816] CXX obj/third_party/perfetto/src/base/base/subprocess_windows.o
[1374/3816] ACTION //build/rust/std/rules:libc_libc_vunknown_build_script_output(//build/toolchain/linux:clang_x64)
[1375/3816] CXX obj/third_party/protobuf/protoc_java_full/map_field.o
[1376/3816] ACTION //build/rust/std/rules:std_std_vunknown_build_script_output(//build/toolchain/linux:clang_x64)
[1377/3816] CXX obj/third_party/protobuf/protoc_lib/code_generator_lite.o
[1378/3816] CXX obj/base/allocator/partition_allocator/src/partition_alloc/allocator_base/alias.o
[1379/3816] ACTION //build/rust/std/rules:object_object_vunknown_build_script_output(//build/toolchain/linux:clang_x64)
[1380/3816] CXX obj/third_party/protobuf/protoc_java_lite/make_field_gens.o
[1381/3816] CXX obj/base/allocator/partition_allocator/src/partition_alloc/allocator_base/check.o
[1382/3816] CXX obj/base/allocator/partition_allocator/src/partition_alloc/allocator_base/cpu.o
[1383/3816] CXX obj/base/allocator/partition_allocator/src/partition_alloc/allocator_base/logging.o
[1384/3816] CXX obj/base/allocator/partition_allocator/src/partition_alloc/allocator_base/rand_util.o
[1385/3816] CXX obj/base/allocator/partition_allocator/src/partition_alloc/allocator_base/string_util.o
[1386/3816] CXX obj/third_party/perfetto/src/base/base/subprocess.o
[1387/3816] CXX obj/base/allocator/partition_allocator/src/partition_alloc/allocator_base/log_message.o
[1388/3816] CXX obj/base/allocator/partition_allocator/src/partition_alloc/allocator_base/ref_counted.o
[1389/3816] CXX obj/third_party/protobuf/protoc_lib/plugin.o
[1390/3816] CXX obj/third_party/perfetto/src/base/base/subprocess_posix.o
[1391/3816] CXX obj/base/allocator/partition_allocator/src/partition_alloc/allocator_base/file_util_posix.o
[1392/3816] CXX obj/base/allocator/partition_allocator/src/partition_alloc/allocator_base/process_handle_posix.o
[1393/3816] CXX obj/base/allocator/partition_allocator/src/partition_alloc/allocator_base/stack_trace.o
[1394/3816] ACTION //build/rust/allocator:alloc_error_handler_impl_ffi_generator(//build/toolchain/linux:clang_x64_for_rust_host_build_tools)
[1395/3816] CXX obj/base/allocator/partition_allocator/src/partition_alloc/allocator_base/page_size_posix.o
[1396/3816] CXX obj/base/allocator/partition_allocator/src/partition_alloc/allocator_base/cstring_builder.o
[1397/3816] CXX obj/third_party/protobuf/protoc_java_lite/enum.o
[1398/3816] CXX obj/base/allocator/partition_allocator/src/partition_alloc/allocator_base/stringprintf.o
[1399/3816] CXX obj/base/allocator/partition_allocator/src/partition_alloc/allocator_base/rand_util_posix.o
[1400/3816] CXX obj/base/allocator/partition_allocator/src/partition_alloc/allocator_base/safe_sprintf.o
[1401/3816] CXX obj/base/allocator/partition_allocator/src/partition_alloc/allocator_base/stack_trace_linux.o
[1402/3816] CXX obj/base/allocator/partition_allocator/src/partition_alloc/allocator_core/allocation_guard.o
[1403/3816] CXX obj/base/allocator/partition_allocator/src/partition_alloc/allocator_base/safe_strerror.o
[1404/3816] CXX obj/base/allocator/partition_allocator/src/partition_alloc/allocator_core/allocator_config.o
[1405/3816] CXX obj/base/allocator/partition_allocator/src/partition_alloc/allocator_base/platform_thread.o
[1406/3816] CXX obj/third_party/perfetto/src/base/base/thread_task_runner.o
[1407/3816] CXX obj/base/allocator/partition_allocator/src/partition_alloc/allocator_base/time_override.o
[1408/3816] CXX obj/base/allocator/partition_allocator/src/partition_alloc/allocator_core/address_space_randomization.o
[1409/3816] CXX obj/third_party/protobuf/protoc_lib/versions.o
[1410/3816] CXX obj/base/allocator/partition_allocator/src/partition_alloc/allocator_core/oom.o
[1411/3816] CXX obj/third_party/protobuf/protoc_java_full/primitive_field.o
[1412/3816] CXX obj/base/allocator/partition_allocator/src/partition_alloc/allocator_core/dangling_raw_ptr_checks.o
[1413/3816] CXX obj/third_party/perfetto/src/base/base/lock_free_task_runner.o
[1414/3816] CXX obj/base/allocator/partition_allocator/src/partition_alloc/allocator_base/time_conversion_posix.o
[1415/3816] CXX obj/base/allocator/partition_allocator/src/partition_alloc/allocator_core/oom_callback.o
[1416/3816] CXX obj/base/allocator/partition_allocator/src/partition_alloc/allocator_base/stack_trace_posix.o
[1417/3816] RUST clang_x64_for_rust_host_build_tools/obj/build/rust/allocator/liballoc_error_handler_impl_ffi.rlib clang_x64_for_rust_host_build_tools/obj/build/rust/allocator/liballoc_error_handler_impl_ffi.rmeta clang_x64_for_rust_host_build_tools/obj/build/rust/allocator/alloc_error_handler_impl_ffi.rustflags.json clang_x64_for_rust_host_build_tools/obj/build/rust/allocator/alloc_error_handler_impl_ffi.rsp.rust
[1418/3816] CXX obj/third_party/perfetto/src/base/base/unix_task_runner.o
[1419/3816] CXX obj/third_party/protobuf/protoc_java_lite/enum_field.o
[1420/3816] CXX obj/base/allocator/partition_allocator/src/partition_alloc/allocator_base/time_now_posix.o
[1421/3816] CXX obj/base/allocator/partition_allocator/src/partition_alloc/allocator_core/partition_cookie.o
[1422/3816] CXX obj/base/allocator/partition_allocator/src/partition_alloc/allocator_base/time.o
[1423/3816] CXX obj/base/allocator/partition_allocator/src/partition_alloc/allocator_base/platform_thread_posix.o
[1424/3816] CXX obj/base/allocator/partition_allocator/src/partition_alloc/allocator_core/partition_oom.o
[1425/3816] CXX obj/third_party/protobuf/protoc_python/helpers.o
[1426/3816] CXX obj/third_party/protobuf/protoc_lib/plugin.pb.o
[1427/3816] SOLINK ./libbase_allocator_partition_allocator_src_partition_alloc_allocator_base.so
[1428/3816] CXX obj/third_party/protobuf/protoc_java_full/string_field.o
[1429/3816] CXX obj/base/allocator/partition_allocator/src/partition_alloc/allocator_core/compressed_pointer.o
[1430/3816] CXX obj/third_party/protobuf/protoc_java_lite/message_builder.o
[1431/3816] CXX obj/base/allocator/partition_allocator/src/partition_alloc/allocator_core/tagging.o
[1432/3816] CXX obj/third_party/protobuf/protoc_java_lite/message_field.o
[1433/3816] CXX obj/third_party/protobuf/protoc_java_lite/map_field.o
[1434/3816] CXX obj/base/allocator/partition_allocator/src/partition_alloc/allocator_core/pkey.o
[1435/3816] CXX obj/base/allocator/partition_allocator/src/partition_alloc/allocator_core/partition_freelist_entry.o
[1436/3816] CXX obj/base/allocator/partition_allocator/src/partition_alloc/allocator_core/partition_stats.o
[1437/3816] CXX obj/third_party/protobuf-javascript/protoc-gen-js/protoc-gen-js.o
[1438/3816] CXX obj/base/allocator/partition_allocator/src/partition_alloc/allocator_core/push_registers_asm.o
[1439/3816] CXX obj/base/allocator/partition_allocator/src/partition_alloc/allocator_core/page_allocator_internals_posix.o
[1440/3816] CXX obj/base/allocator/partition_allocator/src/partition_alloc/allocator_core/address_pool_manager_bitmap.o
[1441/3816] CXX obj/third_party/protobuf/protoc_lib/retention.o
[1442/3816] CXX obj/third_party/protobuf/protoc_java_lite/string_field.o
[1443/3816] CXX obj/third_party/protobuf/protoc_java_lite/message.o
[1444/3816] CXX obj/third_party/perfetto/src/protozero/protozero/field.o
[1445/3816] CXX obj/third_party/perfetto/src/protozero/protozero/message.o
[1446/3816] CXX obj/third_party/protobuf/protoc_cpp/message.o
[1447/3816] CXX obj/third_party/perfetto/src/protozero/protozero/message_arena.o
[1448/3816] CXX obj/third_party/perfetto/src/protozero/protozero/packed_repeated_fields.o
[1449/3816] CXX obj/third_party/perfetto/src/protozero/protozero/proto_decoder.o
[1450/3816] CXX obj/base/allocator/partition_allocator/src/partition_alloc/allocator_core/random.o
[1451/3816] CXX obj/third_party/protobuf/protoc_java_lite/primitive_field.o
[1452/3816] CXX obj/third_party/perfetto/src/protozero/protozero/scattered_stream_null_delegate.o
[1453/3816] ACTION //build/rust/allocator:buildflags(//build/toolchain/linux:clang_x64)
[1454/3816] CXX obj/base/allocator/partition_allocator/src/partition_alloc/allocator_core/page_allocator.o
[1455/3816] CXX obj/base/allocator/partition_allocator/src/partition_alloc/allocator_core/reservation_offset_table.o
[1456/3816] CXX obj/third_party/perfetto/src/protozero/protozero/scattered_stream_writer.o
[1457/3816] RUST local_rustc_sysroot/lib/rustlib/x86_64-unknown-linux-gnu/lib/libcompiler_builtins_compiler_builtins.rlib local_rustc_sysroot/lib/rustlib/x86_64-unknown-linux-gnu/lib/libcompiler_builtins_compiler_builtins.rmeta obj/build/rust/std/rules/compiler_builtins.rustflags.json obj/build/rust/std/rules/compiler_builtins.rsp.rust
[1458/3816] CXX obj/build/rust/allocator/alloc_error_handler_impl/alloc_error_handler_impl.o
[1459/3816] CXX obj/build/rust/allocator/alloc_error_handler_impl/alias.o
[1460/3816] CXX obj/third_party/perfetto/src/protozero/protozero/virtual_destructors.o
[1461/3816] CXX obj/third_party/perfetto/src/protozero/protozero/static_buffer.o
[1462/3816] CXX obj/third_party/perfetto/src/protozero/protozero/gen_field_helpers.o
[1463/3816] CXX obj/base/allocator/partition_allocator/src/partition_alloc/allocator_core/address_pool_manager.o
[1464/3816] AR obj/build/rust/allocator/liballoc_error_handler_impl.a
[1465/3816] CXX obj/base/allocator/partition_allocator/src/partition_alloc/allocator_core/spinning_mutex.o
[1466/3816] CXX obj/third_party/protobuf/protobuf_full/descriptor.o
[1467/3816] AR obj/third_party/protobuf/libprotobuf_full.a
[1468/3816] RUST clang_x64_for_rust_host_build_tools/obj/build/rust/allocator/liballocator_6ead5877.rlib clang_x64_for_rust_host_build_tools/obj/build/rust/allocator/liballocator_6ead5877.rmeta clang_x64_for_rust_host_build_tools/obj/build/rust/allocator/allocator.rustflags.json clang_x64_for_rust_host_build_tools/obj/build/rust/allocator/allocator.rsp.rust
[1469/3816] CXX obj/third_party/perfetto/src/base/version/version.o
[1470/3816] ACTION //build/rust/std/rules:test_test_vunknown_build_script_output(//build/toolchain/linux:clang_x64)
[1471/3816] RUST local_rustc_sysroot/lib/rustlib/x86_64-unknown-linux-gnu/lib/librustc_std_workspace_core_rustc_std_workspace_core.rlib local_rustc_sysroot/lib/rustlib/x86_64-unknown-linux-gnu/lib/librustc_std_workspace_core_rustc_std_workspace_core.rmeta obj/build/rust/std/rules/rustc_std_workspace_core.rustflags.json obj/build/rust/std/rules/rustc_std_workspace_core.rsp.rust
[1472/3816] ACTION //build/rust/allocator:alloc_error_handler_impl_ffi_generator(//build/toolchain/linux:clang_x64)
[1473/3816] CXX obj/base/allocator/partition_allocator/src/partition_alloc/allocator_shim/allocator_shim_dispatch_to_noop_on_free.o
[1474/3816] CC obj/third_party/zlib/zlib/compress.o
[1475/3816] CXX obj/third_party/perfetto/src/protozero/protozero/scattered_heap_buffer.o
[1476/3816] CC obj/third_party/zlib/zlib/adler32.o
[1477/3816] CXX obj/build/rust/allocator/allocator_impls/allocator_impls.o
[1478/3816] CXX obj/base/allocator/partition_allocator/src/partition_alloc/allocator_core/bounds_checks.o
[1479/3816] CXX obj/base/allocator/partition_allocator/src/partition_alloc/allocator_core/partition_alloc.o
[1480/3816] CXX obj/base/allocator/partition_allocator/src/partition_alloc/allocator_core/in_slot_metadata.o
[1481/3816] CC obj/third_party/zlib/zlib/cpu_features.o
[1482/3816] RUST local_rustc_sysroot/lib/rustlib/x86_64-unknown-linux-gnu/lib/libcfg_if_cfg_if.rlib local_rustc_sysroot/lib/rustlib/x86_64-unknown-linux-gnu/lib/libcfg_if_cfg_if.rmeta obj/build/rust/std/rules/cfg_if.rustflags.json obj/build/rust/std/rules/cfg_if.rsp.rust
[1483/3816] CC obj/third_party/zlib/zlib/gzclose.o
[1484/3816] CXX obj/base/allocator/partition_allocator/src/partition_alloc/allocator_core/partition_dcheck_helper.o
[1485/3816] CC obj/third_party/zlib/zlib/crc32.o
[1486/3816] CXX obj/base/allocator/partition_allocator/src/partition_alloc/allocator_core/thread_isolation.o
[1487/3816] RUST clang_x64_for_rust_host_build_tools/obj/third_party/rust/unicode_ident/v1/lib/libunicode_ident_lib.rlib clang_x64_for_rust_host_build_tools/obj/third_party/rust/unicode_ident/v1/lib/libunicode_ident_lib.rmeta clang_x64_for_rust_host_build_tools/obj/third_party/rust/unicode_ident/v1/lib.rustflags.json clang_x64_for_rust_host_build_tools/obj/third_party/rust/unicode_ident/v1/lib.rsp.rust
[1488/3816] CC obj/third_party/zlib/zlib/gzlib.o
[1489/3816] CC obj/third_party/zlib/zlib/gzread.o
[1490/3816] CXX obj/base/allocator/partition_allocator/src/partition_alloc/allocator_core/gwp_asan_support.o
[1491/3816] CC obj/third_party/zlib/zlib/infback.o
[1492/3816] CC obj/third_party/zlib/zlib/uncompr.o
[1493/3816] CXX obj/base/allocator/partition_allocator/src/partition_alloc/allocator_core/partition_alloc_hooks.o
[1494/3816] CC obj/third_party/zlib/zlib/gzwrite.o
[1495/3816] RUST local_rustc_sysroot/lib/rustlib/x86_64-unknown-linux-gnu/lib/libpanic_abort_panic_abort.rlib local_rustc_sysroot/lib/rustlib/x86_64-unknown-linux-gnu/lib/libpanic_abort_panic_abort.rmeta obj/build/rust/std/rules/panic_abort.rustflags.json obj/build/rust/std/rules/panic_abort.rsp.rust
[1496/3816] CXX obj/base/allocator/partition_allocator/src/partition_alloc/allocator_core/memory_reclaimer.o
[1497/3816] CXX obj/base/allocator/partition_allocator/src/partition_alloc/allocator_shim/allocator_shim.o
[1498/3816] CC obj/third_party/zlib/zlib/deflate.o
[1499/3816] CC obj/third_party/zlib/zlib/inffast.o
[1500/3816] CC obj/third_party/zlib/zlib/zutil.o
[1501/3816] CC obj/third_party/zlib/zlib_adler32_simd/adler32_simd.o
[1502/3816] CC obj/third_party/zlib/zlib_crc32_simd/crc32_simd.o
[1503/3816] CC obj/third_party/zlib/zlib/inftrees.o
[1504/3816] RUST local_rustc_sysroot/lib/rustlib/x86_64-unknown-linux-gnu/lib/libadler2_adler2.rlib local_rustc_sysroot/lib/rustlib/x86_64-unknown-linux-gnu/lib/libadler2_adler2.rmeta obj/build/rust/std/rules/adler2.rustflags.json obj/build/rust/std/rules/adler2.rsp.rust
[1505/3816] CXX obj/base/allocator/partition_allocator/src/partition_alloc/allocator_core/partition_page.o
[1506/3816] CC obj/third_party/zlib/zlib/trees.o
[1507/3816] CC obj/third_party/zlib/zlib_data_chunk_simd/inffast_chunk.o
[1508/3816] CXX obj/base/allocator/partition_allocator/src/partition_alloc/allocator_core/partition_address_space.o
[1509/3816] CC obj/third_party/zlib/zlib_data_chunk_simd/inflate.o
[1510/3816] CXX obj/base/allocator/partition_allocator/src/partition_alloc/allocator_core/slot_start.o
[1511/3816] CXX obj/base/allocator/partition_allocator/src/partition_alloc/allocator_core/slot_address_and_size.o
[1512/3816] CXX obj/third_party/perfetto/src/android_stats/android_stats/statsd_logging_helper.o
[1513/3816] RUST(BIN) clang_x64_for_rust_host_build_tools/quote_lib_v1_build_script clang_x64_for_rust_host_build_tools/obj/third_party/rust/quote/v1/quote_lib_v1_build_script.rustflags.json clang_x64_for_rust_host_build_tools/obj/third_party/rust/quote/v1/quote_lib_v1_build_script.rsp.rust
[1514/3816] CXX obj/third_party/perfetto/src/trace_processor/importers/memory_tracker/graph_processor/raw_memory_graph_node.o
[1515/3816] CXX obj/base/allocator/partition_allocator/src/partition_alloc/allocator_core/scheduler_loop_quarantine_support.o
[1516/3816] CXX obj/base/allocator/partition_allocator/src/partition_alloc/allocator_core/internal_allocator.o
[1517/3816] CC obj/third_party/zlib/zlib_crc32_simd/crc_folding.o
[1518/3816] RUST(BIN) clang_x64_for_rust_host_build_tools/libm_lib_v0_2_build_script clang_x64_for_rust_host_build_tools/obj/third_party/rust/libm/v0_2/libm_lib_v0_2_build_script.rustflags.json clang_x64_for_rust_host_build_tools/obj/third_party/rust/libm/v0_2/libm_lib_v0_2_build_script.rsp.rust
[1519/3816] ACTION //third_party/rust/icu_locale_data/v2:icu_locale_data_lib_v2_build_script_output(//build/toolchain/linux:clang_x64)
[1520/3816] ACTION //third_party/rust/quote/v1:quote_lib_v1_build_script_output(//build/toolchain/linux:clang_x64_for_rust_host_build_tools)
[1521/3816] CXX obj/third_party/perfetto/src/trace_processor/util/bump_allocator/bump_allocator.o
[1522/3816] CXX obj/third_party/perfetto/src/trace_processor/importers/memory_tracker/graph_processor/raw_process_memory_node.o
[1523/3816] SOLINK ./libchrome_zlib.so
[1524/3816] RUST(BIN) clang_x64_for_rust_host_build_tools/proc_macro2_lib_v1_build_script clang_x64_for_rust_host_build_tools/obj/third_party/rust/proc_macro2/v1/proc_macro2_lib_v1_build_script.rustflags.json clang_x64_for_rust_host_build_tools/obj/third_party/rust/proc_macro2/v1/proc_macro2_lib_v1_build_script.rsp.rust
[1525/3816] CXX obj/third_party/perfetto/src/protozero/filtering/bytecode_parser/filter_bytecode_parser.o
[1526/3816] CC obj/v8/libm/sincostab.o
[1527/3816] CXX obj/third_party/perfetto/src/trace_processor/importers/memory_tracker/graph_processor/memory_allocator_node_id.o
[1528/3816] CC obj/v8/libm/branred.o
[1529/3816] CXX obj/third_party/perfetto/src/protozero/filtering/message_filter/message_filter.o
[1530/3816] CC obj/v8/libm/s_sin.o
[1531/3816] CXX obj/third_party/perfetto/src/trace_processor/util/build_id/build_id.o
[1532/3816] CXX obj/third_party/perfetto/src/trace_processor/util/gzip/gzip_utils.o
[1533/3816] CXX obj/v8/v8_libbase/abort-mode.o
[1534/3816] CXX obj/third_party/perfetto/src/trace_processor/util/glob/glob.o
[1535/3816] ACTION //third_party/rust/libm/v0_2:libm_lib_v0_2_build_script_output(//build/toolchain/linux:clang_x64)
[1536/3816] CXX obj/third_party/protobuf/protoc_python/pyi_generator.o
[1537/3816] RUST local_rustc_sysroot/lib/rustlib/x86_64-unknown-linux-gnu/lib/librustc_demangle_rustc_demangle.rlib local_rustc_sysroot/lib/rustlib/x86_64-unknown-linux-gnu/lib/librustc_demangle_rustc_demangle.rmeta obj/build/rust/std/rules/rustc_demangle.rustflags.json obj/build/rust/std/rules/rustc_demangle.rsp.rust
[1538/3816] RUST(BIN) clang_x64_for_rust_host_build_tools/serde_core_lib_v1_build_script clang_x64_for_rust_host_build_tools/obj/third_party/rust/serde_core/v1/serde_core_lib_v1_build_script.rustflags.json clang_x64_for_rust_host_build_tools/obj/third_party/rust/serde_core/v1/serde_core_lib_v1_build_script.rsp.rust
[1539/3816] CXX obj/v8/v8_libbase/fpu.o
[1540/3816] CXX obj/third_party/perfetto/src/trace_processor/util/elf/elf/binary_info.o
[1541/3816] CXX obj/third_party/perfetto/src/trace_processor/util/trace_blob_view_reader/trace_blob_view_reader.o
[1542/3816] CXX obj/base/allocator/partition_allocator/src/partition_alloc/allocator_core/partition_bucket.o
[1543/3816] CXX obj/base/allocator/partition_allocator/src/partition_alloc/allocator_core/scheduler_loop_quarantine.o
[1544/3816] CXX obj/v8/v8_libbase/bits.o
[1545/3816] CXX obj/third_party/perfetto/src/trace_processor/importers/common/v8_profile_parser/v8_profile_parser.o
[1546/3816] CXX obj/third_party/perfetto/src/base/unix_socket/unix_socket.o
[1547/3816] ACTION //third_party/rust/serde_core/v1:serde_core_lib_v1_build_script_output(//build/toolchain/linux:clang_x64)
[1548/3816] ACTION //third_party/rust/proc_macro2/v1:proc_macro2_lib_v1_build_script_output(//build/toolchain/linux:clang_x64_for_rust_host_build_tools)
[1549/3816] CXX obj/v8/v8_libbase/stack_trace.o
[1550/3816] CXX obj/v8/v8_libbase/file-utils.o
[1551/3816] CXX obj/third_party/protobuf/protoc/main.o
[1552/3816] CXX obj/v8/v8_libbase/cpu.o
[1553/3816] CXX obj/v8/v8_libbase/diy-fp.o
[1554/3816] CXX obj/v8/v8_libbase/cached-powers.o
[1555/3816] CXX obj/v8/v8_libbase/once.o
[1556/3816] CXX obj/base/allocator/partition_allocator/src/partition_alloc/allocator_shim/allocator_shim_default_dispatch_to_partition_alloc.o
[1557/3816] RUST local_rustc_sysroot/lib/rustlib/x86_64-unknown-linux-gnu/lib/libmemchr_memchr.rlib local_rustc_sysroot/lib/rustlib/x86_64-unknown-linux-gnu/lib/libmemchr_memchr.rmeta obj/build/rust/std/rules/memchr.rustflags.json obj/build/rust/std/rules/memchr.rsp.rust
[1558/3816] CXX obj/base/allocator/partition_allocator/src/partition_alloc/allocator_core/thread_cache.o
[1559/3816] RUST(BIN) clang_x64_for_rust_host_build_tools/serde_lib_v1_build_script clang_x64_for_rust_host_build_tools/obj/third_party/rust/serde/v1/serde_lib_v1_build_script.rustflags.json clang_x64_for_rust_host_build_tools/obj/third_party/rust/serde/v1/serde_lib_v1_build_script.rsp.rust
[1560/3816] CXX obj/base/allocator/partition_allocator/src/partition_alloc/allocator_core/partition_root.o
[1561/3816] CXX obj/base/allocator/partition_allocator/src/partition_alloc/allocator_core/stack.o
[1562/3816] CXX obj/third_party/perfetto/src/trace_processor/util/simple_json_parser/simple_json_parser.o
[1563/3816] CXX obj/v8/v8_libbase/emulated-virtual-address-subspace.o
[1564/3816] CXX obj/v8/v8_libbase/dtoa.o
[1565/3816] ACTION //third_party/rust/serde/v1:serde_lib_v1_build_script_output(//build/toolchain/linux:clang_x64)
[1566/3816] CXX obj/v8/v8_libbase/division-by-constant.o
[1567/3816] CXX obj/v8/v8_libbase/lsan-page-allocator.o
[1568/3816] SOLINK ./libbase_allocator_partition_allocator_src_partition_alloc_allocator_core.so
[1569/3816] CXX obj/third_party/perfetto/src/trace_processor/importers/memory_tracker/graph_processor/graph.o
[1570/3816] CXX obj/v8/v8_libbase/page-allocator.o
[1571/3816] CXX obj/v8/v8_libbase/fixed-dtoa.o
[1572/3816] CXX obj/v8/v8_libbase/platform.o
[1573/3816] CXX obj/third_party/perfetto/src/trace_processor/importers/memory_tracker/graph_processor/graph_processor.o
[1574/3816] CXX obj/third_party/perfetto/src/protozero/filtering/string_filter/string_filter.o
[1575/3816] CXX obj/v8/v8_libbase/logging.o
[1576/3816] CXX obj/v8/v8_libbase/semaphore.o
[1577/3816] CXX obj/v8/v8_libbase/lsan-virtual-address-space.o
[1578/3816] CXX obj/v8/v8_libbase/condition-variable.o
[1579/3816] SOLINK ./libbase_allocator_partition_allocator_src_partition_alloc_allocator_shim.so
[1580/3816] ACTION //third_party/rust/serde_core/v1:serde_core_lib_v1_build_script_output(//build/toolchain/linux:clang_x64_for_rust_host_build_tools)
[1581/3816] CXX obj/v8/v8_libbase/sys-info.o
[1582/3816] CXX obj/v8/v8_libbase/vlq-base64.o
[1583/3816] AR obj/build/rust/allocator/liballocator_impls.a
[1584/3816] CXX obj/v8/v8_libbase/bounded-page-allocator.o
[1585/3816] ACTION //third_party/rust/serde/v1:serde_lib_v1_build_script_output(//build/toolchain/linux:clang_x64_for_rust_host_build_tools)
[1586/3816] ACTION //third_party/rust/icu_calendar_data/v2:icu_calendar_data_lib_v2_build_script_output(//build/toolchain/linux:clang_x64)
[1587/3816] CXX obj/v8/v8_libbase/strtod.o
[1588/3816] CXX obj/v8/v8_libbase/ieee754.o
[1589/3816] CXX obj/third_party/zlib/google/compression_utils_portable/compression_utils_portable.o
[1590/3816] CXX obj/v8/v8_libbase/memory-protection-key.o
[1591/3816] AR obj/third_party/zlib/google/libcompression_utils_portable.a
[1592/3816] CXX obj/v8/v8_libbase/mutex.o
[1593/3816] CXX obj/third_party/perfetto/src/trace_processor/util/json_value/json_value.o
[1594/3816] CXX obj/third_party/protobuf/protoc_python/generator.o
[1595/3816] CXX obj/v8/v8_libbase/bignum-dtoa.o
[1596/3816] SOLINK ./libicuuc.so
[1597/3816] CXX obj/v8/v8_libbase/strings.o
[1598/3816] CXX obj/third_party/highway/libhwy/print.o
[1599/3816] CXX obj/third_party/highway/libhwy/aligned_allocator.o
[1600/3816] CXX obj/v8/v8_libbase/platform-posix-time.o
[1601/3816] CXX obj/third_party/highway/libhwy/abort.o
[1602/3816] CXX obj/v8/v8_libbase/bignum.o
[1603/3816] CXX obj/v8/v8_libbase/time.o
[1604/3816] CXX obj/third_party/highway/libhwy/stats.o
[1605/3816] CXX obj/v8/v8_libbase/fast-dtoa.o
[1606/3816] CXX obj/v8/v8_heap_base/push_registers_asm.o
[1607/3816] RUST local_rustc_sysroot/lib/rustlib/x86_64-unknown-linux-gnu/lib/liblibc_libc.rlib local_rustc_sysroot/lib/rustlib/x86_64-unknown-linux-gnu/lib/liblibc_libc.rmeta obj/build/rust/std/rules/libc.rustflags.json obj/build/rust/std/rules/libc.rsp.rust
[1608/3816] ACTION //build/rust/allocator:allocator_impls_ffi_generator(//build/toolchain/linux:clang_x64)
[1609/3816] CXX obj/v8/v8_libbase/virtual-address-space-page-allocator.o
[1610/3816] RUST clang_x64_for_rust_host_build_tools/obj/third_party/rust/strck/v1/lib/libstrck_lib.rlib clang_x64_for_rust_host_build_tools/obj/third_party/rust/strck/v1/lib/libstrck_lib.rmeta clang_x64_for_rust_host_build_tools/obj/third_party/rust/strck/v1/lib.rustflags.json clang_x64_for_rust_host_build_tools/obj/third_party/rust/strck/v1/lib.rsp.rust
[1611/3816] SOLINK ./libthird_party_icu_icui18n.so
[1612/3816] CXX obj/third_party/protobuf-javascript/protoc-gen-js/js_generator.o
[1613/3816] CXX obj/v8/v8_heap_base/memory-tagging.o
[1614/3816] CXX obj/v8/v8_libbase/stack_trace_posix.o
[1615/3816] CXX obj/v8/v8_libbase/virtual-address-space.o
[1616/3816] CXX obj/v8/v8_heap_base/unsafe-json-emitter.o
[1617/3816] RUST local_rustc_sysroot/lib/rustlib/x86_64-unknown-linux-gnu/lib/libunwind_unwind.rlib local_rustc_sysroot/lib/rustlib/x86_64-unknown-linux-gnu/lib/libunwind_unwind.rmeta obj/build/rust/std/rules/unwind.rustflags.json obj/build/rust/std/rules/unwind.rsp.rust
[1618/3816] RUST clang_x64_for_rust_host_build_tools/obj/third_party/rust/smallvec/v1/lib/libsmallvec_lib.rlib clang_x64_for_rust_host_build_tools/obj/third_party/rust/smallvec/v1/lib/libsmallvec_lib.rmeta clang_x64_for_rust_host_build_tools/obj/third_party/rust/smallvec/v1/lib.rustflags.json clang_x64_for_rust_host_build_tools/obj/third_party/rust/smallvec/v1/lib.rsp.rust
[1619/3816] CXX obj/v8/v8_heap_base/incremental-marking-schedule.o
[1620/3816] CXX obj/third_party/highway/libhwy/timer.o
[1621/3816] CXX obj/v8/v8_bigint/bigint-internal.o
[1622/3816] CXX obj/v8/v8_libbase/random-number-generator.o
[1623/3816] CXX obj/v8/v8_bigint/div-schoolbook.o
[1624/3816] CXX obj/v8/v8_libbase/region-allocator.o
[1625/3816] CXX obj/v8/v8_heap_base/worklist.o
[1626/3816] CXX obj/v8/v8_heap_base/active-system-pages.o
[1627/3816] CXX obj/v8/v8_bigint/fromstring.o
[1628/3816] CXX obj/v8/v8_bigint/mul-karatsuba.o
[1629/3816] CXX obj/v8/v8_bigint/mul-toom.o
[1630/3816] CXX obj/v8/v8_libbase/platform-linux.o
[1631/3816] CXX obj/v8/v8_bigint/div-burnikel.o
[1632/3816] CXX obj/third_party/highway/libhwy/targets.o
[1633/3816] CXX obj/v8/v8_bigint/tostring.o
[1634/3816] CXX obj/v8/v8_heap_base/stack.o
[1635/3816] CXX obj/v8/v8_bigint/div-barrett.o
[1636/3816] CXX obj/v8/src/inspector/inspector_string_conversions/v8-string-conversions.o
[1637/3816] CXX obj/v8/v8_libbase/platform-posix.o
[1638/3816] CXX obj/third_party/protobuf/protoc_lib/command_line_interface.o
[1639/3816] AR obj/third_party/protobuf/libprotoc_lib.a
[1640/3816] SOLINK ./libv8_libbase.so
[1641/3816] CXX obj/v8/v8_bigint/mul-fft.o
[1642/3816] LINK ./protoc-gen-js
[1643/3816] CXX obj/third_party/perfetto/src/protozero/protoc_plugin/cppgen_plugin/cppgen_plugin.o
[1644/3816] RUST clang_x64_for_rust_host_build_tools/obj/third_party/rust/proc_macro2/v1/lib/libproc_macro2_lib.rlib clang_x64_for_rust_host_build_tools/obj/third_party/rust/proc_macro2/v1/lib/libproc_macro2_lib.rmeta clang_x64_for_rust_host_build_tools/obj/third_party/rust/proc_macro2/v1/lib.rustflags.json clang_x64_for_rust_host_build_tools/obj/third_party/rust/proc_macro2/v1/lib.rsp.rust
[1645/3816] LINK ./protoc
[1646/3816] LINK ./cppgen_plugin
[1647/3816] CXX obj/third_party/perfetto/src/ipc/protoc_plugin/ipc_plugin/ipc_plugin.o
[1648/3816] ACTION //third_party/perfetto/protos/perfetto/config/system_info:cpp_gen(//build/toolchain/linux:clang_x64)
[1649/3816] ACTION //third_party/perfetto/protos/perfetto/config/power:cpp_gen(//build/toolchain/linux:clang_x64)
[1650/3816] ACTION //third_party/perfetto/protos/perfetto/config/protovm:cpp_gen(//build/toolchain/linux:clang_x64)
[1651/3816] ACTION //third_party/perfetto/protos/perfetto/config/gpu:cpp_gen(//build/toolchain/linux:clang_x64)
[1652/3816] ACTION //third_party/perfetto/protos/perfetto/config/process_stats:cpp_gen(//build/toolchain/linux:clang_x64)
[1653/3816] ACTION //third_party/perfetto/protos/perfetto/config/track_event:cpp_gen(//build/toolchain/linux:clang_x64)
[1654/3816] ACTION //third_party/perfetto/protos/perfetto/config/inode_file:cpp_gen(//build/toolchain/linux:clang_x64)
[1655/3816] ACTION //third_party/perfetto/protos/perfetto/common:semantic_type_cpp_gen(//build/toolchain/linux:clang_x64)
[1656/3816] ACTION //third_party/perfetto/protos/perfetto/config/priority_boost:cpp_gen(//build/toolchain/linux:clang_x64)
[1657/3816] ACTION //third_party/perfetto/protos/perfetto/ipc:wire_protocol_cpp_gen(//build/toolchain/linux:clang_x64)
[1658/3816] ACTION //third_party/perfetto/protos/perfetto/config/ftrace:cpp_gen(//build/toolchain/linux:clang_x64)
[1659/3816] ACTION //third_party/perfetto/protos/perfetto/protovm:cpp_gen(//build/toolchain/linux:clang_x64)
[1660/3816] ACTION //third_party/perfetto/protos/perfetto/trace/track_event:descriptor_gen(//build/toolchain/linux:clang_x64)
[1661/3816] CXX obj/third_party/perfetto/src/ipc/common/deferred.o
[1662/3816] ACTION //third_party/perfetto/protos/perfetto/trace/android:android_track_event_descriptor_gen(//build/toolchain/linux:clang_x64)
[1663/3816] CXX obj/third_party/perfetto/protos/perfetto/common/semantic_type_cpp/semantic_type.gen.o
[1664/3816] ACTION //third_party/perfetto/protos/perfetto/config/statsd:cpp_gen(//build/toolchain/linux:clang_x64)
[1665/3816] CXX obj/third_party/perfetto/protos/perfetto/config/system_info/cpp/system_info_config.gen.o
[1666/3816] CXX obj/third_party/perfetto/protos/perfetto/config/gpu/cpp/vulkan_memory_config.gen.o
[1667/3816] ACTION //third_party/perfetto/src/trace_processor/importers/proto:gen_cc_track_event_descriptor(//build/toolchain/linux:clang_x64)
[1668/3816] CXX obj/third_party/perfetto/protos/perfetto/config/protovm/cpp/protovm_config.gen.o
[1669/3816] CXX obj/third_party/perfetto/src/ipc/common/virtual_destructors.o
[1670/3816] LINK ./ipc_plugin
[1671/3816] CXX obj/third_party/perfetto/src/ipc/common/buffered_frame_deserializer.o
[1672/3816] RUST clang_x64_for_rust_host_build_tools/obj/third_party/rust/quote/v1/lib/libquote_lib.rlib clang_x64_for_rust_host_build_tools/obj/third_party/rust/quote/v1/lib/libquote_lib.rmeta clang_x64_for_rust_host_build_tools/obj/third_party/rust/quote/v1/lib.rustflags.json clang_x64_for_rust_host_build_tools/obj/third_party/rust/quote/v1/lib.rsp.rust
[1673/3816] ACTION //third_party/perfetto/src/trace_processor/importers/proto:gen_cc_android_track_event_descriptor(//build/toolchain/linux:clang_x64)
[1674/3816] ACTION //third_party/perfetto/protos/perfetto/trace/track_event:cpp_gen(//build/toolchain/linux:clang_x64)
[1675/3816] CXX obj/third_party/perfetto/protos/perfetto/config/priority_boost/cpp/priority_boost_config.gen.o
[1676/3816] CXX obj/third_party/perfetto/protos/perfetto/config/ftrace/cpp/frozen_ftrace_config.gen.o
[1677/3816] CXX obj/third_party/perfetto/protos/perfetto/config/gpu/cpp/gpu_renderstages_config.gen.o
[1678/3816] CXX obj/third_party/perfetto/protos/perfetto/config/power/cpp/android_power_config.gen.o
[1679/3816] CXX obj/third_party/perfetto/protos/perfetto/config/process_stats/cpp/process_stats_config.gen.o
[1680/3816] CXX obj/third_party/perfetto/protos/perfetto/config/gpu/cpp/gpu_counter_config.gen.o
[1681/3816] CXX obj/third_party/perfetto/protos/perfetto/config/track_event/cpp/track_event_config.gen.o
[1682/3816] CXX obj/third_party/perfetto/protos/perfetto/config/statsd/cpp/atom_ids.gen.o
[1683/3816] CXX obj/third_party/perfetto/protos/perfetto/config/inode_file/cpp/inode_file_config.gen.o
[1684/3816] ACTION //third_party/perfetto/protos/third_party/chromium:descriptor_gen(//build/toolchain/linux:clang_x64)
[1685/3816] CXX obj/third_party/perfetto/protos/perfetto/protovm/cpp/vm_program.gen.o
[1686/3816] CXX obj/third_party/perfetto/protos/perfetto/trace/track_event/cpp/chrome_thread_descriptor.gen.o
[1687/3816] CXX obj/third_party/perfetto/protos/perfetto/trace/track_event/cpp/chrome_process_descriptor.gen.o
[1688/3816] CXX obj/third_party/perfetto/protos/perfetto/trace/track_event/cpp/chrome_keyed_service.gen.o
[1689/3816] CXX obj/third_party/perfetto/protos/perfetto/trace/track_event/cpp/chrome_application_state_info.gen.o
[1690/3816] CXX obj/third_party/perfetto/protos/perfetto/trace/track_event/cpp/chrome_message_pump.gen.o
[1691/3816] CXX obj/third_party/perfetto/protos/perfetto/trace/track_event/cpp/chrome_content_settings_event_info.gen.o
[1692/3816] CXX obj/third_party/perfetto/protos/perfetto/trace/track_event/cpp/chrome_legacy_ipc.gen.o
[1693/3816] CXX obj/third_party/perfetto/protos/perfetto/trace/track_event/cpp/chrome_window_handle_event_info.gen.o
[1694/3816] CXX obj/third_party/perfetto/protos/perfetto/ipc/wire_protocol_cpp/wire_protocol.gen.o
[1695/3816] CXX obj/third_party/perfetto/src/ipc/client/service_proxy.o
[1696/3816] CXX obj/third_party/perfetto/protos/perfetto/trace/track_event/cpp/chrome_mojo_event_info.gen.o
[1697/3816] CXX obj/third_party/perfetto/protos/perfetto/trace/track_event/cpp/log_message.gen.o
[1698/3816] CXX obj/third_party/perfetto/protos/perfetto/trace/track_event/cpp/chrome_histogram_sample.gen.o
[1699/3816] CXX obj/third_party/perfetto/protos/perfetto/trace/track_event/cpp/task_execution.gen.o
[1700/3816] CXX obj/third_party/perfetto/protos/perfetto/trace/track_event/cpp/range_of_interest.gen.o
[1701/3816] CXX obj/third_party/perfetto/protos/perfetto/trace/track_event/cpp/counter_descriptor.gen.o
[1702/3816] CXX obj/third_party/perfetto/protos/perfetto/trace/track_event/cpp/screenshot.gen.o
[1703/3816] CXX obj/third_party/perfetto/protos/perfetto/trace/track_event/cpp/source_location.gen.o
[1704/3816] CXX obj/third_party/perfetto/protos/perfetto/trace/track_event/cpp/chrome_active_processes.gen.o
[1705/3816] CXX obj/third_party/perfetto/protos/perfetto/trace/track_event/cpp/thread_descriptor.gen.o
[1706/3816] CXX obj/third_party/perfetto/protos/perfetto/trace/track_event/cpp/chrome_frame_reporter.gen.o
[1707/3816] CXX obj/third_party/perfetto/protos/perfetto/trace/track_event/cpp/chrome_user_event.gen.o
[1708/3816] CXX obj/third_party/perfetto/protos/perfetto/trace/track_event/cpp/process_descriptor.gen.o
[1709/3816] CXX obj/third_party/perfetto/protos/perfetto/trace/track_event/cpp/chrome_renderer_scheduler_state.gen.o
[1710/3816] CXX obj/third_party/perfetto/protos/perfetto/trace/track_event/cpp/chrome_latency_info.gen.o
[1711/3816] CXX obj/third_party/perfetto/protos/perfetto/trace/track_event/cpp/chrome_compositor_scheduler_state.gen.o
[1712/3816] CXX obj/third_party/perfetto/src/ipc/client/client_impl.o
[1713/3816] CXX obj/third_party/perfetto/src/protozero/protoc_plugin/protozero_plugin/protozero_plugin.o
[1714/3816] CXX obj/third_party/perfetto/protos/perfetto/config/ftrace/cpp/ftrace_config.gen.o
[1715/3816] CXX obj/third_party/perfetto/src/ipc/host/host_impl.o
[1716/3816] CXX obj/third_party/perfetto/protos/perfetto/config/statsd/cpp/statsd_tracing_config.gen.o
[1717/3816] CXX obj/third_party/perfetto/protos/perfetto/trace/track_event/cpp/track_descriptor.gen.o
[1718/3816] CXX obj/third_party/perfetto/protos/perfetto/trace/track_event/cpp/debug_annotation.gen.o
[1719/3816] ACTION //third_party/perfetto/protos/perfetto/common:cpp_gen(//build/toolchain/linux:clang_x64)
[1720/3816] RUST local_rustc_sysroot/lib/rustlib/x86_64-unknown-linux-gnu/lib/liballoc_alloc.rlib local_rustc_sysroot/lib/rustlib/x86_64-unknown-linux-gnu/lib/liballoc_alloc.rmeta obj/build/rust/std/rules/alloc.rustflags.json obj/build/rust/std/rules/alloc.rsp.rust
[1721/3816] RUST local_rustc_sysroot/lib/rustlib/x86_64-unknown-linux-gnu/lib/librustc_std_workspace_alloc_rustc_std_workspace_alloc.rlib local_rustc_sysroot/lib/rustlib/x86_64-unknown-linux-gnu/lib/librustc_std_workspace_alloc_rustc_std_workspace_alloc.rmeta obj/build/rust/std/rules/rustc_std_workspace_alloc.rustflags.json obj/build/rust/std/rules/rustc_std_workspace_alloc.rsp.rust
[1722/3816] LINK ./protozero_plugin
[1723/3816] CXX obj/third_party/perfetto/protos/perfetto/common/cpp/android_log_constants.gen.o
[1724/3816] CXX obj/third_party/perfetto/protos/perfetto/common/cpp/protolog_common.gen.o
[1725/3816] CXX obj/third_party/perfetto/protos/perfetto/common/cpp/sys_stats_counters.gen.o
[1726/3816] CXX obj/third_party/perfetto/protos/perfetto/common/cpp/builtin_clock.gen.o
[1727/3816] ACTION //third_party/perfetto/protos/perfetto/config/inode_file:zero_gen(//build/toolchain/linux:clang_x64)
[1728/3816] ACTION //third_party/perfetto/protos/perfetto/config/power:zero_gen(//build/toolchain/linux:clang_x64)
[1729/3816] ACTION //third_party/perfetto/protos/perfetto/config/priority_boost:zero_gen(//build/toolchain/linux:clang_x64)
[1730/3816] CXX obj/third_party/perfetto/protos/perfetto/common/cpp/interceptor_descriptor.gen.o
[1731/3816] ACTION //third_party/perfetto/protos/perfetto/protovm:zero_gen(//build/toolchain/linux:clang_x64)
[1732/3816] ACTION //third_party/perfetto/protos/perfetto/common:semantic_type_zero_gen(//build/toolchain/linux:clang_x64)
[1733/3816] ACTION //third_party/perfetto/protos/perfetto/config/process_stats:zero_gen(//build/toolchain/linux:clang_x64)
[1734/3816] CXX obj/third_party/perfetto/protos/perfetto/common/cpp/data_source_descriptor.gen.o
[1735/3816] ACTION //third_party/perfetto/protos/perfetto/config/gpu:zero_gen(//build/toolchain/linux:clang_x64)
[1736/3816] ACTION //third_party/perfetto/protos/perfetto/config/interceptors:zero_gen(//build/toolchain/linux:clang_x64)
[1737/3816] CXX obj/third_party/perfetto/protos/perfetto/common/cpp/system_info.gen.o
[1738/3816] ACTION //third_party/perfetto/protos/perfetto/config/protovm:zero_gen(//build/toolchain/linux:clang_x64)
[1739/3816] ACTION //third_party/perfetto/protos/perfetto/config/qnx:zero_gen(//build/toolchain/linux:clang_x64)
[1740/3816] ACTION //third_party/perfetto/protos/perfetto/config/ftrace:zero_gen(//build/toolchain/linux:clang_x64)
[1741/3816] CXX obj/third_party/perfetto/protos/perfetto/protovm/zero/vm_program.pbzero.o
[1742/3816] ACTION //third_party/perfetto/protos/perfetto/config/android:zero_gen(//build/toolchain/linux:clang_x64)
[1743/3816] CXX obj/third_party/perfetto/protos/perfetto/common/cpp/trace_attributes.gen.o
[1744/3816] CXX obj/third_party/perfetto/protos/perfetto/common/cpp/ftrace_descriptor.gen.o
[1745/3816] CXX obj/third_party/perfetto/protos/perfetto/common/cpp/observable_events.gen.o
[1746/3816] CXX obj/third_party/perfetto/protos/perfetto/common/cpp/android_energy_consumer_descriptor.gen.o
[1747/3816] ACTION //third_party/perfetto/protos/perfetto/config/system_info:zero_gen(//build/toolchain/linux:clang_x64)
[1748/3816] CXX obj/third_party/perfetto/protos/perfetto/common/cpp/tracing_service_capabilities.gen.o
[1749/3816] ACTION //third_party/perfetto/protos/perfetto/config/profiling:zero_gen(//build/toolchain/linux:clang_x64)
[1750/3816] CXX obj/third_party/perfetto/protos/perfetto/common/cpp/perf_events.gen.o
[1751/3816] CXX obj/third_party/perfetto/protos/perfetto/common/cpp/track_event_descriptor.gen.o
[1752/3816] ACTION //third_party/perfetto/protos/perfetto/config/track_event:zero_gen(//build/toolchain/linux:clang_x64)
[1753/3816] ACTION //third_party/perfetto/protos/perfetto/trace/android:winscope_common_zero_gen(//build/toolchain/linux:clang_x64)
[1754/3816] ACTION //third_party/perfetto/protos/perfetto/trace:minimal_zero_gen(//build/toolchain/linux:clang_x64)
[1755/3816] ACTION //third_party/perfetto/protos/perfetto/trace/filesystem:zero_gen(//build/toolchain/linux:clang_x64)
[1756/3816] ACTION //third_party/perfetto/protos/perfetto/config/sys_stats:zero_gen(//build/toolchain/linux:clang_x64)
[1757/3816] ACTION //third_party/perfetto/protos/perfetto/trace/generic_kernel:zero_gen(//build/toolchain/linux:clang_x64)
[1758/3816] CXX obj/third_party/perfetto/protos/perfetto/common/semantic_type_zero/semantic_type.pbzero.o
[1759/3816] ACTION //third_party/perfetto/protos/perfetto/trace/statsd:zero_gen(//build/toolchain/linux:clang_x64)
[1760/3816] ACTION //third_party/perfetto/protos/perfetto/trace/power:zero_gen(//build/toolchain/linux:clang_x64)
[1761/3816] ACTION //third_party/perfetto/protos/perfetto/trace/perfetto:zero_gen(//build/toolchain/linux:clang_x64)
[1762/3816] ACTION //third_party/perfetto/protos/perfetto/perfetto_sql:zero_gen(//build/toolchain/linux:clang_x64)
[1763/3816] ACTION //third_party/perfetto/protos/perfetto/trace/etw:zero_gen(//build/toolchain/linux:clang_x64)
[1764/3816] ACTION //third_party/perfetto/protos/perfetto/trace/gpu:zero_gen(//build/toolchain/linux:clang_x64)
[1765/3816] CXX obj/third_party/perfetto/protos/perfetto/config/ftrace/zero/ftrace_config.pbzero.o
[1766/3816] CXX obj/third_party/perfetto/protos/perfetto/config/gpu/zero/gpu_counter_config.pbzero.o
[1767/3816] CXX obj/third_party/perfetto/protos/perfetto/config/ftrace/zero/frozen_ftrace_config.pbzero.o
[1768/3816] ACTION //third_party/perfetto/protos/perfetto/trace/system_info:zero_gen(//build/toolchain/linux:clang_x64)
[1769/3816] ACTION //third_party/perfetto/protos/perfetto/trace/ps:zero_gen(//build/toolchain/linux:clang_x64)
[1770/3816] CXX obj/third_party/perfetto/protos/perfetto/config/gpu/zero/gpu_renderstages_config.pbzero.o
[1771/3816] CXX obj/third_party/perfetto/protos/perfetto/config/gpu/zero/vulkan_memory_config.pbzero.o
[1772/3816] CXX obj/third_party/perfetto/protos/perfetto/config/inode_file/zero/inode_file_config.pbzero.o
[1773/3816] RUST local_rustc_sysroot/lib/rustlib/x86_64-unknown-linux-gnu/lib/libstd_detect_std_detect.rlib local_rustc_sysroot/lib/rustlib/x86_64-unknown-linux-gnu/lib/libstd_detect_std_detect.rmeta obj/build/rust/std/rules/std_detect.rustflags.json obj/build/rust/std/rules/std_detect.rsp.rust
[1774/3816] CXX obj/third_party/perfetto/protos/perfetto/config/power/zero/android_power_config.pbzero.o
[1775/3816] CXX obj/third_party/perfetto/protos/perfetto/common/cpp/commit_data_request.gen.o
[1776/3816] ACTION //third_party/perfetto/protos/perfetto/trace/sys_stats:zero_gen(//build/toolchain/linux:clang_x64)
[1777/3816] CXX obj/third_party/perfetto/protos/perfetto/config/priority_boost/zero/priority_boost_config.pbzero.o
[1778/3816] CXX obj/third_party/perfetto/protos/perfetto/config/process_stats/zero/process_stats_config.pbzero.o
[1779/3816] CXX obj/third_party/perfetto/protos/perfetto/config/protovm/zero/protovm_config.pbzero.o
[1780/3816] CXX obj/third_party/perfetto/protos/perfetto/config/system_info/zero/system_info_config.pbzero.o
[1781/3816] ACTION //third_party/perfetto/protos/perfetto/trace/translation:zero_gen(//build/toolchain/linux:clang_x64)
[1782/3816] CXX obj/third_party/perfetto/protos/perfetto/trace/track_event/cpp/track_event.gen.o
[1783/3816] CXX obj/third_party/perfetto/protos/perfetto/perfetto_sql/zero/structured_query.pbzero.o
[1784/3816] CXX obj/third_party/perfetto/protos/perfetto/trace/android/winscope_common_zero/point.pbzero.o
[1785/3816] ACTION //third_party/perfetto/protos/perfetto/trace/chrome:zero_gen(//build/toolchain/linux:clang_x64)
[1786/3816] ACTION //third_party/perfetto/protos/perfetto/common:zero_gen(//build/toolchain/linux:clang_x64)
[1787/3816] ACTION //third_party/perfetto/protos/perfetto/trace/android:zero_gen(//build/toolchain/linux:clang_x64)
[1788/3816] CXX obj/third_party/perfetto/protos/perfetto/config/track_event/zero/track_event_config.pbzero.o
[1789/3816] CXX obj/third_party/perfetto/protos/perfetto/trace/android/winscope_common_zero/insets.pbzero.o
[1790/3816] CXX obj/third_party/perfetto/protos/perfetto/trace/android/winscope_common_zero/winscope_extensions.pbzero.o
[1791/3816] ACTION //third_party/perfetto/protos/third_party/pprof:zero_gen(//build/toolchain/linux:clang_x64)
[1792/3816] ACTION //third_party/perfetto/protos/perfetto/trace/interned_data:zero_gen(//build/toolchain/linux:clang_x64)
[1793/3816] ACTION //third_party/perfetto/protos/perfetto/config/statsd:zero_gen(//build/toolchain/linux:clang_x64)
[1794/3816] ACTION //third_party/perfetto/protos/perfetto/trace/profiling:zero_gen(//build/toolchain/linux:clang_x64)
[1795/3816] CXX obj/third_party/perfetto/protos/perfetto/trace/perfetto/zero/tracing_service_event.pbzero.o
[1796/3816] CXX obj/third_party/perfetto/protos/perfetto/common/zero/builtin_clock.pbzero.o
[1797/3816] CXX obj/third_party/perfetto/protos/perfetto/common/zero/android_energy_consumer_descriptor.pbzero.o
[1798/3816] CXX obj/third_party/perfetto/protos/perfetto/trace/chrome/zero/chrome_benchmark_metadata.pbzero.o
[1799/3816] CXX obj/third_party/perfetto/protos/perfetto/common/zero/commit_data_request.pbzero.o
[1800/3816] ACTION //third_party/perfetto/protos/perfetto/trace_summary:zero_gen(//build/toolchain/linux:clang_x64)
[1801/3816] CXX obj/third_party/perfetto/protos/perfetto/common/zero/perf_events.pbzero.o
[1802/3816] CXX obj/third_party/perfetto/protos/perfetto/common/zero/protolog_common.pbzero.o
[1803/3816] CXX obj/third_party/perfetto/protos/perfetto/common/zero/sys_stats_counters.pbzero.o
[1804/3816] CXX obj/third_party/perfetto/protos/perfetto/common/zero/trace_stats.pbzero.o
[1805/3816] ACTION //third_party/perfetto/protos/perfetto/trace/android:winscope_regular_zero_gen(//build/toolchain/linux:clang_x64)
[1806/3816] ACTION //third_party/perfetto/protos/perfetto/trace_processor:zero_gen(//build/toolchain/linux:clang_x64)
[1807/3816] ACTION //third_party/perfetto/protos/perfetto/config:zero_gen(//build/toolchain/linux:clang_x64)
[1808/3816] CXX obj/third_party/perfetto/protos/perfetto/trace/android/winscope_common_zero/rect.pbzero.o
[1809/3816] CXX obj/third_party/perfetto/protos/perfetto/trace/perfetto/zero/perfetto_metatrace.pbzero.o
[1810/3816] CXX obj/third_party/perfetto/protos/perfetto/trace/etw/zero/etw.pbzero.o
[1811/3816] CXX obj/third_party/perfetto/protos/perfetto/trace/filesystem/zero/inode_file_map.pbzero.o
[1812/3816] CXX obj/third_party/perfetto/protos/perfetto/trace/generic_kernel/zero/generic_power.pbzero.o
[1813/3816] CXX obj/third_party/perfetto/protos/perfetto/trace/generic_kernel/zero/generic_task.pbzero.o
[1814/3816] CXX obj/third_party/perfetto/protos/perfetto/trace/etw/zero/etw_event.pbzero.o
[1815/3816] CXX obj/third_party/perfetto/protos/perfetto/trace/perfetto/zero/trace_provenance.pbzero.o
[1816/3816] CXX obj/third_party/perfetto/protos/perfetto/trace/ps/zero/process_stats.pbzero.o
[1817/3816] CXX obj/third_party/perfetto/protos/perfetto/common/zero/android_log_constants.pbzero.o
[1818/3816] CXX obj/third_party/perfetto/protos/perfetto/common/zero/data_source_descriptor.pbzero.o
[1819/3816] CXX obj/third_party/perfetto/protos/perfetto/common/zero/interceptor_descriptor.pbzero.o
[1820/3816] CXX obj/third_party/perfetto/protos/perfetto/trace/etw/zero/etw_event_bundle.pbzero.o
[1821/3816] CXX obj/third_party/perfetto/protos/perfetto/common/zero/descriptor.pbzero.o
[1822/3816] CXX obj/third_party/perfetto/protos/perfetto/common/zero/ftrace_descriptor.pbzero.o
[1823/3816] CXX obj/third_party/perfetto/protos/perfetto/common/zero/gpu_counter_descriptor.pbzero.o
[1824/3816] CXX obj/third_party/perfetto/protos/perfetto/common/zero/observable_events.pbzero.o
[1825/3816] CXX obj/third_party/perfetto/protos/perfetto/common/zero/system_info.pbzero.o
[1826/3816] CXX obj/third_party/perfetto/protos/perfetto/common/zero/trace_attributes.pbzero.o
[1827/3816] CXX obj/third_party/perfetto/protos/perfetto/common/zero/tracing_service_capabilities.pbzero.o
[1828/3816] CXX obj/third_party/perfetto/protos/perfetto/common/zero/tracing_service_state.pbzero.o
[1829/3816] CXX obj/third_party/perfetto/protos/perfetto/common/zero/track_event_descriptor.pbzero.o
[1830/3816] CXX obj/third_party/perfetto/protos/perfetto/common/cpp/gpu_counter_descriptor.gen.o
[1831/3816] CXX obj/third_party/perfetto/protos/perfetto/common/cpp/trace_stats.gen.o
[1832/3816] RUST local_rustc_sysroot/lib/rustlib/x86_64-unknown-linux-gnu/lib/libminiz_oxide_miniz_oxide.rlib local_rustc_sysroot/lib/rustlib/x86_64-unknown-linux-gnu/lib/libminiz_oxide_miniz_oxide.rmeta obj/build/rust/std/rules/miniz_oxide.rustflags.json obj/build/rust/std/rules/miniz_oxide.rsp.rust
[1833/3816] CXX obj/third_party/perfetto/protos/perfetto/common/cpp/tracing_service_state.gen.o
[1834/3816] CXX obj/third_party/perfetto/protos/perfetto/config/android/zero/android_system_property_config.pbzero.o
[1835/3816] CXX obj/third_party/perfetto/protos/perfetto/config/android/zero/app_wakelock_config.pbzero.o
[1836/3816] CXX obj/third_party/perfetto/protos/perfetto/config/android/zero/inputmethod_config.pbzero.o
[1837/3816] CXX obj/third_party/perfetto/protos/perfetto/config/android/zero/kernel_wakelocks_config.pbzero.o
[1838/3816] CXX obj/third_party/perfetto/protos/perfetto/config/android/zero/cpu_per_uid_config.pbzero.o
[1839/3816] CXX obj/third_party/perfetto/protos/perfetto/config/zero/system_metrics.pbzero.o
[1840/3816] ACTION //third_party/perfetto/protos/perfetto/trace/track_event:zero_gen(//build/toolchain/linux:clang_x64)
[1841/3816] CXX obj/third_party/perfetto/protos/perfetto/config/zero/stress_test_config.pbzero.o
[1842/3816] CXX obj/third_party/perfetto/protos/perfetto/config/android/zero/android_log_config.pbzero.o
[1843/3816] CXX obj/third_party/perfetto/protos/perfetto/config/android/zero/packages_list_config.pbzero.o
[1844/3816] CXX obj/third_party/perfetto/protos/perfetto/config/android/zero/android_polled_state_config.pbzero.o
[1845/3816] CXX obj/third_party/perfetto/protos/perfetto/config/android/zero/android_game_intervention_list_config.pbzero.o
[1846/3816] CXX obj/third_party/perfetto/protos/perfetto/config/zero/chrome_config.pbzero.o
[1847/3816] CXX obj/third_party/perfetto/protos/perfetto/config/zero/histogram_samples.pbzero.o
[1848/3816] CXX obj/third_party/perfetto/protos/perfetto/config/android/zero/android_input_event_config.pbzero.o
[1849/3816] CXX obj/third_party/perfetto/protos/perfetto/config/android/zero/pixel_modem_config.pbzero.o
[1850/3816] CXX obj/third_party/perfetto/protos/perfetto/config/android/zero/protolog_config.pbzero.o
[1851/3816] CXX obj/third_party/perfetto/protos/perfetto/config/android/zero/surfaceflinger_layers_config.pbzero.o
[1852/3816] CXX obj/third_party/perfetto/protos/perfetto/config/android/zero/surfaceflinger_transactions_config.pbzero.o
[1853/3816] CXX obj/third_party/perfetto/protos/perfetto/config/android/zero/user_list_config.pbzero.o
[1854/3816] CXX obj/third_party/perfetto/protos/perfetto/config/android/zero/windowmanager_config.pbzero.o
[1855/3816] CXX obj/third_party/perfetto/protos/perfetto/config/interceptors/zero/console_config.pbzero.o
[1856/3816] CXX obj/third_party/perfetto/protos/perfetto/config/profiling/zero/heapprofd_config.pbzero.o
[1857/3816] CXX obj/third_party/perfetto/protos/perfetto/config/profiling/zero/java_hprof_config.pbzero.o
[1858/3816] CXX obj/third_party/perfetto/protos/perfetto/config/qnx/zero/qnx_config.pbzero.o
[1859/3816] CXX obj/third_party/perfetto/protos/perfetto/config/zero/data_source_config.pbzero.o
[1860/3816] CXX obj/third_party/perfetto/protos/perfetto/config/android/zero/android_sdk_sysprop_guard_config.pbzero.o
[1861/3816] CXX obj/third_party/perfetto/protos/perfetto/config/android/zero/network_trace_config.pbzero.o
[1862/3816] CXX obj/third_party/perfetto/protos/perfetto/config/profiling/zero/perf_event_config.pbzero.o
[1863/3816] CXX obj/third_party/perfetto/protos/perfetto/config/zero/scenario_config.pbzero.o
[1864/3816] CXX obj/third_party/perfetto/protos/perfetto/config/zero/v8_config.pbzero.o
[1865/3816] CXX obj/third_party/perfetto/protos/perfetto/config/zero/etw_config.pbzero.o
[1866/3816] CXX obj/third_party/perfetto/protos/perfetto/config/zero/interceptor_config.pbzero.o
[1867/3816] CXX obj/third_party/perfetto/protos/perfetto/config/zero/test_config.pbzero.o
[1868/3816] CXX obj/third_party/perfetto/protos/perfetto/config/zero/trace_config.pbzero.o
[1869/3816] CXX obj/third_party/perfetto/protos/perfetto/config/statsd/zero/atom_ids.pbzero.o
[1870/3816] CXX obj/third_party/perfetto/protos/perfetto/trace/android/zero/frame_timeline_event.pbzero.o
[1871/3816] CXX obj/third_party/perfetto/protos/perfetto/config/statsd/zero/statsd_tracing_config.pbzero.o
[1872/3816] CXX obj/third_party/perfetto/protos/perfetto/config/sys_stats/zero/sys_stats_config.pbzero.o
[1873/3816] CXX obj/third_party/perfetto/protos/perfetto/trace/minimal_zero/clock_snapshot.pbzero.o
[1874/3816] CXX obj/third_party/perfetto/protos/perfetto/trace/minimal_zero/trigger.pbzero.o
[1875/3816] CXX obj/third_party/perfetto/protos/perfetto/trace/minimal_zero/trace_uuid.pbzero.o
[1876/3816] CXX obj/third_party/perfetto/protos/perfetto/trace/android/winscope_regular_zero/protolog.pbzero.o
[1877/3816] CXX obj/third_party/perfetto/protos/perfetto/trace/android/winscope_regular_zero/shell_transition.pbzero.o
[1878/3816] CXX obj/third_party/perfetto/protos/perfetto/trace/android/winscope_regular_zero/surfaceflinger_transactions.pbzero.o
[1879/3816] CXX obj/third_party/perfetto/protos/perfetto/trace/android/zero/android_log.pbzero.o
[1880/3816] CXX obj/third_party/perfetto/protos/perfetto/trace/android/zero/android_system_property.pbzero.o
[1881/3816] CXX obj/third_party/perfetto/protos/perfetto/trace/android/zero/app_wakelock_data.pbzero.o
[1882/3816] CXX obj/third_party/perfetto/protos/perfetto/trace/android/zero/bluetooth_trace.pbzero.o
[1883/3816] CXX obj/third_party/perfetto/protos/perfetto/trace/android/zero/camera_event.pbzero.o
[1884/3816] CXX obj/third_party/perfetto/protos/perfetto/trace/android/zero/cpu_per_uid_data.pbzero.o
[1885/3816] CXX obj/third_party/simdutf/simdutf/simdutf.o
[1886/3816] CXX obj/third_party/perfetto/protos/perfetto/trace/android/winscope_regular_zero/surfaceflinger_common.pbzero.o
[1887/3816] CXX obj/third_party/perfetto/protos/perfetto/trace/android/winscope_regular_zero/surfaceflinger_layers.pbzero.o
[1888/3816] CXX obj/third_party/perfetto/protos/perfetto/trace/android/zero/gpu_mem_event.pbzero.o
[1889/3816] CXX obj/third_party/perfetto/protos/perfetto/trace/android/zero/graphics_frame_event.pbzero.o
[1890/3816] CXX obj/third_party/perfetto/protos/perfetto/trace/android/zero/initial_display_state.pbzero.o
[1891/3816] CXX obj/third_party/perfetto/protos/perfetto/trace/android/zero/kernel_wakelock_data.pbzero.o
[1892/3816] CXX obj/third_party/perfetto/protos/perfetto/trace/android/zero/network_trace.pbzero.o
[1893/3816] CXX obj/third_party/perfetto/protos/perfetto/trace/android/zero/packages_list.pbzero.o
[1894/3816] CXX obj/third_party/perfetto/protos/perfetto/trace/android/zero/android_game_intervention_list.pbzero.o
[1895/3816] CXX obj/third_party/perfetto/protos/perfetto/trace/android/zero/pixel_modem_events.pbzero.o
[1896/3816] CXX obj/third_party/perfetto/protos/perfetto/trace/android/zero/user_list.pbzero.o
[1897/3816] CXX obj/third_party/perfetto/protos/perfetto/trace/chrome/zero/chrome_metadata.pbzero.o
[1898/3816] CXX obj/third_party/perfetto/protos/perfetto/trace/chrome/zero/chrome_trace_event.pbzero.o
[1899/3816] ACTION //third_party/perfetto/protos/perfetto/trace:descriptor_gen(//build/toolchain/linux:clang_x64)
[1900/3816] CXX obj/third_party/perfetto/protos/perfetto/trace/chrome/zero/chrome_trigger.pbzero.o
[1901/3816] CXX obj/third_party/perfetto/protos/perfetto/trace/gpu/zero/gpu_render_stage_event.pbzero.o
[1902/3816] CXX obj/third_party/perfetto/protos/perfetto/trace/gpu/zero/gpu_counter_event.pbzero.o
[1903/3816] CXX obj/third_party/perfetto/protos/perfetto/trace/power/zero/power_rails.pbzero.o
[1904/3816] CXX obj/third_party/perfetto/protos/perfetto/trace/gpu/zero/gpu_log.pbzero.o
[1905/3816] CXX obj/third_party/perfetto/protos/perfetto/trace/power/zero/battery_counters.pbzero.o
[1906/3816] CXX obj/third_party/perfetto/protos/perfetto/trace/profiling/zero/heap_graph.pbzero.o
[1907/3816] CXX obj/third_party/perfetto/protos/perfetto/trace/chrome/zero/v8.pbzero.o
[1908/3816] CXX obj/third_party/perfetto/protos/perfetto/trace/gpu/zero/vulkan_memory_event.pbzero.o
[1909/3816] CXX obj/third_party/perfetto/protos/perfetto/trace/profiling/zero/profile_packet.pbzero.o
[1910/3816] CXX obj/third_party/perfetto/protos/perfetto/trace/profiling/zero/smaps.pbzero.o
[1911/3816] CXX obj/third_party/perfetto/protos/perfetto/trace/system_info/zero/cpu_info.pbzero.o
[1912/3816] CXX obj/third_party/perfetto/protos/perfetto/trace/gpu/zero/vulkan_api_event.pbzero.o
[1913/3816] CXX obj/third_party/perfetto/protos/perfetto/trace/power/zero/android_energy_estimation_breakdown.pbzero.o
[1914/3816] CXX obj/third_party/perfetto/protos/perfetto/trace/profiling/zero/deobfuscation.pbzero.o
[1915/3816] CXX obj/third_party/perfetto/protos/perfetto/trace/profiling/zero/profile_common.pbzero.o
[1916/3816] CXX obj/third_party/perfetto/protos/perfetto/trace/ps/zero/process_tree.pbzero.o
[1917/3816] CXX obj/third_party/perfetto/protos/perfetto/trace/statsd/zero/statsd_atom.pbzero.o
[1918/3816] CXX obj/third_party/perfetto/protos/perfetto/trace/sys_stats/zero/sys_stats.pbzero.o
[1919/3816] CXX obj/third_party/perfetto/protos/perfetto/trace/power/zero/android_entity_state_residency.pbzero.o
[1920/3816] CXX obj/third_party/perfetto/protos/perfetto/trace/interned_data/zero/interned_data.pbzero.o
[1921/3816] CXX obj/third_party/perfetto/protos/perfetto/trace/track_event/zero/chrome_active_processes.pbzero.o
[1922/3816] CXX obj/third_party/perfetto/protos/perfetto/trace/track_event/zero/chrome_compositor_scheduler_state.pbzero.o
[1923/3816] CXX obj/third_party/perfetto/protos/perfetto/trace/track_event/zero/chrome_content_settings_event_info.pbzero.o
[1924/3816] CXX obj/third_party/perfetto/protos/perfetto/trace/track_event/zero/chrome_frame_reporter.pbzero.o
[1925/3816] CXX obj/third_party/perfetto/protos/perfetto/trace/track_event/zero/chrome_histogram_sample.pbzero.o
[1926/3816] RUST clang_x64_for_rust_host_build_tools/obj/third_party/rust/serde_core/v1/lib/libserde_core_lib.rlib clang_x64_for_rust_host_build_tools/obj/third_party/rust/serde_core/v1/lib/libserde_core_lib.rmeta clang_x64_for_rust_host_build_tools/obj/third_party/rust/serde_core/v1/lib.rustflags.json clang_x64_for_rust_host_build_tools/obj/third_party/rust/serde_core/v1/lib.rsp.rust
[1927/3816] CXX obj/third_party/perfetto/protos/perfetto/trace/track_event/zero/chrome_application_state_info.pbzero.o
[1928/3816] CXX obj/third_party/perfetto/protos/perfetto/trace/track_event/zero/chrome_keyed_service.pbzero.o
[1929/3816] CXX obj/third_party/perfetto/protos/perfetto/trace/track_event/zero/chrome_latency_info.pbzero.o
[1930/3816] CXX obj/third_party/perfetto/protos/perfetto/trace/track_event/zero/chrome_message_pump.pbzero.o
[1931/3816] CXX obj/third_party/perfetto/protos/perfetto/trace/track_event/zero/chrome_mojo_event_info.pbzero.o
[1932/3816] CXX obj/third_party/perfetto/protos/perfetto/trace/track_event/zero/chrome_process_descriptor.pbzero.o
[1933/3816] CXX obj/third_party/perfetto/protos/perfetto/trace/track_event/zero/chrome_renderer_scheduler_state.pbzero.o
[1934/3816] CXX obj/third_party/perfetto/protos/perfetto/trace/track_event/zero/chrome_window_handle_event_info.pbzero.o
[1935/3816] CXX obj/third_party/perfetto/protos/perfetto/trace/track_event/zero/counter_descriptor.pbzero.o
[1936/3816] CXX obj/third_party/perfetto/protos/perfetto/trace/track_event/zero/debug_annotation.pbzero.o
[1937/3816] CXX obj/third_party/perfetto/protos/perfetto/trace/track_event/zero/chrome_legacy_ipc.pbzero.o
[1938/3816] CXX obj/third_party/perfetto/protos/perfetto/trace/track_event/zero/chrome_thread_descriptor.pbzero.o
[1939/3816] CXX obj/third_party/perfetto/protos/perfetto/trace/track_event/zero/process_descriptor.pbzero.o
[1940/3816] CXX obj/third_party/perfetto/protos/perfetto/trace/track_event/zero/range_of_interest.pbzero.o
[1941/3816] CXX obj/third_party/perfetto/protos/perfetto/trace/track_event/zero/source_location.pbzero.o
[1942/3816] CXX obj/third_party/perfetto/protos/perfetto/trace/track_event/zero/task_execution.pbzero.o
[1943/3816] CXX obj/third_party/perfetto/protos/perfetto/trace/track_event/zero/log_message.pbzero.o
[1944/3816] CXX obj/third_party/perfetto/protos/perfetto/trace/track_event/zero/screenshot.pbzero.o
[1945/3816] CXX obj/third_party/perfetto/protos/perfetto/trace/track_event/zero/thread_descriptor.pbzero.o
[1946/3816] CXX obj/third_party/perfetto/protos/perfetto/trace/track_event/zero/track_event.pbzero.o
[1947/3816] CXX obj/third_party/perfetto/protos/perfetto/trace/track_event/zero/chrome_user_event.pbzero.o
[1948/3816] CXX obj/third_party/perfetto/protos/perfetto/trace/translation/zero/translation_table.pbzero.o
[1949/3816] CXX obj/third_party/perfetto/protos/perfetto/trace_processor/zero/metatrace_categories.pbzero.o
[1950/3816] CXX obj/third_party/perfetto/protos/perfetto/trace_processor/zero/serialization.pbzero.o
[1951/3816] CXX obj/third_party/perfetto/protos/perfetto/trace_processor/zero/stack.pbzero.o
[1952/3816] CXX obj/third_party/perfetto/protos/perfetto/trace_summary/zero/v2_metric.pbzero.o
[1953/3816] CXX obj/third_party/perfetto/protos/perfetto/trace/track_event/zero/track_descriptor.pbzero.o
[1954/3816] CXX obj/third_party/perfetto/protos/perfetto/trace_summary/zero/file.pbzero.o
[1955/3816] CXX obj/third_party/perfetto/protos/third_party/pprof/zero/profile.pbzero.o
[1956/3816] CXX obj/third_party/perfetto/src/protozero/descriptor_diff/protozero_descriptor_diff/main.o
[1957/3816] CXX obj/third_party/perfetto/protos/perfetto/trace_processor/zero/trace_processor.pbzero.o
[1958/3816] CXX obj/third_party/perfetto/protos/perfetto/common/cpp/descriptor.gen.o
[1959/3816] CXX obj/third_party/perfetto/src/protovm/protovm/error_handling.o
[1960/3816] ACTION //third_party/perfetto/protos/perfetto/config/interceptors:cpp_gen(//build/toolchain/linux:clang_x64)
[1961/3816] CXX obj/third_party/perfetto/src/protovm/protovm/node.o
[1962/3816] ACTION //third_party/perfetto/protos/perfetto/config/sys_stats:cpp_gen(//build/toolchain/linux:clang_x64)
[1963/3816] CXX obj/third_party/perfetto/src/base/clock_snapshots/clock_snapshots.o
[1964/3816] ACTION //third_party/perfetto/protos/third_party/chromium:zero_gen(//build/toolchain/linux:clang_x64)
[1965/3816] ACTION //third_party/perfetto/protos/perfetto/config/qnx:cpp_gen(//build/toolchain/linux:clang_x64)
[1966/3816] CXX obj/third_party/perfetto/protos/third_party/chromium/zero/chrome_enums.pbzero.o
[1967/3816] CXX obj/third_party/perfetto/protos/third_party/chromium/zero/chrome_track_event.pbzero.o
[1968/3816] ACTION //third_party/perfetto/protos/perfetto/config/profiling:cpp_gen(//build/toolchain/linux:clang_x64)
[1969/3816] CXX obj/third_party/perfetto/src/trace_processor/util/blob/trace_blob.o
[1970/3816] CXX obj/third_party/perfetto/src/protovm/protovm/ro_cursor.o
[1971/3816] ACTION //third_party/perfetto/protos/perfetto/config/android:cpp_gen(//build/toolchain/linux:clang_x64)
[1972/3816] RUST local_rustc_sysroot/lib/rustlib/x86_64-unknown-linux-gnu/lib/libhashbrown_hashbrown.rlib local_rustc_sysroot/lib/rustlib/x86_64-unknown-linux-gnu/lib/libhashbrown_hashbrown.rmeta obj/build/rust/std/rules/hashbrown.rustflags.json obj/build/rust/std/rules/hashbrown.rsp.rust
[1973/3816] CXX obj/third_party/perfetto/src/protozero/descriptor_diff/lib/descriptor_diff.o
[1974/3816] CXX obj/third_party/perfetto/src/trace_processor/importers/perf_text/perf_text_sample_line_parser/perf_text_sample_line_parser.o
[1975/3816] CXX obj/third_party/perfetto/src/protovm/protovm/rw_proto.o
[1976/3816] CXX obj/third_party/perfetto/src/protovm/protovm/allocator.o
[1977/3816] CXX obj/third_party/perfetto/src/trace_processor/containers/containers/string_pool.o
[1978/3816] CXX obj/third_party/perfetto/src/protovm/protovm/executor.o
[1979/3816] CXX obj/third_party/perfetto/src/protovm/protovm/parser.o
[1980/3816] CXX obj/third_party/perfetto/protos/perfetto/config/interceptors/cpp/console_config.gen.o
[1981/3816] CXX obj/third_party/perfetto/protos/perfetto/config/qnx/cpp/qnx_config.gen.o
[1982/3816] CXX obj/third_party/perfetto/src/trace_processor/importers/android_bugreport/android_log_event/android_log_event.o
[1983/3816] CXX obj/third_party/perfetto/protos/perfetto/config/android/cpp/android_polled_state_config.gen.o
[1984/3816] CXX obj/third_party/perfetto/src/trace_processor/importers/fuchsia/fuchsia_record/fuchsia_record.o
[1985/3816] CXX obj/third_party/perfetto/protos/perfetto/config/android/cpp/cpu_per_uid_config.gen.o
[1986/3816] CXX obj/third_party/perfetto/src/protovm/protovm/vm.o
[1987/3816] CXX obj/third_party/perfetto/protos/perfetto/config/android/cpp/android_game_intervention_list_config.gen.o
[1988/3816] LINK ./protozero_descriptor_diff
[1989/3816] CXX obj/third_party/perfetto/src/protovm/protovm/rw_proto_cursor.o
[1990/3816] CXX obj/third_party/perfetto/protos/perfetto/config/android/cpp/app_wakelock_config.gen.o
[1991/3816] CXX obj/third_party/perfetto/protos/perfetto/config/android/cpp/inputmethod_config.gen.o
[1992/3816] CXX obj/third_party/perfetto/protos/perfetto/config/android/cpp/android_system_property_config.gen.o
[1993/3816] CXX obj/third_party/perfetto/protos/perfetto/config/android/cpp/android_sdk_sysprop_guard_config.gen.o
[1994/3816] ACTION //third_party/perfetto/protos/third_party/chromium:extension_descriptor_gen(//build/toolchain/linux:clang_x64)
[1995/3816] CXX obj/third_party/perfetto/src/trace_processor/util/protozero_to_text/protozero_to_text.o
[1996/3816] CXX obj/third_party/perfetto/protos/perfetto/config/android/cpp/android_input_event_config.gen.o
[1997/3816] CXX obj/third_party/perfetto/protos/perfetto/config/sys_stats/cpp/sys_stats_config.gen.o
[1998/3816] CXX obj/third_party/perfetto/protos/perfetto/config/android/cpp/network_trace_config.gen.o
[1999/3816] CXX obj/third_party/perfetto/protos/perfetto/config/android/cpp/kernel_wakelocks_config.gen.o
[2000/3816] CXX obj/third_party/perfetto/protos/perfetto/config/android/cpp/packages_list_config.gen.o
[2001/3816] CXX obj/third_party/perfetto/protos/perfetto/config/android/cpp/android_log_config.gen.o
[2002/3816] CXX obj/third_party/perfetto/protos/perfetto/config/profiling/cpp/java_hprof_config.gen.o
[2003/3816] ACTION //third_party/perfetto/src/trace_processor/importers/proto:gen_cc_chrome_track_event_descriptor(//build/toolchain/linux:clang_x64)
[2004/3816] ACTION //third_party/perfetto/protos/perfetto/trace:non_minimal_zero_gen(//build/toolchain/linux:clang_x64)
[2005/3816] CXX obj/third_party/perfetto/src/trace_processor/util/proto_to_args_parser/debug_annotation_parser.o
[2006/3816] CXX obj/third_party/perfetto/protos/perfetto/config/android/cpp/surfaceflinger_layers_config.gen.o
[2007/3816] CXX obj/third_party/perfetto/protos/perfetto/config/android/cpp/pixel_modem_config.gen.o
[2008/3816] CXX obj/third_party/perfetto/protos/perfetto/config/android/cpp/surfaceflinger_transactions_config.gen.o
[2009/3816] ACTION //third_party/perfetto/protos/perfetto/trace/ftrace:zero_gen(//build/toolchain/linux:clang_x64)
[2010/3816] CXX obj/third_party/perfetto/protos/perfetto/config/profiling/cpp/perf_event_config.gen.o
[2011/3816] CXX obj/third_party/perfetto/protos/perfetto/config/android/cpp/user_list_config.gen.o
[2012/3816] CXX obj/third_party/perfetto/src/trace_processor/core/interpreter/interpreter/bytecode_builder.o
[2013/3816] CXX obj/third_party/perfetto/protos/perfetto/trace/ftrace/zero/clk.pbzero.o
[2014/3816] CXX obj/third_party/perfetto/protos/perfetto/trace/non_minimal_zero/test_extensions.pbzero.o
[2015/3816] CXX obj/third_party/perfetto/protos/perfetto/trace/non_minimal_zero/extension_descriptor.pbzero.o
[2016/3816] CXX obj/third_party/perfetto/protos/perfetto/config/android/cpp/windowmanager_config.gen.o
[2017/3816] CXX obj/third_party/perfetto/protos/perfetto/trace/non_minimal_zero/trace.pbzero.o
[2018/3816] CXX obj/third_party/perfetto/protos/perfetto/trace/non_minimal_zero/evdev.pbzero.o
[2019/3816] CXX obj/third_party/perfetto/protos/perfetto/trace/ftrace/zero/bcl_exynos.pbzero.o
[2020/3816] CXX obj/third_party/perfetto/protos/perfetto/trace/ftrace/zero/binder.pbzero.o
[2021/3816] CXX obj/third_party/perfetto/protos/perfetto/trace/non_minimal_zero/test_event.pbzero.o
[2022/3816] CXX obj/third_party/perfetto/protos/perfetto/trace/non_minimal_zero/ui_state.pbzero.o
[2023/3816] CXX obj/third_party/perfetto/protos/perfetto/trace/ftrace/zero/ftrace_event.pbzero.o
[2024/3816] CXX obj/third_party/perfetto/protos/perfetto/trace/ftrace/zero/ftrace_event_bundle.pbzero.o
[2025/3816] CXX obj/third_party/perfetto/protos/perfetto/trace/ftrace/zero/ftrace_stats.pbzero.o
[2026/3816] CXX obj/third_party/perfetto/protos/perfetto/trace/ftrace/zero/test_bundle_wrapper.pbzero.o
[2027/3816] CXX obj/third_party/perfetto/protos/perfetto/trace/ftrace/zero/generic.pbzero.o
[2028/3816] CXX obj/third_party/perfetto/protos/perfetto/trace/non_minimal_zero/remote_clock_sync.pbzero.o
[2029/3816] CXX obj/third_party/perfetto/protos/perfetto/trace/non_minimal_zero/trace_packet.pbzero.o
[2030/3816] CXX obj/third_party/perfetto/protos/perfetto/trace/ftrace/zero/block.pbzero.o
[2031/3816] CXX obj/third_party/perfetto/protos/perfetto/trace/ftrace/zero/cma.pbzero.o
[2032/3816] CXX obj/third_party/perfetto/protos/perfetto/trace/ftrace/zero/compaction.pbzero.o
[2033/3816] CXX obj/third_party/perfetto/protos/perfetto/trace/non_minimal_zero/trace_packet_defaults.pbzero.o
[2034/3816] CXX obj/third_party/perfetto/protos/perfetto/trace/ftrace/zero/android_fs.pbzero.o
[2035/3816] CXX obj/third_party/perfetto/protos/perfetto/trace/ftrace/zero/cpm_trace.pbzero.o
[2036/3816] CXX obj/third_party/perfetto/protos/perfetto/trace/ftrace/zero/cpuhp.pbzero.o
[2037/3816] CXX obj/third_party/perfetto/protos/perfetto/trace/non_minimal_zero/memory_graph.pbzero.o
[2038/3816] CXX obj/third_party/perfetto/protos/perfetto/trace/ftrace/zero/cgroup.pbzero.o
[2039/3816] CXX obj/third_party/perfetto/protos/perfetto/config/profiling/cpp/heapprofd_config.gen.o
[2040/3816] CXX obj/third_party/perfetto/protos/perfetto/trace/ftrace/zero/cros_ec.pbzero.o
[2041/3816] CXX obj/third_party/perfetto/protos/perfetto/trace/ftrace/zero/dcvsh.pbzero.o
[2042/3816] CXX obj/third_party/perfetto/protos/perfetto/trace/ftrace/zero/dma_fence.pbzero.o
[2043/3816] CXX obj/third_party/perfetto/protos/perfetto/trace/ftrace/zero/devfreq.pbzero.o
[2044/3816] CXX obj/third_party/perfetto/protos/perfetto/trace/ftrace/zero/dpu.pbzero.o
[2045/3816] CXX obj/third_party/perfetto/protos/perfetto/trace/ftrace/zero/ext4.pbzero.o
[2046/3816] CXX obj/third_party/perfetto/protos/perfetto/trace/ftrace/zero/fastrpc.pbzero.o
[2047/3816] CXX obj/third_party/perfetto/protos/perfetto/trace/ftrace/zero/fence.pbzero.o
[2048/3816] CXX obj/third_party/perfetto/protos/perfetto/trace/ftrace/zero/drm.pbzero.o
[2049/3816] CXX obj/third_party/perfetto/protos/perfetto/trace/ftrace/zero/f2fs.pbzero.o
[2050/3816] CXX obj/third_party/perfetto/protos/perfetto/trace/ftrace/zero/filemap.pbzero.o
[2051/3816] CXX obj/third_party/perfetto/protos/perfetto/trace/ftrace/zero/fs.pbzero.o
[2052/3816] CXX obj/third_party/perfetto/protos/perfetto/trace/ftrace/zero/google_icc_trace.pbzero.o
[2053/3816] CXX obj/third_party/perfetto/protos/perfetto/trace/ftrace/zero/google_irm_trace.pbzero.o
[2054/3816] CXX obj/third_party/perfetto/protos/perfetto/trace/ftrace/zero/dmabuf_heap.pbzero.o
[2055/3816] CXX obj/third_party/perfetto/protos/perfetto/trace/ftrace/zero/fwtp_ftrace.pbzero.o
[2056/3816] CXX obj/third_party/perfetto/protos/perfetto/trace/ftrace/zero/g2d.pbzero.o
[2057/3816] CXX obj/third_party/perfetto/protos/perfetto/trace/ftrace/zero/dwc3.pbzero.o
[2058/3816] CXX obj/third_party/perfetto/protos/perfetto/config/android/cpp/protolog_config.gen.o
[2059/3816] CXX obj/third_party/perfetto/protos/perfetto/trace/ftrace/zero/ftrace.pbzero.o
[2060/3816] CXX obj/third_party/perfetto/protos/perfetto/trace/ftrace/zero/gpu_scheduler.pbzero.o
[2061/3816] CXX obj/third_party/perfetto/protos/perfetto/trace/ftrace/zero/hyp.pbzero.o
[2062/3816] CXX obj/third_party/perfetto/protos/perfetto/trace/ftrace/zero/gpu_mem.pbzero.o
[2063/3816] CXX obj/third_party/perfetto/protos/perfetto/trace/ftrace/zero/hypervisor.pbzero.o
[2064/3816] CXX obj/third_party/perfetto/protos/perfetto/trace/ftrace/zero/ion.pbzero.o
[2065/3816] CXX obj/third_party/perfetto/protos/perfetto/trace/ftrace/zero/ipi.pbzero.o
[2066/3816] CXX obj/third_party/perfetto/protos/perfetto/trace/ftrace/zero/irq.pbzero.o
[2067/3816] CXX obj/third_party/perfetto/protos/perfetto/trace/ftrace/zero/irq_vectors.pbzero.o
[2068/3816] CXX obj/third_party/perfetto/protos/perfetto/trace/ftrace/zero/i2c.pbzero.o
[2069/3816] CXX obj/third_party/perfetto/src/trace_processor/util/clock/clock_synchronizer.o
[2070/3816] CXX obj/third_party/perfetto/protos/perfetto/trace/ftrace/zero/kgsl.pbzero.o
[2071/3816] CXX obj/third_party/perfetto/protos/perfetto/trace/ftrace/zero/kvm.pbzero.o
[2072/3816] CXX obj/third_party/perfetto/protos/perfetto/trace/ftrace/zero/lowmemorykiller.pbzero.o
[2073/3816] CXX obj/third_party/perfetto/protos/perfetto/trace/ftrace/zero/mm_event.pbzero.o
[2074/3816] CXX obj/third_party/perfetto/protos/perfetto/trace/ftrace/zero/net.pbzero.o
[2075/3816] CXX obj/third_party/perfetto/protos/perfetto/trace/ftrace/zero/pixel_mm.pbzero.o
[2076/3816] CXX obj/third_party/perfetto/protos/perfetto/trace/ftrace/zero/kmem.pbzero.o
[2077/3816] CXX obj/third_party/perfetto/protos/perfetto/trace/ftrace/zero/lwis.pbzero.o
[2078/3816] CXX obj/third_party/perfetto/protos/perfetto/trace/ftrace/zero/mali.pbzero.o
[2079/3816] CXX obj/third_party/perfetto/protos/perfetto/trace/ftrace/zero/mdss.pbzero.o
[2080/3816] CXX obj/third_party/perfetto/protos/perfetto/trace/ftrace/zero/oom.pbzero.o
[2081/3816] CXX obj/third_party/perfetto/protos/perfetto/trace/ftrace/zero/perf_trace_counters.pbzero.o
[2082/3816] CXX obj/third_party/perfetto/protos/perfetto/trace/ftrace/zero/power.pbzero.o
[2083/3816] CXX obj/third_party/perfetto/protos/perfetto/trace/ftrace/zero/printk.pbzero.o
[2084/3816] CXX obj/third_party/perfetto/protos/perfetto/trace/ftrace/zero/regulator.pbzero.o
[2085/3816] CXX obj/third_party/perfetto/protos/perfetto/trace/ftrace/zero/panel.pbzero.o
[2086/3816] CXX obj/third_party/perfetto/protos/perfetto/trace/ftrace/zero/raw_syscalls.pbzero.o
[2087/3816] CXX obj/third_party/perfetto/protos/perfetto/trace/ftrace/zero/rpm.pbzero.o
[2088/3816] CXX obj/third_party/perfetto/protos/perfetto/trace/ftrace/zero/samsung.pbzero.o
[2089/3816] CXX obj/third_party/perfetto/protos/perfetto/trace/ftrace/zero/sched.pbzero.o
[2090/3816] CXX obj/third_party/perfetto/protos/perfetto/trace/ftrace/zero/scm.pbzero.o
[2091/3816] CXX obj/third_party/perfetto/protos/perfetto/trace/ftrace/zero/scsi.pbzero.o
[2092/3816] CXX obj/third_party/perfetto/protos/perfetto/trace/ftrace/zero/sde.pbzero.o
[2093/3816] CXX obj/third_party/perfetto/protos/perfetto/trace/ftrace/zero/signal.pbzero.o
[2094/3816] CXX obj/third_party/perfetto/protos/perfetto/trace/ftrace/zero/skb.pbzero.o
[2095/3816] CXX obj/third_party/perfetto/protos/perfetto/trace/ftrace/zero/sync.pbzero.o
[2096/3816] CXX obj/third_party/perfetto/protos/perfetto/trace/ftrace/zero/synthetic.pbzero.o
[2097/3816] CXX obj/third_party/perfetto/protos/perfetto/trace/ftrace/zero/sock.pbzero.o
[2098/3816] CXX obj/third_party/perfetto/protos/perfetto/trace/ftrace/zero/task.pbzero.o
[2099/3816] CXX obj/third_party/perfetto/protos/perfetto/trace/ftrace/zero/systrace.pbzero.o
[2100/3816] CXX obj/third_party/perfetto/protos/perfetto/trace/ftrace/zero/thermal.pbzero.o
[2101/3816] CXX obj/third_party/perfetto/protos/perfetto/trace/ftrace/zero/thermal_exynos.pbzero.o
[2102/3816] CXX obj/third_party/perfetto/protos/perfetto/trace/ftrace/zero/trusty.pbzero.o
[2103/3816] CXX obj/third_party/perfetto/protos/perfetto/trace/ftrace/zero/ufs.pbzero.o
[2104/3816] CXX obj/third_party/perfetto/protos/perfetto/trace/ftrace/zero/virtio_gpu.pbzero.o
[2105/3816] CXX obj/third_party/perfetto/protos/perfetto/trace/ftrace/zero/vmscan.pbzero.o
[2106/3816] CXX obj/third_party/perfetto/protos/perfetto/trace/ftrace/zero/timer.pbzero.o
[2107/3816] CXX obj/third_party/perfetto/protos/perfetto/trace/ftrace/zero/v4l2.pbzero.o
[2108/3816] CXX obj/third_party/perfetto/protos/perfetto/trace/ftrace/zero/virtio_video.pbzero.o
[2109/3816] CXX obj/third_party/perfetto/protos/perfetto/trace/ftrace/zero/workqueue.pbzero.o
[2110/3816] CXX obj/third_party/perfetto/protos/perfetto/trace/ftrace/zero/tcp.pbzero.o
[2111/3816] CXX obj/third_party/perfetto/src/trace_processor/storage_minimal/virtual_destructors.o
[2112/3816] CXX obj/third_party/perfetto/src/trace_processor/util/proto_to_args_parser/proto_to_args_parser.o
[2113/3816] CXX obj/third_party/perfetto/src/trace_processor/util/descriptors/descriptors.o
[2114/3816] CXX obj/third_party/perfetto/src/trace_processor/core/dataframe/dataframe/adhoc_dataframe_builder.o
[2115/3816] CXX obj/third_party/highway/libhwy/per_target.o
[2116/3816] ACTION //third_party/perfetto/protos/perfetto/config:cpp_gen(//build/toolchain/linux:clang_x64)
[2117/3816] CXX obj/third_party/perfetto/protos/perfetto/config/cpp/chrome_config.gen.o
[2118/3816] CXX obj/third_party/perfetto/src/trace_processor/core/interpreter/interpreter/bytecode_to_string.o
[2119/3816] CXX obj/third_party/perfetto/src/trace_processor/core/interpreter/interpreter/bytecode_interpreter_impl.o
[2120/3816] CXX obj/third_party/perfetto/src/trace_processor/core/dataframe/dataframe/dataframe.o
[2121/3816] CXX obj/third_party/perfetto/protos/perfetto/config/cpp/histogram_samples.gen.o
[2122/3816] CXX obj/third_party/perfetto/protos/perfetto/config/cpp/v8_config.gen.o
[2123/3816] CXX obj/third_party/perfetto/src/trace_processor/importers/common/common/slice_translation_table.o
[2124/3816] CXX obj/third_party/perfetto/src/trace_processor/core/dataframe/dataframe/query_plan.o
[2125/3816] CXX obj/third_party/perfetto/src/trace_processor/importers/common/common/process_track_translation_table.o
[2126/3816] CXX obj/third_party/perfetto/src/trace_processor/storage_minimal/trace_processor_storage.o
[2127/3816] CXX obj/third_party/perfetto/protos/perfetto/config/cpp/system_metrics.gen.o
[2128/3816] CXX obj/third_party/perfetto/src/trace_processor/storage_minimal/trace_reader_registry.o
[2129/3816] CXX obj/third_party/perfetto/protos/perfetto/config/cpp/data_source_config.gen.o
[2130/3816] CXX obj/third_party/perfetto/src/trace_processor/importers/common/common/deobfuscation_mapping_table.o
[2131/3816] CXX obj/third_party/perfetto/protos/perfetto/config/cpp/interceptor_config.gen.o
[2132/3816] CXX obj/third_party/perfetto/protos/perfetto/config/cpp/etw_config.gen.o
[2133/3816] CXX obj/third_party/perfetto/protos/perfetto/config/cpp/scenario_config.gen.o
[2134/3816] CXX obj/third_party/perfetto/protos/perfetto/config/cpp/test_config.gen.o
[2135/3816] CXX obj/third_party/perfetto/src/trace_processor/importers/common/common/system_info_tracker.o
[2136/3816] CXX obj/third_party/perfetto/src/protozero/filtering/message_filter_config/message_filter_config.o
[2137/3816] CXX obj/third_party/perfetto/src/trace_processor/importers/common/common/metadata_tracker.o
[2138/3816] CXX obj/third_party/perfetto/src/trace_processor/importers/common/common/global_args_tracker.o
[2139/3816] CXX obj/third_party/perfetto/protos/perfetto/config/cpp/stress_test_config.gen.o
[2140/3816] RUST local_rustc_sysroot/lib/rustlib/x86_64-unknown-linux-gnu/lib/libgimli_gimli.rlib local_rustc_sysroot/lib/rustlib/x86_64-unknown-linux-gnu/lib/libgimli_gimli.rmeta obj/build/rust/std/rules/gimli.rustflags.json obj/build/rust/std/rules/gimli.rsp.rust
[2141/3816] CXX obj/third_party/perfetto/src/trace_processor/importers/common/common/machine_tracker.o
[2142/3816] CXX obj/third_party/perfetto/src/trace_processor/importers/common/common/cpu_tracker.o
[2143/3816] CXX obj/third_party/perfetto/src/trace_processor/importers/common/common/registered_file_tracker.o
[2144/3816] CXX obj/third_party/perfetto/src/trace_processor/importers/common/common/global_metadata_tracker.o
[2145/3816] CXX obj/third_party/perfetto/src/trace_processor/importers/proto/minimal/blob_packet_writer.o
[2146/3816] CXX obj/third_party/perfetto/src/trace_processor/importers/common/common/clock_converter.o
[2147/3816] CXX obj/third_party/perfetto/protos/perfetto/config/cpp/trace_config.gen.o
[2148/3816] CXX obj/third_party/perfetto/src/trace_processor/importers/common/common/trace_file_tracker.o
[2149/3816] RUST local_rustc_sysroot/lib/rustlib/x86_64-unknown-linux-gnu/lib/libaddr2line_addr2line.rlib local_rustc_sysroot/lib/rustlib/x86_64-unknown-linux-gnu/lib/libaddr2line_addr2line.rmeta obj/build/rust/std/rules/addr2line.rustflags.json obj/build/rust/std/rules/addr2line.rsp.rust
[2150/3816] CXX obj/third_party/perfetto/src/trace_processor/importers/common/common/stack_profile_tracker.o
[2151/3816] CXX obj/third_party/perfetto/src/trace_processor/core/dataframe/dataframe/typed_cursor.o
[2152/3816] CXX obj/third_party/perfetto/src/trace_processor/importers/common/common/jit_cache.o
[2153/3816] ACTION //third_party/perfetto/protos/perfetto/ipc:cpp_gen(//build/toolchain/linux:clang_x64)
[2154/3816] CXX obj/third_party/perfetto/src/trace_processor/importers/common/common/symbol_tracker.o
[2155/3816] CXX obj/third_party/perfetto/src/trace_processor/importers/proto/minimal/chrome_string_lookup.o
[2156/3816] CXX obj/third_party/perfetto/protos/perfetto/ipc/cpp/relay_port.gen.o
[2157/3816] CXX obj/third_party/perfetto/src/trace_processor/importers/etw/minimal/etw_module.o
[2158/3816] CXX obj/third_party/perfetto/src/trace_processor/importers/common/common/mapping_tracker.o
[2159/3816] CXX obj/third_party/perfetto/src/trace_processor/importers/common/common/sched_event_tracker.o
[2160/3816] CXX obj/third_party/perfetto/src/trace_processor/importers/common/common/flow_tracker.o
[2161/3816] CXX obj/third_party/perfetto/src/trace_processor/importers/common/common/args_translation_table.o
[2162/3816] CXX obj/third_party/perfetto/src/trace_processor/importers/ftrace/minimal/ftrace_module.o
[2163/3816] CXX obj/third_party/perfetto/src/trace_processor/importers/common/common/event_tracker.o
[2164/3816] CXX obj/third_party/perfetto/src/trace_processor/importers/common/common/clock_tracker.o
[2165/3816] CXX obj/third_party/perfetto/src/trace_processor/storage_minimal/forwarding_trace_parser.o
[2166/3816] CXX obj/third_party/perfetto/src/trace_processor/importers/proto/minimal/proto_trace_tokenizer.o
[2167/3816] CXX obj/third_party/perfetto/src/trace_processor/importers/common/common/slice_tracker.o
[2168/3816] CXX obj/third_party/perfetto/src/trace_processor/importers/proto/minimal/track_event_sequence_state.o
[2169/3816] RUST local_rustc_sysroot/lib/rustlib/x86_64-unknown-linux-gnu/lib/libobject_object.rlib local_rustc_sysroot/lib/rustlib/x86_64-unknown-linux-gnu/lib/libobject_object.rmeta obj/build/rust/std/rules/object.rustflags.json obj/build/rust/std/rules/object.rsp.rust
[2170/3816] CXX obj/third_party/perfetto/src/trace_processor/importers/proto/minimal/chrome_system_probes_module.o
[2171/3816] CXX obj/third_party/perfetto/src/trace_processor/export_json/export_json.o
[2172/3816] CXX obj/third_party/perfetto/src/trace_processor/importers/proto/minimal/active_chrome_processes_tracker.o
[2173/3816] CXX obj/third_party/perfetto/protos/perfetto/ipc/cpp/consumer_port.gen.o
[2174/3816] CXX obj/third_party/perfetto/protos/perfetto/ipc/cpp/producer_port.gen.o
[2175/3816] CXX obj/third_party/perfetto/src/trace_processor/types/types/destructible.o
[2176/3816] CXX obj/third_party/perfetto/src/trace_processor/types/types/task_state.o
[2177/3816] CXX obj/third_party/perfetto/src/trace_processor/importers/proto/minimal/metadata_minimal_module.o
[2178/3816] CXX obj/third_party/perfetto/src/trace_processor/importers/common/common/args_tracker.o
[2179/3816] CXX obj/third_party/perfetto/src/trace_processor/importers/common/common/import_logs_tracker.o
[2180/3816] CXX obj/third_party/perfetto/src/trace_processor/types/types/gfp_flags.o
[2181/3816] CXX obj/third_party/perfetto/src/trace_processor/importers/common/common/process_tracker.o
[2182/3816] ACTION //third_party/perfetto/protos/perfetto/ipc:ipc_gen(//build/toolchain/linux:clang_x64)
[2183/3816] CXX obj/third_party/perfetto/src/trace_processor/sorter/sorter/trace_token_buffer.o
[2184/3816] CXX obj/third_party/perfetto/src/trace_processor/importers/common/common/virtual_memory_mapping.o
[2185/3816] CXX obj/third_party/perfetto/src/trace_processor/storage_minimal/trace_processor_storage_impl.o
[2186/3816] CXX obj/third_party/perfetto/src/trace_processor/importers/common/common/legacy_v8_cpu_profile_tracker.o
[2187/3816] CXX obj/third_party/perfetto/src/trace_processor/importers/common/common/thread_state_tracker.o
[2188/3816] CXX obj/third_party/perfetto/src/tracing/client_api_without_backends/data_source.o
[2189/3816] CXX obj/third_party/perfetto/src/trace_processor/util/trace_type/trace_type.o
[2190/3816] CXX obj/third_party/perfetto/src/trace_processor/importers/proto/minimal/packet_analyzer.o
[2191/3816] CXX obj/third_party/perfetto/src/tracing/client_api_without_backends/debug_annotation.o
[2192/3816] CXX obj/third_party/perfetto/src/tracing/client_api_without_backends/checked_scope.o
[2193/3816] CXX obj/third_party/perfetto/protos/perfetto/ipc/ipc/producer_port.ipc.o
[2194/3816] CXX obj/third_party/perfetto/src/tracing/client_api_without_backends/interceptor.o
[2195/3816] CXX obj/third_party/perfetto/protos/perfetto/ipc/ipc/relay_port.ipc.o
[2196/3816] CXX obj/third_party/perfetto/protos/perfetto/ipc/ipc/consumer_port.ipc.o
[2197/3816] AR obj/third_party/perfetto/protos/perfetto/ipc/libipc.a
[2198/3816] CXX obj/third_party/perfetto/src/tracing/client_api_without_backends/tracing_muxer_fake.o
[2199/3816] CXX obj/third_party/perfetto/src/tracing/client_api_without_backends/platform_windows.o
[2200/3816] CXX obj/third_party/perfetto/src/tracing/client_api_without_backends/tracing_backend_fake.o
[2201/3816] CXX obj/third_party/perfetto/src/tracing/client_api_without_backends/console_interceptor.o
[2202/3816] CXX obj/third_party/perfetto/src/tracing/client_api_without_backends/interceptor_trace_writer.o
[2203/3816] CXX obj/third_party/perfetto/src/tracing/client_api_without_backends/tracing_policy.o
[2204/3816] CXX obj/third_party/perfetto/src/tracing/client_api_without_backends/platform.o
[2205/3816] CXX obj/third_party/perfetto/src/trace_processor/importers/etw/minimal/file_io_tracker.o
[2206/3816] CXX obj/third_party/perfetto/src/trace_processor/importers/proto/minimal/packet_sequence_state_generation.o
[2207/3816] CXX obj/third_party/perfetto/src/trace_processor/importers/proto/minimal/args_parser.o
[2208/3816] CXX obj/third_party/perfetto/src/trace_processor/importers/common/common/track_tracker.o
[2209/3816] CXX obj/third_party/perfetto/src/trace_processor/importers/proto/minimal/app_wakelock_module.o
[2210/3816] CXX obj/third_party/perfetto/src/tracing/client_api_without_backends/platform_posix.o
[2211/3816] CXX obj/third_party/perfetto/src/tracing/client_api_without_backends/track_event_category_registry.o
[2212/3816] CXX obj/third_party/perfetto/src/tracing/common/trace_writer_base.o
[2213/3816] CXX obj/third_party/perfetto/src/tracing/client_api_without_backends/event_context.o
[2214/3816] CXX obj/third_party/perfetto/src/tracing/in_process_backend/in_process_tracing_backend.o
[2215/3816] CXX obj/third_party/perfetto/src/tracing/client_api_without_backends/track_event_interned_fields.o
[2216/3816] CXX obj/third_party/perfetto/src/tracing/client_api_without_backends/virtual_destructors.o
[2217/3816] CXX obj/third_party/perfetto/src/tracing/core/core/in_process_shared_memory.o
[2218/3816] CXX obj/third_party/perfetto/src/tracing/core/core/id_allocator.o
[2219/3816] CXX obj/third_party/perfetto/src/trace_processor/importers/common/common/track_compressor.o
[2220/3816] CXX obj/third_party/perfetto/src/tracing/system_backend/system_tracing_backend.o
[2221/3816] CXX obj/third_party/perfetto/src/tracing/client_api_without_backends/traced_value.o
[2222/3816] CXX obj/third_party/perfetto/src/tracing/ipc/common/memfd.o
[2223/3816] CXX obj/third_party/perfetto/src/tracing/ipc/common/shared_memory_windows.o
[2224/3816] CXX obj/third_party/perfetto/src/tracing/core/core/shared_memory_abi.o
[2225/3816] CXX obj/third_party/perfetto/src/tracing/core/core/trace_packet.o
[2226/3816] CXX obj/third_party/perfetto/src/trace_processor/importers/proto/minimal/memory_tracker_snapshot_module.o
[2227/3816] CXX obj/third_party/perfetto/src/tracing/core/core/null_trace_writer.o
[2228/3816] CXX obj/third_party/perfetto/src/tracing/ipc/common/posix_shared_memory.o
[2229/3816] CXX obj/third_party/perfetto/src/tracing/core/core/virtual_destructors.o
[2230/3816] CXX obj/third_party/perfetto/src/tracing/client_api_without_backends/track_event_legacy.o
[2231/3816] CXX obj/third_party/perfetto/src/tracing/ipc/default_socket/default_socket.o
[2232/3816] RUST clang_x64_for_rust_host_build_tools/obj/third_party/rust/syn/v2/lib/libsyn_lib.rlib clang_x64_for_rust_host_build_tools/obj/third_party/rust/syn/v2/lib/libsyn_lib.rmeta clang_x64_for_rust_host_build_tools/obj/third_party/rust/syn/v2/lib.rustflags.json clang_x64_for_rust_host_build_tools/obj/third_party/rust/syn/v2/lib.rsp.rust
[2233/3816] CXX obj/third_party/perfetto/src/trace_processor/importers/proto/minimal/user_tracker.o
[2234/3816] CXX obj/third_party/perfetto/src/tracing/service/service/clock.o
[2235/3816] CXX obj/third_party/perfetto/src/trace_processor/storage_minimal/trace_processor_context.o
[2236/3816] CXX obj/third_party/perfetto/src/tracing/client_api_without_backends/track_event_state_tracker.o
[2237/3816] CXX obj/third_party/perfetto/src/tracing/core/core/trace_writer_impl.o
[2238/3816] CXX obj/third_party/perfetto/src/tracing/service/service/random.o
[2239/3816] CXX obj/third_party/perfetto/src/tracing/client_api_without_backends/track.o
[2240/3816] CXX obj/third_party/perfetto/src/trace_processor/importers/proto/minimal/profile_packet_utils.o
[2241/3816] CXX obj/third_party/perfetto/src/trace_processor/util/args_utils/args_utils.o
[2242/3816] CXX obj/third_party/perfetto/src/tracing/service/service/packet_stream_validator.o
[2243/3816] CXX obj/third_party/perfetto/src/tracing/service/service/metatrace_writer.o
[2244/3816] CXX obj/third_party/perfetto/src/tracing/ipc/service/service/relay_ipc_service.o
[2245/3816] CXX obj/third_party/perfetto/src/tracing/ipc/service/service/service_ipc_host_impl.o
[2246/3816] CXX obj/third_party/perfetto/src/tracing/core/core/shared_memory_arbiter_impl.o
[2247/3816] CXX obj/third_party/perfetto/src/tracing/client_api_without_backends/tracing.o
[2248/3816] CXX obj/third_party/perfetto/src/trace_processor/util/profiler_util/profiler_util.o
[2249/3816] CXX obj/third_party/perfetto/src/trace_processor/sorter/sorter/trace_sorter.o
[2250/3816] CXX obj/third_party/perfetto/src/trace_processor/importers/proto/proto_importer_module/proto_importer_module.o
[2251/3816] CXX obj/third_party/perfetto/src/tracing/ipc/service/service/consumer_ipc_service.o
[2252/3816] CXX obj/third_party/perfetto/src/tracing/ipc/service/service/producer_ipc_service.o
[2253/3816] CXX obj/third_party/perfetto/src/tracing/ipc/consumer/consumer/consumer_ipc_client_impl.o
[2254/3816] CXX obj/third_party/perfetto/src/tracing/client_api_without_backends/track_event_internal.o
[2255/3816] CXX obj/third_party/perfetto/src/trace_processor/importers/proto/minimal/protovm_incremental_tracing.o
[2256/3816] CXX obj/third_party/perfetto/src/trace_processor/importers/proto/minimal/chrome_system_probes_parser.o
[2257/3816] CXX obj/third_party/perfetto/src/trace_processor/importers/proto/minimal/memory_tracker_snapshot_parser.o
[2258/3816] CXX obj/third_party/perfetto/src/trace_processor/importers/proto/minimal/default_modules.o
[2259/3816] CXX obj/third_party/perfetto/src/tracing/ipc/producer/producer/producer_ipc_client_impl.o
[2260/3816] CXX obj/third_party/perfetto/src/tracing/client_api_without_backends/tracing_muxer_impl.o
[2261/3816] CXX obj/v8/v8_libplatform/default-thread-isolated-allocator.o
[2262/3816] CXX obj/third_party/perfetto/src/trace_processor/importers/proto/minimal/profile_packet_sequence_state.o
[2263/3816] CXX obj/third_party/perfetto/src/trace_processor/importers/proto/minimal/perf_sample_tracker.o
[2264/3816] CXX obj/third_party/perfetto/src/tracing/service/service/trace_buffer_v1_with_v2_shadow.o
[2265/3816] CXX obj/third_party/perfetto/src/tracing/service/service/trace_buffer_v1.o
[2266/3816] CXX obj/v8/v8_libplatform/worker-thread.o
[2267/3816] CXX obj/third_party/perfetto/src/trace_processor/importers/proto/minimal/network_trace_module.o
[2268/3816] CXX obj/v8/bytecode_builtins_list_generator/bytecode-operands.o
[2269/3816] CXX obj/v8/v8_libplatform/trace-config.o
[2270/3816] CXX obj/v8/v8_libplatform/default-worker-threads-task-runner.o
[2271/3816] CXX obj/v8/v8_libplatform/default-job.o
[2272/3816] CXX obj/v8/v8_libplatform/task-queue.o
[2273/3816] CXX obj/v8/bytecode_builtins_list_generator/generate-bytecodes-builtins-list.o
[2274/3816] CXX obj/v8/gen-regexp-special-case/gen-regexp-special-case.o
[2275/3816] CXX obj/third_party/perfetto/src/tracing/service/service/trace_buffer_v2.o
[2276/3816] CXX obj/third_party/perfetto/src/tracing/service/service/tracing_service_session.o
[2277/3816] CXX obj/third_party/perfetto/src/trace_processor/storage/storage/trace_storage.o
[2278/3816] CXX obj/v8/bytecode_builtins_list_generator/bytecodes.o
[2279/3816] CXX obj/v8/v8_libplatform/default-platform.o
[2280/3816] CXX obj/v8/v8_libplatform/tracing-controller.o
[2281/3816] CXX obj/v8/v8_libplatform/delayed-task-queue.o
[2282/3816] CXX obj/third_party/perfetto/src/trace_processor/importers/proto/minimal/stack_profile_sequence_state.o
[2283/3816] CXX obj/third_party/perfetto/src/trace_processor/util/json_args/json_args.o
[2284/3816] CXX obj/third_party/perfetto/src/tracing/service/service/tracing_service_endpoints_impl.o
[2285/3816] CXX obj/third_party/perfetto/src/trace_processor/importers/proto/minimal/track_event_module.o
[2286/3816] CXX obj/third_party/perfetto/src/trace_processor/importers/proto/minimal/proto_trace_parser_impl.o
[2287/3816] CXX obj/third_party/perfetto/src/trace_processor/importers/proto/minimal/proto_trace_reader.o
[2288/3816] CXX obj/third_party/perfetto/src/trace_processor/importers/proto/minimal/track_event_tracker.o
[2289/3816] CXX obj/v8/cppgc_base/compaction-worklists.o
[2290/3816] CXX obj/v8/v8_libplatform/default-foreground-task-runner.o
[2291/3816] CXX obj/third_party/perfetto/src/trace_processor/importers/proto/minimal/track_event_tokenizer.o
[2292/3816] CXX obj/v8/cppgc_base/allocation.o
[2293/3816] CXX obj/v8/cppgc_base/gc-info.o
[2294/3816] RUST clang_x64_for_rust_host_build_tools/obj/third_party/rust/synstructure/v0_13/lib/libsynstructure_lib.rlib clang_x64_for_rust_host_build_tools/obj/third_party/rust/synstructure/v0_13/lib/libsynstructure_lib.rmeta clang_x64_for_rust_host_build_tools/obj/third_party/rust/synstructure/v0_13/lib.rustflags.json clang_x64_for_rust_host_build_tools/obj/third_party/rust/synstructure/v0_13/lib.rsp.rust
[2295/3816] CXX obj/third_party/perfetto/src/trace_processor/importers/proto/minimal/track_event_parser.o
[2296/3816] CXX obj/v8/cppgc_base/gc-info-table.o
[2297/3816] CXX obj/v8/cppgc_base/gc-invoker.o
[2298/3816] CXX obj/v8/cppgc_base/free-list.o
[2299/3816] RUST(MACRO) clang_x64_for_rust_host_build_tools/libdisplaydoc_v0_2_lib.so clang_x64_for_rust_host_build_tools/obj/third_party/rust/displaydoc/v0_2/lib__proc_macro.rustflags.json clang_x64_for_rust_host_build_tools/obj/third_party/rust/displaydoc/v0_2/lib__proc_macro.rsp.rust
[2300/3816] CXX obj/v8/torque_base/source-positions.o
[2301/3816] RUST(MACRO) clang_x64_for_rust_host_build_tools/libzerovec_derive_v0_11_lib.so clang_x64_for_rust_host_build_tools/obj/third_party/rust/zerovec_derive/v0_11/lib__proc_macro.rustflags.json clang_x64_for_rust_host_build_tools/obj/third_party/rust/zerovec_derive/v0_11/lib__proc_macro.rsp.rust
[2302/3816] CXX obj/v8/cppgc_base/heap-space.o
[2303/3816] CXX obj/v8/cppgc_base/logging.o
[2304/3816] CXX obj/v8/cppgc_base/liveness-broker.o
[2305/3816] CXX obj/v8/torque_base/cpp-builder.o
[2306/3816] CXX obj/v8/torque_base/global-context.o
[2307/3816] CXX obj/v8/torque_base/earley-parser.o
[2308/3816] CXX obj/v8/cppgc_base/heap-growing.o
[2309/3816] CXX obj/v8/cppgc_base/explicit-management.o
[2310/3816] CXX obj/v8/torque_base/server-data.o
[2311/3816] CXX obj/v8/torque_base/torque-code-generator.o
[2312/3816] CXX obj/v8/torque_base/type-inference.o
[2313/3816] CXX obj/v8/torque_base/declarable.o
[2314/3816] CXX obj/v8/cppgc_base/heap-consistency.o
[2315/3816] CXX obj/v8/cppgc_base/member-storage.o
[2316/3816] CXX obj/v8/cppgc_base/memory.o
[2317/3816] CXX obj/v8/cppgc_base/name-trait.o
[2318/3816] CXX obj/v8/torque_base/type-oracle.o
[2319/3816] CXX obj/v8/torque/torque.o
[2320/3816] CXX obj/v8/torque_base/kythe-data.o
[2321/3816] CXX obj/v8/cppgc_base/heap-object-header.o
[2322/3816] CXX obj/v8/cppgc_base/concurrent-marker.o
[2323/3816] CXX obj/v8/cppgc_base/heap-base.o
[2324/3816] CXX obj/v8/torque_base/utils.o
[2325/3816] RUST(MACRO) clang_x64_for_rust_host_build_tools/libyoke_derive_v0_8_lib.so clang_x64_for_rust_host_build_tools/obj/third_party/rust/yoke_derive/v0_8/lib__proc_macro.rustflags.json clang_x64_for_rust_host_build_tools/obj/third_party/rust/yoke_derive/v0_8/lib__proc_macro.rsp.rust
[2326/3816] CXX obj/v8/torque_base/cfg.o
[2327/3816] RUST local_rustc_sysroot/lib/rustlib/x86_64-unknown-linux-gnu/lib/libstd_std.rlib local_rustc_sysroot/lib/rustlib/x86_64-unknown-linux-gnu/lib/libstd_std.rmeta obj/build/rust/std/rules/std.rustflags.json obj/build/rust/std/rules/std.rsp.rust
[2328/3816] CXX obj/third_party/perfetto/src/tracing/service/service/tracing_service_impl.o
[2329/3816] CXX obj/v8/cppgc_base/compactor.o
[2330/3816] CXX obj/v8/torque_base/cc-generator.o
[2331/3816] CXX obj/v8/cppgc_base/heap-state.o
[2332/3816] RUST local_rustc_sysroot/lib/rustlib/x86_64-unknown-linux-gnu/lib/librustc_std_workspace_std_rustc_std_workspace_std.rlib local_rustc_sysroot/lib/rustlib/x86_64-unknown-linux-gnu/lib/librustc_std_workspace_std_rustc_std_workspace_std.rmeta obj/build/rust/std/rules/rustc_std_workspace_std.rustflags.json obj/build/rust/std/rules/rustc_std_workspace_std.rsp.rust
[2333/3816] CXX obj/v8/cppgc_base/heap-page.o
[2334/3816] CXX obj/v8/cppgc_base/object-size-trait.o
[2335/3816] CXX obj/v8/cppgc_base/platform.o
[2336/3816] CXX obj/v8/cppgc_base/virtual-memory.o
[2337/3816] RUST(MACRO) clang_x64_for_rust_host_build_tools/libzerofrom_derive_v0_1_lib.so clang_x64_for_rust_host_build_tools/obj/third_party/rust/zerofrom_derive/v0_1/lib__proc_macro.rustflags.json clang_x64_for_rust_host_build_tools/obj/third_party/rust/zerofrom_derive/v0_1/lib__proc_macro.rsp.rust
[2338/3816] CXX obj/v8/torque_base/class-debug-reader-generator.o
[2339/3816] CXX obj/v8/cppgc_base/raw-heap.o
[2340/3816] CXX obj/v8/cppgc_base/heap-statistics-collector.o
[2341/3816] SOLINK ./libthird_party_perfetto_libperfetto.so
[2342/3816] CXX obj/v8/cppgc_base/marking-worklists.o
[2343/3816] CXX obj/v8/cppgc_base/caged-heap-local-data.o
[2344/3816] SOLINK ./libv8_libplatform.so
[2345/3816] RUST local_rustc_sysroot/lib/rustlib/x86_64-unknown-linux-gnu/lib/libgetopts_getopts.rlib local_rustc_sysroot/lib/rustlib/x86_64-unknown-linux-gnu/lib/libgetopts_getopts.rmeta obj/build/rust/std/rules/getopts.rustflags.json obj/build/rust/std/rules/getopts.rsp.rust
[2346/3816] CXX obj/v8/cppgc_base/page-memory.o
[2347/3816] LINK ./gen-regexp-special-case
[2348/3816] LINK ./bytecode_builtins_list_generator
[2349/3816] CXX obj/v8/cppgc_base/trace-trait.o
[2350/3816] ACTION //v8:generate_bytecode_builtins_list(//build/toolchain/linux:clang_x64)
[2351/3816] CXX obj/v8/torque_base/instance-type-generator.o
[2352/3816] ACTION //v8:run_gen-regexp-special-case(//build/toolchain/linux:clang_x64)
[2353/3816] CXX obj/v8/cppgc_base/heap.o
[2354/3816] CXX obj/v8/torque_base/declarations.o
[2355/3816] CXX obj/v8/cppgc_base/process-heap-statistics.o
[2356/3816] CXX obj/v8/cppgc_base/trace-categories.o
[2357/3816] RUST(MACRO) clang_x64_for_rust_host_build_tools/libserde_derive_v1_lib.so clang_x64_for_rust_host_build_tools/obj/third_party/rust/serde_derive/v1/lib__proc_macro.rustflags.json clang_x64_for_rust_host_build_tools/obj/third_party/rust/serde_derive/v1/lib__proc_macro.rsp.rust
[2358/3816] CXX obj/v8/torque_base/declaration-visitor.o
[2359/3816] CXX obj/v8/cppgc_base/stats-collector.o
[2360/3816] CXX obj/v8/torque_base/instructions.o
[2361/3816] CXX obj/v8/torque_base/torque-compiler.o
[2362/3816] CXX obj/v8/cppgc_base/marking-state.o
[2363/3816] CXX obj/v8/cppgc_base/object-allocator.o
[2364/3816] CXX obj/v8/cppgc_base/marking-visitor.o
[2365/3816] RUST clang_x64_for_rust_host_build_tools/obj/third_party/rust/serde/v1/lib/libserde_lib.rlib clang_x64_for_rust_host_build_tools/obj/third_party/rust/serde/v1/lib/libserde_lib.rmeta clang_x64_for_rust_host_build_tools/obj/third_party/rust/serde/v1/lib.rustflags.json clang_x64_for_rust_host_build_tools/obj/third_party/rust/serde/v1/lib.rsp.rust
[2366/3816] CXX obj/v8/torque_base/csa-generator.o
[2367/3816] CXX obj/v8/cppgc_base/process-heap.o
[2368/3816] CXX obj/v8/cppgc_base/visitor.o
[2369/3816] CXX obj/v8/cppgc_base/marking-verifier.o
[2370/3816] CXX obj/v8/cppgc_base/testing.o
[2371/3816] CXX obj/v8/cppgc_base/persistent-node.o
[2372/3816] CXX obj/v8/torque_base/type-visitor.o
[2373/3816] RUST local_rustc_sysroot/lib/rustlib/x86_64-unknown-linux-gnu/lib/libtest_test.rlib local_rustc_sysroot/lib/rustlib/x86_64-unknown-linux-gnu/lib/libtest_test.rmeta obj/build/rust/std/rules/test.rustflags.json obj/build/rust/std/rules/test.rsp.rust
[2374/3816] CXX obj/v8/cppgc_base/caged-heap.o
[2375/3816] CXX obj/v8/cppgc_base/pointer-policies.o
[2376/3816] RUST obj/build/rust/allocator/liballoc_error_handler_impl_ffi.rlib obj/build/rust/allocator/liballoc_error_handler_impl_ffi.rmeta obj/build/rust/allocator/alloc_error_handler_impl_ffi.rustflags.json obj/build/rust/allocator/alloc_error_handler_impl_ffi.rsp.rust
[2377/3816] RUST obj/build/rust/allocator/liballocator_impls_ffi.rlib obj/build/rust/allocator/liballocator_impls_ffi.rmeta obj/build/rust/allocator/allocator_impls_ffi.rustflags.json obj/build/rust/allocator/allocator_impls_ffi.rsp.rust
[2378/3816] CXX obj/v8/cppgc_base/write-barrier.o
[2379/3816] CXX obj/v8/cppgc_base/marker.o
[2380/3816] RUST obj/build/rust/allocator/liballocator_6ead5877.rlib obj/build/rust/allocator/liballocator_6ead5877.rmeta obj/build/rust/allocator/allocator.rustflags.json obj/build/rust/allocator/allocator.rsp.rust
[2381/3816] CXX obj/v8/cppgc_base/prefinalizer-handler.o
[2382/3816] CXX obj/v8/cppgc_base/remembered-set.o
[2383/3816] RUST obj/third_party/rust/stable_deref_trait/v1/lib/libstable_deref_trait_lib.rlib obj/third_party/rust/stable_deref_trait/v1/lib/libstable_deref_trait_lib.rmeta obj/third_party/rust/stable_deref_trait/v1/lib.rustflags.json obj/third_party/rust/stable_deref_trait/v1/lib.rsp.rust
[2384/3816] RUST obj/third_party/rust/zerofrom/v0_1/lib/libzerofrom_lib.rlib obj/third_party/rust/zerofrom/v0_1/lib/libzerofrom_lib.rmeta obj/third_party/rust/zerofrom/v0_1/lib.rustflags.json obj/third_party/rust/zerofrom/v0_1/lib.rsp.rust
[2385/3816] RUST obj/third_party/rust/icu_calendar_data/v2/lib/libicu_calendar_data_lib.rlib obj/third_party/rust/icu_calendar_data/v2/lib/libicu_calendar_data_lib.rmeta obj/third_party/rust/icu_calendar_data/v2/lib.rustflags.json obj/third_party/rust/icu_calendar_data/v2/lib.rsp.rust
[2386/3816] RUST obj/third_party/rust/icu_locale_data/v2/lib/libicu_locale_data_lib.rlib obj/third_party/rust/icu_locale_data/v2/lib/libicu_locale_data_lib.rmeta obj/third_party/rust/icu_locale_data/v2/lib.rustflags.json obj/third_party/rust/icu_locale_data/v2/lib.rsp.rust
[2387/3816] RUST obj/third_party/rust/diplomat_runtime/v0_14/lib/libdiplomat_runtime_lib.rlib obj/third_party/rust/diplomat_runtime/v0_14/lib/libdiplomat_runtime_lib.rmeta obj/third_party/rust/diplomat_runtime/v0_14/lib.rustflags.json obj/third_party/rust/diplomat_runtime/v0_14/lib.rsp.rust
[2388/3816] RUST obj/third_party/rust/litemap/v0_8/lib/liblitemap_lib.rlib obj/third_party/rust/litemap/v0_8/lib/liblitemap_lib.rmeta obj/third_party/rust/litemap/v0_8/lib.rustflags.json obj/third_party/rust/litemap/v0_8/lib.rsp.rust
[2389/3816] RUST obj/third_party/rust/either/v1/lib/libeither_lib.rlib obj/third_party/rust/either/v1/lib/libeither_lib.rmeta obj/third_party/rust/either/v1/lib.rustflags.json obj/third_party/rust/either/v1/lib.rsp.rust
[2390/3816] RUST obj/third_party/rust/ixdtf/v0_6/lib/libixdtf_lib.rlib obj/third_party/rust/ixdtf/v0_6/lib/libixdtf_lib.rmeta obj/third_party/rust/ixdtf/v0_6/lib.rustflags.json obj/third_party/rust/ixdtf/v0_6/lib.rsp.rust
[2391/3816] RUST obj/third_party/rust/yoke/v0_8/lib/libyoke_lib.rlib obj/third_party/rust/yoke/v0_8/lib/libyoke_lib.rmeta obj/third_party/rust/yoke/v0_8/lib.rustflags.json obj/third_party/rust/yoke/v0_8/lib.rsp.rust
[2392/3816] RUST obj/third_party/rust/writeable/v0_6/lib/libwriteable_lib.rlib obj/third_party/rust/writeable/v0_6/lib/libwriteable_lib.rmeta obj/third_party/rust/writeable/v0_6/lib.rustflags.json obj/third_party/rust/writeable/v0_6/lib.rsp.rust
[2393/3816] RUST obj/third_party/rust/num_traits/v0_2/lib/libnum_traits_lib.rlib obj/third_party/rust/num_traits/v0_2/lib/libnum_traits_lib.rmeta obj/third_party/rust/num_traits/v0_2/lib.rustflags.json obj/third_party/rust/num_traits/v0_2/lib.rsp.rust
[2394/3816] RUST obj/third_party/rust/zerotrie/v0_2/lib/libzerotrie_lib.rlib obj/third_party/rust/zerotrie/v0_2/lib/libzerotrie_lib.rmeta obj/third_party/rust/zerotrie/v0_2/lib.rustflags.json obj/third_party/rust/zerotrie/v0_2/lib.rsp.rust
[2395/3816] CXX obj/v8/torque_base/types.o
[2396/3816] CXX obj/v8/cppgc_base/sweeper.o
[2397/3816] RUST obj/third_party/rust/zerovec/v0_11/lib/libzerovec_lib.rlib obj/third_party/rust/zerovec/v0_11/lib/libzerovec_lib.rmeta obj/third_party/rust/zerovec/v0_11/lib.rustflags.json obj/third_party/rust/zerovec/v0_11/lib.rsp.rust
[2398/3816] RUST obj/third_party/rust/libm/v0_2/lib/liblibm_lib.rlib obj/third_party/rust/libm/v0_2/lib/liblibm_lib.rmeta obj/third_party/rust/libm/v0_2/lib.rustflags.json obj/third_party/rust/libm/v0_2/lib.rsp.rust
[2399/3816] RUST obj/third_party/rust/core_maths/v0_1/lib/libcore_maths_lib.rlib obj/third_party/rust/core_maths/v0_1/lib/libcore_maths_lib.rmeta obj/third_party/rust/core_maths/v0_1/lib.rustflags.json obj/third_party/rust/core_maths/v0_1/lib.rsp.rust
[2400/3816] RUST obj/third_party/rust/potential_utf/v0_1/lib/libpotential_utf_lib.rlib obj/third_party/rust/potential_utf/v0_1/lib/libpotential_utf_lib.rmeta obj/third_party/rust/potential_utf/v0_1/lib.rustflags.json obj/third_party/rust/potential_utf/v0_1/lib.rsp.rust
[2401/3816] RUST obj/third_party/rust/tinystr/v0_8/lib/libtinystr_lib.rlib obj/third_party/rust/tinystr/v0_8/lib/libtinystr_lib.rmeta obj/third_party/rust/tinystr/v0_8/lib.rustflags.json obj/third_party/rust/tinystr/v0_8/lib.rsp.rust
[2402/3816] RUST obj/third_party/rust/calendrical_calculations/v0_2/lib/libcalendrical_calculations_lib.rlib obj/third_party/rust/calendrical_calculations/v0_2/lib/libcalendrical_calculations_lib.rmeta obj/third_party/rust/calendrical_calculations/v0_2/lib.rustflags.json obj/third_party/rust/calendrical_calculations/v0_2/lib.rsp.rust
[2403/3816] RUST obj/third_party/rust/serde_core/v1/lib/libserde_core_lib.rlib obj/third_party/rust/serde_core/v1/lib/libserde_core_lib.rmeta obj/third_party/rust/serde_core/v1/lib.rustflags.json obj/third_party/rust/serde_core/v1/lib.rsp.rust
[2404/3816] RUST obj/third_party/rust/icu_collections/v2/lib/libicu_collections_lib.rlib obj/third_party/rust/icu_collections/v2/lib/libicu_collections_lib.rmeta obj/third_party/rust/icu_collections/v2/lib.rustflags.json obj/third_party/rust/icu_collections/v2/lib.rsp.rust
[2405/3816] RUST obj/third_party/rust/resb/v0_1/lib/libresb_lib.rlib obj/third_party/rust/resb/v0_1/lib/libresb_lib.rmeta obj/third_party/rust/resb/v0_1/lib.rustflags.json obj/third_party/rust/resb/v0_1/lib.rsp.rust
[2406/3816] RUST clang_x64_for_rust_host_build_tools/obj/third_party/rust/diplomat_core/v0_14/lib/libdiplomat_core_lib.rlib clang_x64_for_rust_host_build_tools/obj/third_party/rust/diplomat_core/v0_14/lib/libdiplomat_core_lib.rmeta clang_x64_for_rust_host_build_tools/obj/third_party/rust/diplomat_core/v0_14/lib.rustflags.json clang_x64_for_rust_host_build_tools/obj/third_party/rust/diplomat_core/v0_14/lib.rsp.rust
[2407/3816] RUST obj/third_party/rust/serde/v1/lib/libserde_lib.rlib obj/third_party/rust/serde/v1/lib/libserde_lib.rmeta obj/third_party/rust/serde/v1/lib.rustflags.json obj/third_party/rust/serde/v1/lib.rsp.rust
[2408/3816] RUST obj/third_party/rust/icu_locale_core/v2/lib/libicu_locale_core_lib.rlib obj/third_party/rust/icu_locale_core/v2/lib/libicu_locale_core_lib.rmeta obj/third_party/rust/icu_locale_core/v2/lib.rustflags.json obj/third_party/rust/icu_locale_core/v2/lib.rsp.rust
[2409/3816] RUST obj/third_party/rust/zoneinfo64/v0_2/lib/libzoneinfo64_lib.rlib obj/third_party/rust/zoneinfo64/v0_2/lib/libzoneinfo64_lib.rmeta obj/third_party/rust/zoneinfo64/v0_2/lib.rustflags.json obj/third_party/rust/zoneinfo64/v0_2/lib.rsp.rust
[2410/3816] RUST obj/third_party/rust/icu_provider/v2/lib/libicu_provider_lib.rlib obj/third_party/rust/icu_provider/v2/lib/libicu_provider_lib.rmeta obj/third_party/rust/icu_provider/v2/lib.rustflags.json obj/third_party/rust/icu_provider/v2/lib.rsp.rust
[2411/3816] RUST obj/third_party/rust/timezone_provider/v0_2/lib/libtimezone_provider_lib.rlib obj/third_party/rust/timezone_provider/v0_2/lib/libtimezone_provider_lib.rmeta obj/third_party/rust/timezone_provider/v0_2/lib.rustflags.json obj/third_party/rust/timezone_provider/v0_2/lib.rsp.rust
[2412/3816] RUST(MACRO) clang_x64_for_rust_host_build_tools/libdiplomat_v0_14_lib.so clang_x64_for_rust_host_build_tools/obj/third_party/rust/diplomat/v0_14/lib__proc_macro.rustflags.json clang_x64_for_rust_host_build_tools/obj/third_party/rust/diplomat/v0_14/lib__proc_macro.rsp.rust
[2413/3816] RUST obj/third_party/rust/icu_locale/v2/lib/libicu_locale_lib.rlib obj/third_party/rust/icu_locale/v2/lib/libicu_locale_lib.rmeta obj/third_party/rust/icu_locale/v2/lib.rustflags.json obj/third_party/rust/icu_locale/v2/lib.rsp.rust
[2414/3816] RUST obj/third_party/rust/icu_calendar/v2/lib/libicu_calendar_lib.rlib obj/third_party/rust/icu_calendar/v2/lib/libicu_calendar_lib.rmeta obj/third_party/rust/icu_calendar/v2/lib.rustflags.json obj/third_party/rust/icu_calendar/v2/lib.rsp.rust
[2415/3816] RUST obj/third_party/rust/temporal_rs/v0_2/lib/libtemporal_rs_lib.rlib obj/third_party/rust/temporal_rs/v0_2/lib/libtemporal_rs_lib.rmeta obj/third_party/rust/temporal_rs/v0_2/lib.rustflags.json obj/third_party/rust/temporal_rs/v0_2/lib.rsp.rust
[2416/3816] RUST obj/third_party/rust/temporal_capi/v0_2/lib/libtemporal_capi_lib.rlib obj/third_party/rust/temporal_capi/v0_2/lib/libtemporal_capi_lib.rmeta obj/third_party/rust/temporal_capi/v0_2/lib.rustflags.json obj/third_party/rust/temporal_capi/v0_2/lib.rsp.rust
[2417/3816] CXX obj/v8/torque_base/torque-parser.o
[2418/3816] CXX obj/v8/torque_base/implementation-visitor.o
[2419/3816] LINK ./torque
[2420/3816] ACTION //v8:run_torque(//build/toolchain/linux:clang_x64)
[2421/3816] CXX obj/v8/torque_generated_definitions/array-at-tq.o
[2422/3816] CXX obj/v8/torque_generated_definitions/aggregate-error-tq.o
[2423/3816] CXX obj/v8/torque_generated_definitions/array-concat-tq.o
[2424/3816] CXX obj/v8/torque_generated_definitions/array-copywithin-tq.o
[2425/3816] CXX obj/v8/torque_generated_definitions/array-every-tq.o
[2426/3816] CXX obj/v8/torque_generated_definitions/array-filter-tq.o
[2427/3816] CXX obj/v8/torque_generated_definitions/array-find-tq.o
[2428/3816] CXX obj/v8/torque_generated_definitions/array-findlast-tq.o
[2429/3816] CXX obj/v8/torque_generated_definitions/array-flat-tq.o
[2430/3816] CXX obj/v8/torque_generated_definitions/array-from-async-tq.o
[2431/3816] CXX obj/v8/torque_generated_definitions/array-from-tq.o
[2432/3816] CXX obj/v8/torque_generated_definitions/array-join-tq.o
[2433/3816] CXX obj/v8/torque_generated_definitions/array-lastindexof-tq.o
[2434/3816] CXX obj/v8/torque_generated_definitions/array-shift-tq.o
[2435/3816] CXX obj/v8/mksnapshot/embedded-empty.o
[2436/3816] CXX obj/v8/torque_generated_definitions/array-findlastindex-tq.o
[2437/3816] CXX obj/v8/torque_generated_definitions/array-foreach-tq.o
[2438/3816] CXX obj/v8/torque_generated_definitions/array-isarray-tq.o
[2439/3816] CXX obj/v8/torque_generated_definitions/array-of-tq.o
[2440/3816] CXX obj/v8/torque_generated_definitions/array-reduce-right-tq.o
[2441/3816] CXX obj/v8/torque_generated_definitions/array-reduce-tq.o
[2442/3816] CXX obj/v8/torque_generated_definitions/array-reverse-tq.o
[2443/3816] CXX obj/v8/torque_generated_definitions/array-slice-tq.o
[2444/3816] CXX obj/v8/torque_generated_definitions/array-splice-tq.o
[2445/3816] CXX obj/v8/torque_generated_definitions/array-to-spliced-tq.o
[2446/3816] CXX obj/v8/torque_generated_definitions/array-findindex-tq.o
[2447/3816] CXX obj/v8/torque_generated_definitions/array-some-tq.o
[2448/3816] CXX obj/v8/torque_generated_definitions/array-map-tq.o
[2449/3816] CXX obj/v8/torque_generated_definitions/array-to-reversed-tq.o
[2450/3816] CXX obj/v8/torque_generated_definitions/array-to-sorted-tq.o
[2451/3816] CXX obj/v8/torque_generated_definitions/array-unshift-tq.o
[2452/3816] CXX obj/v8/torque_generated_definitions/base-tq.o
[2453/3816] CXX obj/v8/torque_generated_definitions/array-with-tq.o
[2454/3816] CXX obj/v8/torque_generated_definitions/array-tq.o
[2455/3816] CXX obj/v8/torque_generated_definitions/builtins-bigint-tq.o
[2456/3816] CXX obj/v8/torque_generated_definitions/boolean-tq.o
[2457/3816] CXX obj/v8/torque_generated_definitions/console-tq.o
[2458/3816] CXX obj/v8/torque_generated_definitions/data-view-tq.o
[2459/3816] CXX obj/v8/torque_generated_definitions/frames-tq.o
[2460/3816] CXX obj/v8/torque_generated_definitions/builtins-string-tq.o
[2461/3816] CXX obj/v8/torque_generated_definitions/cast-tq.o
[2462/3816] CXX obj/v8/torque_generated_definitions/constructor-tq.o
[2463/3816] CXX obj/v8/torque_generated_definitions/conversion-tq.o
[2464/3816] CXX obj/v8/torque_generated_definitions/convert-tq.o
[2465/3816] CXX obj/v8/torque_generated_definitions/finalization-registry-tq.o
[2466/3816] CXX obj/v8/torque_generated_definitions/growable-fixed-array-tq.o
[2467/3816] CXX obj/v8/torque_generated_definitions/ic-callable-tq.o
[2468/3816] CXX obj/v8/torque_generated_definitions/ic-tq.o
[2469/3816] CXX obj/v8/torque_generated_definitions/internal-coverage-tq.o
[2470/3816] CXX obj/v8/torque_generated_definitions/arraybuffer-tq.o
[2471/3816] CXX obj/v8/torque_generated_definitions/function-tq.o
[2472/3816] CXX obj/v8/torque_generated_definitions/internal-tq.o
[2473/3816] CXX obj/v8/torque_generated_definitions/iterator-tq.o
[2474/3816] CXX obj/v8/torque_generated_definitions/collections-tq.o
[2475/3816] CXX obj/v8/torque_generated_definitions/iterator-from-tq.o
[2476/3816] CXX obj/v8/torque_generated_definitions/iterator-helpers-tq.o
[2477/3816] CXX obj/v8/torque_generated_definitions/object-fromentries-tq.o
[2478/3816] CXX obj/v8/torque_generated_definitions/object-groupby-tq.o
[2479/3816] CXX obj/v8/torque_generated_definitions/frame-arguments-tq.o
[2480/3816] CXX obj/v8/torque_generated_definitions/map-groupby-tq.o
[2481/3816] CXX obj/v8/torque_generated_definitions/math-tq.o
[2482/3816] CXX obj/v8/torque_generated_definitions/number-tq.o
[2483/3816] CXX obj/v8/torque_generated_definitions/promise-all-tq.o
[2484/3816] CXX obj/v8/torque_generated_definitions/object-tq.o
[2485/3816] CXX obj/v8/torque_generated_definitions/promise-abstract-operations-tq.o
[2486/3816] CXX obj/v8/torque_generated_definitions/promise-all-element-closure-tq.o
[2487/3816] CXX obj/v8/torque_generated_definitions/promise-misc-tq.o
[2488/3816] CXX obj/v8/torque_generated_definitions/promise-withresolvers-tq.o
[2489/3816] CXX obj/v8/torque_generated_definitions/promise-constructor-tq.o
[2490/3816] CXX obj/v8/torque_generated_definitions/promise-finally-tq.o
[2491/3816] CXX obj/v8/torque_generated_definitions/promise-jobs-tq.o
[2492/3816] CXX obj/v8/torque_generated_definitions/promise-race-tq.o
[2493/3816] CXX obj/v8/torque_generated_definitions/promise-reaction-job-tq.o
[2494/3816] CXX obj/v8/torque_generated_definitions/promise-try-tq.o
[2495/3816] CXX obj/v8/torque_generated_definitions/proxy-constructor-tq.o
[2496/3816] CXX obj/v8/torque_generated_definitions/promise-any-tq.o
[2497/3816] CXX obj/v8/torque_generated_definitions/proxy-delete-property-tq.o
[2498/3816] CXX obj/v8/torque_generated_definitions/proxy-get-property-tq.o
[2499/3816] CXX obj/v8/torque_generated_definitions/proxy-get-prototype-of-tq.o
[2500/3816] CXX obj/v8/torque_generated_definitions/proxy-has-property-tq.o
[2501/3816] CXX obj/v8/torque_generated_definitions/proxy-revocable-tq.o
[2502/3816] CXX obj/v8/torque_generated_definitions/proxy-revoke-tq.o
[2503/3816] CXX obj/v8/torque_generated_definitions/promise-resolve-tq.o
[2504/3816] CXX obj/v8/torque_generated_definitions/proxy-is-extensible-tq.o
[2505/3816] CXX obj/v8/torque_generated_definitions/proxy-prevent-extensions-tq.o
[2506/3816] CXX obj/v8/torque_generated_definitions/promise-then-tq.o
[2507/3816] CXX obj/v8/torque_generated_definitions/proxy-set-property-tq.o
[2508/3816] CXX obj/v8/torque_generated_definitions/proxy-set-prototype-of-tq.o
[2509/3816] CXX obj/v8/torque_generated_definitions/proxy-tq.o
[2510/3816] CXX obj/v8/torque_generated_definitions/reflect-tq.o
[2511/3816] CXX obj/v8/torque_generated_definitions/regexp-match-all-tq.o
[2512/3816] CXX obj/v8/torque_generated_definitions/regexp-exec-tq.o
[2513/3816] CXX obj/v8/torque_generated_definitions/regexp-match-tq.o
[2514/3816] CXX obj/v8/torque_generated_definitions/regexp-search-tq.o
[2515/3816] CXX obj/v8/torque_generated_definitions/regexp-replace-tq.o
[2516/3816] CXX obj/v8/torque_generated_definitions/regexp-split-tq.o
[2517/3816] CXX obj/v8/torque_generated_definitions/set-is-disjoint-from-tq.o
[2518/3816] CXX obj/v8/torque_generated_definitions/set-is-superset-of-tq.o
[2519/3816] CXX obj/v8/torque_generated_definitions/set-difference-tq.o
[2520/3816] CXX obj/v8/torque_generated_definitions/string-html-tq.o
[2521/3816] CXX obj/v8/torque_generated_definitions/regexp-test-tq.o
[2522/3816] CXX obj/v8/torque_generated_definitions/regexp-tq.o
[2523/3816] CXX obj/v8/torque_generated_definitions/set-union-tq.o
[2524/3816] CXX obj/v8/torque_generated_definitions/set-intersection-tq.o
[2525/3816] CXX obj/v8/torque_generated_definitions/set-symmetric-difference-tq.o
[2526/3816] CXX obj/v8/torque_generated_definitions/string-at-tq.o
[2527/3816] CXX obj/v8/torque_generated_definitions/string-endswith-tq.o
[2528/3816] CXX obj/v8/torque_generated_definitions/string-includes-tq.o
[2529/3816] CXX obj/v8/torque_generated_definitions/regexp-source-tq.o
[2530/3816] CXX obj/v8/torque_generated_definitions/string-indexof-tq.o
[2531/3816] CXX obj/v8/torque_generated_definitions/string-iterator-tq.o
[2532/3816] CXX obj/v8/torque_generated_definitions/set-is-subset-of-tq.o
[2533/3816] CXX obj/v8/torque_generated_definitions/string-match-search-tq.o
[2534/3816] CXX obj/v8/torque_generated_definitions/string-pad-tq.o
[2535/3816] CXX obj/v8/torque_generated_definitions/string-replaceall-tq.o
[2536/3816] CXX obj/v8/torque_generated_definitions/string-slice-tq.o
[2537/3816] CXX obj/v8/torque_generated_definitions/string-repeat-tq.o
[2538/3816] CXX obj/v8/torque_generated_definitions/string-iswellformed-tq.o
[2539/3816] CXX obj/v8/torque_generated_definitions/string-startswith-tq.o
[2540/3816] CXX obj/v8/torque_generated_definitions/symbol-tq.o
[2541/3816] CXX obj/v8/torque_generated_definitions/typed-array-at-tq.o
[2542/3816] CXX obj/v8/torque_generated_definitions/string-substring-tq.o
[2543/3816] CXX obj/v8/torque_generated_definitions/suppressed-error-tq.o
[2544/3816] CXX obj/v8/torque_generated_definitions/typed-array-createtypedarray-tq.o
[2545/3816] CXX obj/v8/torque_generated_definitions/typed-array-filter-tq.o
[2546/3816] CXX obj/v8/torque_generated_definitions/string-towellformed-tq.o
[2547/3816] CXX obj/v8/torque_generated_definitions/string-trim-tq.o
[2548/3816] CXX obj/v8/torque_generated_definitions/typed-array-findindex-tq.o
[2549/3816] CXX obj/v8/torque_generated_definitions/typed-array-every-tq.o
[2550/3816] CXX obj/v8/torque_generated_definitions/typed-array-entries-tq.o
[2551/3816] CXX obj/v8/torque_generated_definitions/typed-array-find-tq.o
[2552/3816] CXX obj/v8/torque_generated_definitions/typed-array-findlast-tq.o
[2553/3816] CXX obj/v8/torque_generated_definitions/typed-array-from-tq.o
[2554/3816] CXX obj/v8/torque_generated_definitions/typed-array-keys-tq.o
[2555/3816] CXX obj/v8/torque_generated_definitions/typed-array-of-tq.o
[2556/3816] CXX obj/v8/torque_generated_definitions/typed-array-reduce-tq.o
[2557/3816] CXX obj/v8/torque_generated_definitions/torque-internal-tq.o
[2558/3816] CXX obj/v8/torque_generated_definitions/typed-array-reduceright-tq.o
[2559/3816] CXX obj/v8/torque_generated_definitions/string-substr-tq.o
[2560/3816] CXX obj/v8/torque_generated_definitions/typed-array-findlastindex-tq.o
[2561/3816] CXX obj/v8/torque_generated_definitions/typed-array-foreach-tq.o
[2562/3816] CXX obj/v8/torque_generated_definitions/typed-array-set-tq.o
[2563/3816] CXX obj/v8/torque_generated_definitions/typed-array-slice-tq.o
[2564/3816] CXX obj/v8/torque_generated_definitions/typed-array-some-tq.o
[2565/3816] CXX obj/v8/torque_generated_definitions/typed-array-sort-tq.o
[2566/3816] CXX obj/v8/torque_generated_definitions/typed-array-subarray-tq.o
[2567/3816] CXX obj/v8/torque_generated_definitions/typed-array-to-sorted-tq.o
[2568/3816] CXX obj/v8/torque_generated_definitions/typed-array-to-reversed-tq.o
[2569/3816] CXX obj/v8/torque_generated_definitions/typed-array-values-tq.o
[2570/3816] CXX obj/v8/torque_generated_definitions/typed-array-tq.o
[2571/3816] CXX obj/v8/torque_generated_definitions/typed-array-with-tq.o
[2572/3816] CXX obj/v8/torque_generated_definitions/weak-ref-tq.o
[2573/3816] CXX obj/v8/torque_generated_definitions/bigint-tq.o
[2574/3816] CXX obj/v8/torque_generated_definitions/handler-configuration-tq.o
[2575/3816] CXX obj/v8/torque_generated_definitions/data-handler-tq.o
[2576/3816] CXX obj/v8/torque_generated_definitions/heap-object-tq.o
[2577/3816] CXX obj/v8/torque_generated_definitions/free-space-tq.o
[2578/3816] CXX obj/v8/mksnapshot/platform-embedded-file-writer-zos.o
[2579/3816] CXX obj/v8/mksnapshot/platform-embedded-file-writer-win.o
[2580/3816] CXX obj/v8/mksnapshot/builtins-effects-dummy.o
[2581/3816] CXX obj/v8/mksnapshot/platform-embedded-file-writer-base.o
[2582/3816] CXX obj/v8/torque_generated_definitions/allocation-site-tq.o
[2583/3816] CXX obj/v8/torque_generated_definitions/heap-number-tq.o
[2584/3816] CXX obj/v8/torque_generated_definitions/bytecode-array-tq.o
[2585/3816] CXX obj/v8/mksnapshot/platform-embedded-file-writer-mac.o
[2586/3816] CXX obj/v8/torque_generated_definitions/fixed-array-tq.o
[2587/3816] CXX obj/v8/mksnapshot/platform-embedded-file-writer-generic.o
[2588/3816] CXX obj/v8/mksnapshot/platform-embedded-file-writer-aix.o
[2589/3816] CXX obj/v8/torque_generated_definitions/call-site-info-tq.o
[2590/3816] CXX obj/v8/torque_generated_definitions/hole-tq.o
[2591/3816] CXX obj/v8/torque_generated_definitions/oddball-tq.o
[2592/3816] CXX obj/v8/torque_generated_definitions/ordered-hash-table-tq.o
[2593/3816] CXX obj/v8/torque_generated_definitions/name-tq.o
[2594/3816] CXX obj/v8/torque_generated_definitions/trusted-object-tq.o
[2595/3816] CXX obj/v8/torque_generated_definitions/microtask-tq.o
[2596/3816] CXX obj/v8/torque_generated_definitions/promise-tq.o
[2597/3816] CXX obj/v8/torque_generated_definitions/primitive-heap-object-tq.o
[2598/3816] CXX obj/v8/mksnapshot/snapshot-empty.o
[2599/3816] CXX obj/v8/torque_generated_definitions/property-descriptor-object-tq.o
[2600/3816] CXX obj/v8/mksnapshot/mksnapshot.o
[2601/3816] CXX obj/v8/torque_generated_definitions/regexp-match-info-tq.o
[2602/3816] CXX obj/v8/torque_generated_definitions/js-raw-json-tq.o
[2603/3816] CXX obj/v8/torque_generated_definitions/embedder-data-array-tq.o
[2604/3816] CXX obj/v8/torque_generated_definitions/js-collection-tq.o
[2605/3816] CXX obj/v8/torque_generated_definitions/api-callbacks-tq.o
[2606/3816] CXX obj/v8/torque_generated_definitions/js-array-buffer-tq.o
[2607/3816] CXX obj/v8/torque_generated_definitions/swiss-hash-table-helpers-tq.o
[2608/3816] CXX obj/v8/torque_generated_definitions/swiss-name-dictionary-tq.o
[2609/3816] CXX obj/v8/torque_generated_definitions/js-disposable-stack-tq.o
[2610/3816] CXX obj/v8/torque_generated_definitions/js-iterator-helpers-tq.o
[2611/3816] CXX obj/v8/torque_generated_definitions/arguments-tq.o
[2612/3816] CXX obj/v8/torque_generated_definitions/js-struct-tq.o
[2613/3816] CXX obj/v8/torque_generated_definitions/cpp-heap-external-object-tq.o
[2614/3816] CXX obj/v8/torque_generated_definitions/test-torque-tq.o
[2615/3816] CXX obj/v8/torque_generated_definitions/array-sort-tq.o
[2616/3816] CXX obj/v8/torque_generated_definitions/debug-objects-tq.o
[2617/3816] CXX obj/v8/torque_generated_definitions/feedback-vector-tq.o
[2618/3816] CXX obj/v8/torque_generated_definitions/intl-objects-tq.o
[2619/3816] CXX obj/v8/torque_generated_definitions/js-function-tq.o
[2620/3816] CXX obj/v8/torque_generated_definitions/feedback-cell-tq.o
[2621/3816] CXX obj/v8/mksnapshot/embedded-file-writer.o
[2622/3816] CXX obj/v8/torque_generated_definitions/descriptor-array-tq.o
[2623/3816] CXX obj/v8/torque_generated_definitions/js-collection-iterator-tq.o
[2624/3816] CXX obj/v8/torque_generated_definitions/contexts-tq.o
[2625/3816] CXX obj/v8/torque_generated_definitions/js-generator-tq.o
[2626/3816] CXX obj/v8/torque_generated_definitions/js-regexp-string-iterator-tq.o
[2627/3816] CXX obj/v8/torque_generated_definitions/js-promise-tq.o
[2628/3816] CXX obj/v8/torque_generated_definitions/foreign-tq.o
[2629/3816] CXX obj/v8/torque_generated_definitions/js-atomics-synchronization-tq.o
[2630/3816] CXX obj/v8/torque_generated_definitions/js-proxy-tq.o
[2631/3816] CXX obj/v8/torque_generated_definitions/cell-tq.o
[2632/3816] CXX obj/v8/torque_generated_definitions/js-to-js-tq.o
[2633/3816] CXX obj/v8/torque_generated_definitions/js-to-wasm-tq.o
[2634/3816] CXX obj/v8/torque_generated_definitions/wasm-tq.o
[2635/3816] CXX obj/v8/torque_generated_definitions/wasm-strings-tq.o
[2636/3816] CXX obj/v8/torque_generated_definitions/wasm-to-js-tq.o
[2637/3816] CXX obj/v8/torque_generated_definitions/debug-wasm-objects-tq.o
[2638/3816] CXX obj/v8/torque_generated_definitions/js-array-tq.o
[2639/3816] CXX obj/v8/torque_generated_definitions/megadom-handler-tq.o
[2640/3816] CXX obj/v8/torque_generated_definitions/map-tq.o
[2641/3816] CXX obj/v8/torque_generated_definitions/js-weak-refs-tq.o
[2642/3816] CXX obj/v8/torque_generated_definitions/js-objects-tq.o
[2643/3816] CXX obj/v8/torque_generated_definitions/js-shared-array-tq.o
[2644/3816] CXX obj/v8/mksnapshot/static-roots-gen.o
[2645/3816] CXX obj/v8/torque_generated_definitions/literal-objects-tq.o
[2646/3816] CXX obj/v8/torque_generated_definitions/template-objects-tq.o
[2647/3816] CXX obj/v8/torque_generated_definitions/js-shadow-realm-tq.o
[2648/3816] CXX obj/v8/torque_generated_definitions/js-regexp-tq.o
[2649/3816] CXX obj/v8/torque_generated_definitions/module-tq.o
[2650/3816] CXX obj/v8/torque_generated_definitions/property-array-tq.o
[2651/3816] CXX obj/v8/torque_generated_definitions/property-cell-tq.o
[2652/3816] CXX obj/v8/torque_generated_definitions/prototype-info-tq.o
[2653/3816] CXX obj/v8/torque_generated_definitions/string-tq.o
[2654/3816] CXX obj/v8/torque_generated_definitions/script-tq.o
[2655/3816] CXX obj/v8/torque_generated_definitions/scope-info-tq.o
[2656/3816] CXX obj/v8/torque_generated_definitions/shared-function-info-tq.o
[2657/3816] CXX obj/v8/torque_generated_definitions/js-duration-format-tq.o
[2658/3816] CXX obj/v8/torque_generated_definitions/turbofan-types-tq.o
[2659/3816] CXX obj/v8/torque_generated_definitions/js-list-format-tq.o
[2660/3816] CXX obj/v8/torque_generated_definitions/js-number-format-tq.o
[2661/3816] CXX obj/v8/torque_generated_definitions/js-locale-tq.o
[2662/3816] CXX obj/v8/torque_generated_definitions/js-relative-time-format-tq.o
[2663/3816] CXX obj/v8/torque_generated_definitions/templates-tq.o
[2664/3816] CXX obj/v8/torque_generated_definitions/js-break-iterator-tq.o
[2665/3816] CXX obj/v8/torque_generated_definitions/source-text-module-tq.o
[2666/3816] CXX obj/v8/torque_generated_definitions/torque-defined-classes-tq.o
[2667/3816] CXX obj/v8/torque_generated_definitions/js-segments-tq.o
[2668/3816] CXX obj/v8/torque_generated_definitions/turboshaft-types-tq.o
[2669/3816] CXX obj/v8/torque_generated_definitions/wasm-objects-tq.o
[2670/3816] CXX obj/v8/torque_generated_definitions/js-display-names-tq.o
[2671/3816] CXX obj/v8/torque_generated_definitions/js-segmenter-tq.o
[2672/3816] CXX obj/v8/torque_generated_definitions/js-temporal-objects-tq.o
[2673/3816] CXX obj/v8/torque_generated_definitions/js-segment-iterator-tq.o
[2674/3816] CXX obj/v8/torque_generated_definitions/synthetic-module-tq.o
[2675/3816] CXX obj/v8/torque_generated_definitions/js-collator-tq.o
[2676/3816] CXX obj/v8/torque_generated_definitions/struct-tq.o
[2677/3816] CXX obj/v8/torque_generated_definitions/js-plural-rules-tq.o
[2678/3816] CXX obj/v8/torque_generated_definitions/js-date-time-format-tq.o
[2679/3816] CXX obj/v8/torque_generated_initializers/array-findlastindex-tq-csa.o
[2680/3816] CXX obj/v8/torque_generated_initializers/array-filter-tq-csa.o
[2681/3816] CXX obj/v8/torque_generated_initializers/array-copywithin-tq-csa.o
[2682/3816] CXX obj/v8/torque_generated_initializers/array-at-tq-csa.o
[2683/3816] CXX obj/v8/torque_generated_initializers/array-find-tq-csa.o
[2684/3816] CXX obj/v8/torque_generated_initializers/array-concat-tq-csa.o
[2685/3816] CXX obj/v8/torque_generated_initializers/aggregate-error-tq-csa.o
[2686/3816] CXX obj/v8/torque_generated_initializers/array-foreach-tq-csa.o
[2687/3816] CXX obj/v8/torque_generated_initializers/array-findlast-tq-csa.o
[2688/3816] CXX obj/v8/torque_generated_definitions/objects-printer.o
[2689/3816] CXX obj/v8/torque_generated_initializers/array-findindex-tq-csa.o
[2690/3816] CXX obj/v8/torque_generated_definitions/factory.o
[2691/3816] CXX obj/v8/torque_generated_initializers/array-from-tq-csa.o
[2692/3816] CXX obj/v8/torque_generated_initializers/array-every-tq-csa.o
[2693/3816] CXX obj/v8/torque_generated_definitions/class-verifiers.o
[2694/3816] CXX obj/v8/torque_generated_initializers/array-isarray-tq-csa.o
[2695/3816] CXX obj/v8/torque_generated_initializers/array-from-async-tq-csa.o
[2696/3816] CXX obj/v8/torque_generated_initializers/array-lastindexof-tq-csa.o
[2697/3816] CXX obj/v8/torque_generated_initializers/array-of-tq-csa.o
[2698/3816] CXX obj/v8/torque_generated_initializers/array-reduce-right-tq-csa.o
[2699/3816] CXX obj/v8/torque_generated_initializers/array-some-tq-csa.o
[2700/3816] CXX obj/v8/torque_generated_initializers/array-flat-tq-csa.o
[2701/3816] CXX obj/v8/torque_generated_initializers/array-tq-csa.o
[2702/3816] CXX obj/v8/torque_generated_initializers/array-unshift-tq-csa.o
[2703/3816] CXX obj/v8/torque_generated_initializers/boolean-tq-csa.o
[2704/3816] CXX obj/v8/torque_generated_initializers/array-to-sorted-tq-csa.o
[2705/3816] CXX obj/v8/torque_generated_initializers/array-with-tq-csa.o
[2706/3816] CXX obj/v8/torque_generated_initializers/array-reduce-tq-csa.o
[2707/3816] CXX obj/v8/torque_generated_initializers/array-to-reversed-tq-csa.o
[2708/3816] CXX obj/v8/torque_generated_initializers/arraybuffer-tq-csa.o
[2709/3816] CXX obj/v8/torque_generated_initializers/array-shift-tq-csa.o
[2710/3816] CXX obj/v8/torque_generated_initializers/array-reverse-tq-csa.o
[2711/3816] CXX obj/v8/torque_generated_initializers/collections-tq-csa.o
[2712/3816] CXX obj/v8/torque_generated_initializers/builtins-string-tq-csa.o
[2713/3816] CXX obj/v8/torque_generated_initializers/array-to-spliced-tq-csa.o
[2714/3816] CXX obj/v8/torque_generated_initializers/array-slice-tq-csa.o
[2715/3816] CXX obj/v8/torque_generated_initializers/array-splice-tq-csa.o
[2716/3816] CXX obj/v8/torque_generated_initializers/array-map-tq-csa.o
[2717/3816] CXX obj/v8/torque_generated_initializers/console-tq-csa.o
[2718/3816] CXX obj/v8/torque_generated_initializers/constructor-tq-csa.o
[2719/3816] CXX obj/v8/torque_generated_initializers/conversion-tq-csa.o
[2720/3816] CXX obj/v8/torque_generated_initializers/builtins-bigint-tq-csa.o
[2721/3816] CXX obj/v8/torque_generated_initializers/finalization-registry-tq-csa.o
[2722/3816] CXX obj/v8/torque_generated_initializers/growable-fixed-array-tq-csa.o
[2723/3816] CXX obj/v8/torque_generated_initializers/frames-tq-csa.o
[2724/3816] CXX obj/v8/torque_generated_initializers/convert-tq-csa.o
[2725/3816] CXX obj/v8/torque_generated_initializers/function-tq-csa.o
[2726/3816] CXX obj/v8/torque_generated_initializers/internal-coverage-tq-csa.o
[2727/3816] CXX obj/v8/torque_generated_initializers/frame-arguments-tq-csa.o
[2728/3816] CXX obj/v8/torque_generated_initializers/ic-tq-csa.o
[2729/3816] CXX obj/v8/torque_generated_initializers/data-view-tq-csa.o
[2730/3816] CXX obj/v8/torque_generated_initializers/base-tq-csa.o
[2731/3816] CXX obj/v8/torque_generated_initializers/ic-callable-tq-csa.o
[2732/3816] CXX obj/v8/torque_generated_initializers/iterator-tq-csa.o
[2733/3816] CXX obj/v8/torque_generated_initializers/internal-tq-csa.o
[2734/3816] CXX obj/v8/torque_generated_initializers/array-join-tq-csa.o
[2735/3816] CXX obj/v8/torque_generated_initializers/cast-tq-csa.o
[2736/3816] CXX obj/v8/torque_generated_initializers/iterator-from-tq-csa.o
[2737/3816] CXX obj/v8/torque_generated_initializers/map-groupby-tq-csa.o
[2738/3816] CXX obj/v8/torque_generated_initializers/object-fromentries-tq-csa.o
[2739/3816] CXX obj/v8/torque_generated_initializers/math-tq-csa.o
[2740/3816] CXX obj/v8/torque_generated_initializers/object-groupby-tq-csa.o
[2741/3816] CXX obj/v8/torque_generated_initializers/promise-constructor-tq-csa.o
[2742/3816] CXX obj/v8/torque_generated_initializers/promise-then-tq-csa.o
[2743/3816] CXX obj/v8/torque_generated_initializers/promise-any-tq-csa.o
[2744/3816] CXX obj/v8/torque_generated_initializers/promise-reaction-job-tq-csa.o
[2745/3816] CXX obj/v8/torque_generated_initializers/promise-jobs-tq-csa.o
[2746/3816] CXX obj/v8/torque_generated_initializers/promise-withresolvers-tq-csa.o
[2747/3816] CXX obj/v8/torque_generated_initializers/object-tq-csa.o
[2748/3816] CXX obj/v8/torque_generated_initializers/promise-all-element-closure-tq-csa.o
[2749/3816] CXX obj/v8/torque_generated_initializers/promise-try-tq-csa.o
[2750/3816] CXX obj/v8/torque_generated_initializers/number-tq-csa.o
[2751/3816] CXX obj/v8/torque_generated_initializers/promise-abstract-operations-tq-csa.o
[2752/3816] CXX obj/v8/torque_generated_initializers/promise-finally-tq-csa.o
[2753/3816] CXX obj/v8/torque_generated_initializers/promise-misc-tq-csa.o
[2754/3816] CXX obj/v8/torque_generated_initializers/promise-race-tq-csa.o
[2755/3816] CXX obj/v8/torque_generated_initializers/proxy-get-property-tq-csa.o
[2756/3816] CXX obj/v8/torque_generated_initializers/proxy-delete-property-tq-csa.o
[2757/3816] CXX obj/v8/torque_generated_initializers/promise-resolve-tq-csa.o
[2758/3816] CXX obj/v8/torque_generated_initializers/proxy-has-property-tq-csa.o
[2759/3816] CXX obj/v8/torque_generated_initializers/proxy-revocable-tq-csa.o
[2760/3816] CXX obj/v8/torque_generated_initializers/proxy-constructor-tq-csa.o
[2761/3816] CXX obj/v8/torque_generated_initializers/proxy-revoke-tq-csa.o
[2762/3816] CXX obj/v8/torque_generated_initializers/promise-all-tq-csa.o
[2763/3816] CXX obj/v8/torque_generated_initializers/iterator-helpers-tq-csa.o
[2764/3816] CXX obj/v8/torque_generated_initializers/proxy-is-extensible-tq-csa.o
[2765/3816] CXX obj/v8/torque_generated_initializers/reflect-tq-csa.o
[2766/3816] CXX obj/v8/torque_generated_initializers/proxy-prevent-extensions-tq-csa.o
[2767/3816] CXX obj/v8/torque_generated_initializers/proxy-set-property-tq-csa.o
[2768/3816] CXX obj/v8/torque_generated_initializers/proxy-set-prototype-of-tq-csa.o
[2769/3816] CXX obj/v8/torque_generated_initializers/proxy-tq-csa.o
[2770/3816] CXX obj/v8/torque_generated_initializers/proxy-get-prototype-of-tq-csa.o
[2771/3816] CXX obj/v8/torque_generated_initializers/regexp-exec-tq-csa.o
[2772/3816] CXX obj/v8/torque_generated_initializers/regexp-source-tq-csa.o
[2773/3816] CXX obj/v8/torque_generated_initializers/regexp-replace-tq-csa.o
[2774/3816] CXX obj/v8/torque_generated_initializers/regexp-split-tq-csa.o
[2775/3816] CXX obj/v8/torque_generated_initializers/regexp-match-all-tq-csa.o
[2776/3816] CXX obj/v8/torque_generated_initializers/regexp-match-tq-csa.o
[2777/3816] CXX obj/v8/torque_generated_initializers/regexp-test-tq-csa.o
[2778/3816] CXX obj/v8/torque_generated_initializers/regexp-search-tq-csa.o
[2779/3816] CXX obj/v8/torque_generated_initializers/regexp-tq-csa.o
[2780/3816] CXX obj/v8/torque_generated_initializers/set-difference-tq-csa.o
[2781/3816] CXX obj/v8/torque_generated_initializers/set-is-disjoint-from-tq-csa.o
[2782/3816] CXX obj/v8/torque_generated_initializers/set-union-tq-csa.o
[2783/3816] CXX obj/v8/torque_generated_initializers/string-indexof-tq-csa.o
[2784/3816] CXX obj/v8/torque_generated_initializers/string-iterator-tq-csa.o
[2785/3816] CXX obj/v8/torque_generated_initializers/string-match-search-tq-csa.o
[2786/3816] CXX obj/v8/torque_generated_initializers/string-pad-tq-csa.o
[2787/3816] CXX obj/v8/torque_generated_initializers/string-iswellformed-tq-csa.o
[2788/3816] CXX obj/v8/torque_generated_initializers/set-is-subset-of-tq-csa.o
[2789/3816] CXX obj/v8/torque_generated_initializers/set-intersection-tq-csa.o
[2790/3816] CXX obj/v8/torque_generated_initializers/string-at-tq-csa.o
[2791/3816] CXX obj/v8/torque_generated_initializers/string-html-tq-csa.o
[2792/3816] CXX obj/v8/torque_generated_initializers/string-includes-tq-csa.o
[2793/3816] CXX obj/v8/torque_generated_initializers/set-is-superset-of-tq-csa.o
[2794/3816] CXX obj/v8/torque_generated_initializers/string-slice-tq-csa.o
[2795/3816] CXX obj/v8/torque_generated_initializers/string-substring-tq-csa.o
[2796/3816] CXX obj/v8/torque_generated_initializers/string-repeat-tq-csa.o
[2797/3816] CXX obj/v8/torque_generated_initializers/string-startswith-tq-csa.o
[2798/3816] CXX obj/v8/torque_generated_initializers/string-replaceall-tq-csa.o
[2799/3816] CXX obj/v8/torque_generated_initializers/string-substr-tq-csa.o
[2800/3816] CXX obj/v8/torque_generated_initializers/set-symmetric-difference-tq-csa.o
[2801/3816] CXX obj/v8/torque_generated_initializers/string-towellformed-tq-csa.o
[2802/3816] CXX obj/v8/torque_generated_initializers/string-endswith-tq-csa.o
[2803/3816] CXX obj/v8/torque_generated_initializers/typed-array-at-tq-csa.o
[2804/3816] CXX obj/v8/torque_generated_initializers/string-trim-tq-csa.o
[2805/3816] CXX obj/v8/torque_generated_initializers/typed-array-every-tq-csa.o
[2806/3816] CXX obj/v8/torque_generated_initializers/suppressed-error-tq-csa.o
[2807/3816] CXX obj/v8/torque_generated_initializers/typed-array-entries-tq-csa.o
[2808/3816] CXX obj/v8/torque_generated_initializers/symbol-tq-csa.o
[2809/3816] CXX obj/v8/torque_generated_initializers/typed-array-find-tq-csa.o
[2810/3816] CXX obj/v8/torque_generated_initializers/torque-internal-tq-csa.o
[2811/3816] CXX obj/v8/torque_generated_initializers/typed-array-filter-tq-csa.o
[2812/3816] CXX obj/v8/torque_generated_initializers/typed-array-findlast-tq-csa.o
[2813/3816] CXX obj/v8/torque_generated_initializers/typed-array-createtypedarray-tq-csa.o
[2814/3816] CXX obj/v8/torque_generated_initializers/typed-array-foreach-tq-csa.o
[2815/3816] CXX obj/v8/torque_generated_initializers/typed-array-keys-tq-csa.o
[2816/3816] CXX obj/v8/torque_generated_initializers/typed-array-findindex-tq-csa.o
[2817/3816] CXX obj/v8/torque_generated_initializers/typed-array-of-tq-csa.o
[2818/3816] CXX obj/v8/torque_generated_initializers/typed-array-reduce-tq-csa.o
[2819/3816] CXX obj/v8/torque_generated_initializers/typed-array-findlastindex-tq-csa.o
[2820/3816] CXX obj/v8/torque_generated_initializers/typed-array-from-tq-csa.o
[2821/3816] CXX obj/v8/torque_generated_initializers/typed-array-reduceright-tq-csa.o
[2822/3816] CXX obj/v8/torque_generated_initializers/typed-array-set-tq-csa.o
[2823/3816] CXX obj/v8/torque_generated_initializers/typed-array-some-tq-csa.o
[2824/3816] CXX obj/v8/torque_generated_initializers/typed-array-slice-tq-csa.o
[2825/3816] CXX obj/v8/torque_generated_initializers/typed-array-with-tq-csa.o
[2826/3816] CXX obj/v8/torque_generated_initializers/weak-ref-tq-csa.o
[2827/3816] CXX obj/v8/torque_generated_initializers/typed-array-subarray-tq-csa.o
[2828/3816] CXX obj/v8/torque_generated_initializers/typed-array-sort-tq-csa.o
[2829/3816] CXX obj/v8/torque_generated_initializers/typed-array-to-sorted-tq-csa.o
[2830/3816] CXX obj/v8/torque_generated_initializers/handler-configuration-tq-csa.o
[2831/3816] CXX obj/v8/torque_generated_initializers/typed-array-to-reversed-tq-csa.o
[2832/3816] CXX obj/v8/torque_generated_initializers/api-callbacks-tq-csa.o
[2833/3816] CXX obj/v8/torque_generated_initializers/cpp-heap-external-object-tq-csa.o
[2834/3816] CXX obj/v8/torque_generated_initializers/cell-tq-csa.o
[2835/3816] CXX obj/v8/torque_generated_initializers/call-site-info-tq-csa.o
[2836/3816] CXX obj/v8/torque_generated_initializers/allocation-site-tq-csa.o
[2837/3816] CXX obj/v8/torque_generated_initializers/arguments-tq-csa.o
[2838/3816] CXX obj/v8/torque_generated_initializers/bigint-tq-csa.o
[2839/3816] CXX obj/v8/torque_generated_initializers/typed-array-values-tq-csa.o
[2840/3816] CXX obj/v8/torque_generated_initializers/typed-array-tq-csa.o
[2841/3816] CXX obj/v8/torque_generated_initializers/bytecode-array-tq-csa.o
[2842/3816] CXX obj/v8/torque_generated_initializers/data-handler-tq-csa.o
[2843/3816] CXX obj/v8/torque_generated_initializers/feedback-cell-tq-csa.o
[2844/3816] CXX obj/v8/torque_generated_initializers/foreign-tq-csa.o
[2845/3816] CXX obj/v8/torque_generated_initializers/heap-number-tq-csa.o
[2846/3816] CXX obj/v8/torque_generated_initializers/feedback-vector-tq-csa.o
[2847/3816] CXX obj/v8/torque_generated_initializers/embedder-data-array-tq-csa.o
[2848/3816] CXX obj/v8/torque_generated_initializers/debug-objects-tq-csa.o
[2849/3816] CXX obj/v8/torque_generated_initializers/js-array-buffer-tq-csa.o
[2850/3816] CXX obj/v8/torque_generated_initializers/descriptor-array-tq-csa.o
[2851/3816] CXX obj/v8/torque_generated_initializers/js-atomics-synchronization-tq-csa.o
[2852/3816] CXX obj/v8/torque_generated_initializers/heap-object-tq-csa.o
[2853/3816] CXX obj/v8/torque_generated_initializers/free-space-tq-csa.o
[2854/3816] CXX obj/v8/torque_generated_initializers/js-collection-iterator-tq-csa.o
[2855/3816] CXX obj/v8/torque_generated_initializers/js-array-tq-csa.o
[2856/3816] CXX obj/v8/torque_generated_initializers/js-disposable-stack-tq-csa.o
[2857/3816] CXX obj/v8/torque_generated_initializers/js-collection-tq-csa.o
[2858/3816] CXX obj/v8/torque_generated_initializers/fixed-array-tq-csa.o
[2859/3816] CXX obj/v8/torque_generated_initializers/js-generator-tq-csa.o
[2860/3816] CXX obj/v8/torque_generated_initializers/js-function-tq-csa.o
[2861/3816] CXX obj/v8/torque_generated_initializers/js-iterator-helpers-tq-csa.o
[2862/3816] CXX obj/v8/torque_generated_initializers/contexts-tq-csa.o
[2863/3816] CXX obj/v8/torque_generated_initializers/js-promise-tq-csa.o
[2864/3816] CXX obj/v8/torque_generated_initializers/js-shadow-realm-tq-csa.o
[2865/3816] CXX obj/v8/torque_generated_initializers/js-shared-array-tq-csa.o
[2866/3816] CXX obj/v8/torque_generated_initializers/js-objects-tq-csa.o
[2867/3816] CXX obj/v8/torque_generated_initializers/js-regexp-string-iterator-tq-csa.o
[2868/3816] CXX obj/v8/torque_generated_initializers/js-proxy-tq-csa.o
[2869/3816] CXX obj/v8/torque_generated_initializers/js-raw-json-tq-csa.o
[2870/3816] CXX obj/v8/torque_generated_initializers/js-struct-tq-csa.o
[2871/3816] CXX obj/v8/torque_generated_initializers/megadom-handler-tq-csa.o
[2872/3816] CXX obj/v8/torque_generated_initializers/js-regexp-tq-csa.o
[2873/3816] CXX obj/v8/torque_generated_initializers/hole-tq-csa.o
[2874/3816] CXX obj/v8/torque_generated_initializers/name-tq-csa.o
[2875/3816] CXX obj/v8/torque_generated_initializers/js-weak-refs-tq-csa.o
[2876/3816] CXX obj/v8/torque_generated_initializers/microtask-tq-csa.o
[2877/3816] CXX obj/v8/torque_generated_initializers/map-tq-csa.o
[2878/3816] CXX obj/v8/torque_generated_initializers/oddball-tq-csa.o
[2879/3816] CXX obj/v8/torque_generated_initializers/trusted-object-tq-csa.o
[2880/3816] CXX obj/v8/torque_generated_initializers/property-array-tq-csa.o
[2881/3816] CXX obj/v8/torque_generated_initializers/module-tq-csa.o
[2882/3816] CXX obj/v8/torque_generated_initializers/literal-objects-tq-csa.o
[2883/3816] CXX obj/v8/torque_generated_initializers/primitive-heap-object-tq-csa.o
[2884/3816] CXX obj/v8/torque_generated_initializers/prototype-info-tq-csa.o
[2885/3816] CXX obj/v8/torque_generated_initializers/regexp-match-info-tq-csa.o
[2886/3816] CXX obj/v8/torque_generated_initializers/promise-tq-csa.o
[2887/3816] CXX obj/v8/torque_generated_initializers/property-cell-tq-csa.o
[2888/3816] CXX obj/v8/torque_generated_initializers/ordered-hash-table-tq-csa.o
[2889/3816] CXX obj/v8/torque_generated_initializers/property-descriptor-object-tq-csa.o
[2890/3816] CXX obj/v8/torque_generated_initializers/script-tq-csa.o
[2891/3816] CXX obj/v8/torque_generated_initializers/swiss-hash-table-helpers-tq-csa.o
[2892/3816] CXX obj/v8/torque_generated_initializers/template-objects-tq-csa.o
[2893/3816] CXX obj/v8/torque_generated_initializers/shared-function-info-tq-csa.o
[2894/3816] CXX obj/v8/torque_generated_initializers/synthetic-module-tq-csa.o
[2895/3816] CXX obj/v8/torque_generated_initializers/struct-tq-csa.o
[2896/3816] CXX obj/v8/torque_generated_initializers/scope-info-tq-csa.o
[2897/3816] CXX obj/v8/torque_generated_initializers/source-text-module-tq-csa.o
[2898/3816] CXX obj/v8/torque_generated_initializers/torque-defined-classes-tq-csa.o
[2899/3816] CXX obj/v8/torque_generated_initializers/swiss-name-dictionary-tq-csa.o
[2900/3816] CXX obj/v8/torque_generated_initializers/string-tq-csa.o
[2901/3816] CXX obj/v8/torque_generated_initializers/turbofan-types-tq-csa.o
[2902/3816] CXX obj/v8/torque_generated_initializers/templates-tq-csa.o
[2903/3816] CXX obj/v8/torque_generated_initializers/turboshaft-types-tq-csa.o
[2904/3816] CXX obj/v8/v8_base_without_compiler/ast-function-literal-id-reindexer.o
[2905/3816] CXX obj/v8/v8_base_without_compiler/variables.o
[2906/3816] CXX obj/v8/v8_base_without_compiler/source-range-ast-visitor.o
[2907/3816] CXX obj/v8/torque_generated_initializers/js-collator-tq-csa.o
[2908/3816] CXX obj/v8/torque_generated_initializers/js-display-names-tq-csa.o
[2909/3816] CXX obj/v8/torque_generated_initializers/js-break-iterator-tq-csa.o
[2910/3816] CXX obj/v8/torque_generated_initializers/js-duration-format-tq-csa.o
[2911/3816] CXX obj/v8/torque_generated_initializers/js-number-format-tq-csa.o
[2912/3816] CXX obj/v8/torque_generated_initializers/js-list-format-tq-csa.o
[2913/3816] CXX obj/v8/torque_generated_initializers/js-date-time-format-tq-csa.o
[2914/3816] CXX obj/v8/torque_generated_initializers/js-segmenter-tq-csa.o
[2915/3816] CXX obj/v8/torque_generated_initializers/js-relative-time-format-tq-csa.o
[2916/3816] CXX obj/v8/torque_generated_initializers/test-torque-tq-csa.o
[2917/3816] CXX obj/v8/torque_generated_initializers/js-locale-tq-csa.o
[2918/3816] CXX obj/v8/torque_generated_initializers/js-segments-tq-csa.o
[2919/3816] CXX obj/v8/torque_generated_initializers/js-temporal-objects-tq-csa.o
[2920/3816] CXX obj/v8/torque_generated_initializers/js-plural-rules-tq-csa.o
[2921/3816] CXX obj/v8/torque_generated_initializers/js-segment-iterator-tq-csa.o
[2922/3816] CXX obj/v8/torque_generated_initializers/intl-objects-tq-csa.o
[2923/3816] CXX obj/v8/torque_generated_initializers/wasm-strings-tq-csa.o
[2924/3816] CXX obj/v8/torque_generated_initializers/enum-verifiers.o
[2925/3816] CXX obj/v8/v8_base_without_compiler/api-arguments.o
[2926/3816] CXX obj/v8/v8_base_without_compiler/builtins-math-xsum.o
[2927/3816] CXX obj/v8/torque_generated_initializers/js-to-js-tq-csa.o
[2928/3816] CXX obj/v8/v8_base_without_compiler/modules.o
[2929/3816] CXX obj/v8/torque_generated_initializers/debug-wasm-objects-tq-csa.o
[2930/3816] CXX obj/v8/torque_generated_initializers/exported-macros-assembler.o
[2931/3816] CXX obj/v8/v8_base_without_compiler/api-natives.o
[2932/3816] CXX obj/v8/v8_base_without_compiler/bytecode-offset-iterator.o
[2933/3816] CXX obj/v8/v8_base_without_compiler/ast.o
[2934/3816] CXX obj/v8/v8_base_without_compiler/prettyprinter.o
[2935/3816] CXX obj/v8/v8_base_without_compiler/builtins-effects-analyzer.o
[2936/3816] CXX obj/v8/v8_base_without_compiler/baseline.o
[2937/3816] CXX obj/v8/torque_generated_initializers/array-sort-tq-csa.o
[2938/3816] CXX obj/v8/v8_base_without_compiler/scopes.o
[2939/3816] CXX obj/v8/v8_base_without_compiler/ast-value-factory.o
[2940/3816] CXX obj/v8/torque_generated_initializers/wasm-objects-tq-csa.o
[2941/3816] CXX obj/v8/v8_base_without_compiler/builtins-api.o
[2942/3816] CXX obj/v8/v8_base_without_compiler/builtins-abstract-module-source.o
[2943/3816] CXX obj/v8/v8_base_without_compiler/aligned-slot-allocator.o
[2944/3816] CXX obj/v8/v8_base_without_compiler/bailout-reason.o
[2945/3816] CXX obj/v8/torque_generated_initializers/wasm-to-js-tq-csa.o
[2946/3816] CXX obj/v8/v8_base_without_compiler/accessors.o
[2947/3816] CXX obj/v8/torque_generated_initializers/wasm-tq-csa.o
[2948/3816] CXX obj/v8/v8_base_without_compiler/builtins-arraybuffer.o
[2949/3816] CXX obj/v8/v8_base_without_compiler/builtins-async-disposable-stack.o
[2950/3816] CXX obj/v8/v8_base_without_compiler/builtins-async-module.o
[2951/3816] CXX obj/v8/v8_base_without_compiler/builtins-array.o
[2952/3816] CXX obj/v8/v8_base_without_compiler/builtins-atomics-synchronization.o
[2953/3816] CXX obj/v8/v8_base_without_compiler/builtins-bigint.o
[2954/3816] CXX obj/v8/v8_base_without_compiler/builtins-collections.o
[2955/3816] CXX obj/v8/v8_base_without_compiler/builtins-dataview.o
[2956/3816] CXX obj/v8/v8_base_without_compiler/builtins-callsite.o
[2957/3816] CXX obj/v8/v8_base_without_compiler/machine-type.o
[2958/3816] CXX obj/v8/v8_base_without_compiler/builtins-error.o
[2959/3816] CXX obj/v8/torque_generated_initializers/js-to-wasm-tq-csa.o
[2960/3816] CXX obj/v8/v8_base_without_compiler/builtins-internal.o
[2961/3816] CXX obj/v8/v8_base_without_compiler/builtins-global.o
[2962/3816] CXX obj/v8/v8_base_without_compiler/builtins-disposable-stack.o
[2963/3816] CXX obj/v8/v8_base_without_compiler/builtins-json.o
[2964/3816] CXX obj/v8/v8_base_without_compiler/builtins-console.o
[2965/3816] CXX obj/v8/v8_base_without_compiler/external-reference-encoder.o
[2966/3816] CXX obj/v8/v8_base_without_compiler/register-configuration.o
[2967/3816] CXX obj/v8/v8_base_without_compiler/external-reference-table.o
[2968/3816] CXX obj/v8/v8_base_without_compiler/builtins-number.o
[2969/3816] CXX obj/v8/v8_base_without_compiler/tnode.o
[2970/3816] CXX obj/v8/v8_base_without_compiler/builtins-function.o
[2971/3816] CXX obj/v8/v8_base_without_compiler/builtins-reflect.o
[2972/3816] CXX obj/v8/v8_base_without_compiler/builtins-object.o
[2973/3816] CXX obj/v8/v8_base_without_compiler/builtins-shadow-realm.o
[2974/3816] CXX obj/v8/v8_base_without_compiler/builtins-math.o
[2975/3816] CXX obj/v8/v8_base_without_compiler/builtins-shared-array.o
[2976/3816] CXX obj/v8/v8_base_without_compiler/builtins-regexp.o
[2977/3816] CXX obj/v8/v8_base_without_compiler/flush-instruction-cache.o
[2978/3816] CXX obj/v8/v8_base_without_compiler/builtins-date.o
[2979/3816] CXX obj/v8/v8_base_without_compiler/builtins-string.o
[2980/3816] CXX obj/v8/v8_base_without_compiler/builtins-sharedarraybuffer.o
[2981/3816] CXX obj/v8/v8_base_without_compiler/builtins-symbol.o
[2982/3816] CXX obj/v8/v8_base_without_compiler/builtins-intl.o
[2983/3816] CXX obj/v8/v8_base_without_compiler/builtins-struct.o
[2984/3816] CXX obj/v8/v8_base_without_compiler/constants-table-builder.o
[2985/3816] CXX obj/v8/v8_base_without_compiler/builtins-weak-refs.o
[2986/3816] CXX obj/v8/v8_base_without_compiler/builtins.o
[2987/3816] CXX obj/v8/v8_base_without_compiler/builtins-trace.o
[2988/3816] CXX obj/v8/v8_base_without_compiler/builtins-typed-array.o
[2989/3816] CXX obj/v8/v8_base_without_compiler/liveedit-diff.o
[2990/3816] CXX obj/v8/v8_base_without_compiler/api.o
[2991/3816] CXX obj/v8/v8_base_without_compiler/deoptimize-reason.o
[2992/3816] CXX obj/v8/v8_base_without_compiler/assembler.o
[2993/3816] CXX obj/v8/v8_base_without_compiler/code-reference.o
[2994/3816] CXX obj/v8/v8_base_without_compiler/tick-counter.o
[2995/3816] CXX obj/v8/v8_base_without_compiler/code-desc.o
[2996/3816] CXX obj/v8/v8_base_without_compiler/code-comments.o
[2997/3816] CXX obj/v8/v8_base_without_compiler/ptr-compr.o
[2998/3816] CXX obj/v8/v8_base_without_compiler/code-factory.o
[2999/3816] CXX obj/v8/v8_base_without_compiler/compilation-statistics.o
[3000/3816] CXX obj/v8/v8_base_without_compiler/compilation-cache.o
[3001/3816] CXX obj/v8/v8_base_without_compiler/eh-frame.o
[3002/3816] CXX obj/v8/v8_base_without_compiler/handler-table.o
[3003/3816] CXX obj/v8/v8_base_without_compiler/unwinder.o
[3004/3816] CXX obj/v8/v8_base_without_compiler/jump-table-info.o
[3005/3816] CXX obj/v8/v8_base_without_compiler/clobber-registers.o
[3006/3816] CXX obj/v8/v8_base_without_compiler/interface-descriptors.o
[3007/3816] CXX obj/v8/v8_base_without_compiler/encoded-c-signature.o
[3008/3816] CXX obj/v8/v8_base_without_compiler/maglev-safepoint-table.o
[3009/3816] CXX obj/v8/v8_base_without_compiler/pending-optimization-table.o
[3010/3816] CXX obj/v8/v8_base_without_compiler/optimized-compilation-info.o
[3011/3816] CXX obj/v8/v8_base_without_compiler/macro-assembler-base.o
[3012/3816] CXX obj/v8/v8_base_without_compiler/source-position-table.o
[3013/3816] CXX obj/v8/v8_base_without_compiler/source-position.o
[3014/3816] CXX obj/v8/v8_base_without_compiler/unoptimized-compilation-info.o
[3015/3816] CXX obj/v8/v8_base_without_compiler/assert-scope.o
[3016/3816] CXX obj/v8/v8_base_without_compiler/reloc-info.o
[3017/3816] CXX obj/v8/v8_base_without_compiler/external-reference.o
[3018/3816] CXX obj/v8/v8_base_without_compiler/safepoint-table.o
[3019/3816] CXX obj/v8/v8_base_without_compiler/thread-id.o
[3020/3816] CXX obj/v8/v8_base_without_compiler/date.o
[3021/3816] CXX obj/v8/v8_base_without_compiler/optimizing-compile-dispatcher.o
[3022/3816] CXX obj/v8/v8_base_without_compiler/linkage.o
[3023/3816] CXX obj/v8/v8_base_without_compiler/arguments.o
[3024/3816] CXX obj/v8/v8_base_without_compiler/debug-evaluate.o
[3025/3816] CXX obj/v8/v8_base_without_compiler/code-memory-access.o
[3026/3816] CXX obj/v8/v8_base_without_compiler/dateparser.o
[3027/3816] CXX obj/v8/v8_base_without_compiler/compiler.o
[3028/3816] CXX obj/v8/v8_base_without_compiler/debug-scope-iterator.o
[3029/3816] CXX obj/v8/v8_base_without_compiler/lazy-compile-dispatcher.o
[3030/3816] CXX obj/v8/v8_base_without_compiler/debug-frames.o
[3031/3816] CXX obj/v8/v8_base_without_compiler/debug-property-iterator.o
[3032/3816] CXX obj/v8/v8_base_without_compiler/trigger-failure-extension.o
[3033/3816] CXX obj/v8/v8_base_without_compiler/debug-coverage.o
[3034/3816] CXX obj/v8/v8_base_without_compiler/interrupts-scope.o
[3035/3816] CXX obj/v8/v8_base_without_compiler/save-flags.o
[3036/3816] CXX obj/v8/v8_base_without_compiler/deoptimized-frame-info.o
[3037/3816] CXX obj/v8/v8_base_without_compiler/local-isolate.o
[3038/3816] CXX obj/v8/v8_base_without_compiler/debug-stack-trace-iterator.o
[3039/3816] CXX obj/v8/v8_base_without_compiler/simulator-base.o
[3040/3816] CXX obj/v8/v8_base_without_compiler/debug-scopes.o
[3041/3816] CXX obj/v8/v8_base_without_compiler/thread-local-top.o
[3042/3816] CXX obj/v8/v8_base_without_compiler/gdb-jit.o
[3043/3816] CXX obj/v8/v8_base_without_compiler/disassembler.o
[3044/3816] CXX obj/v8/v8_base_without_compiler/flags.o
[3045/3816] CXX obj/v8/v8_base_without_compiler/materialized-object-store.o
[3046/3816] CXX obj/v8/v8_base_without_compiler/cputracemark-extension.o
[3047/3816] CXX obj/v8/v8_base_without_compiler/basic-block-profiler.o
[3048/3816] CXX obj/v8/v8_base_without_compiler/frame-translation-builder.o
[3049/3816] CXX obj/v8/v8_base_without_compiler/translated-state.o
[3050/3816] CXX obj/v8/v8_base_without_compiler/debug-interface.o
[3051/3816] CXX obj/v8/v8_base_without_compiler/gc-extension.o
[3052/3816] CXX obj/v8/v8_base_without_compiler/perf-jit.o
[3053/3816] CXX obj/v8/v8_base_without_compiler/debug.o
[3054/3816] CXX obj/v8/v8_base_without_compiler/allocation-observer.o
[3055/3816] CXX obj/v8/v8_base_without_compiler/liveedit.o
[3056/3816] CXX obj/v8/v8_base_without_compiler/embedder-state.o
[3057/3816] CXX obj/v8/v8_base_without_compiler/deoptimizer.o
[3058/3816] CXX obj/v8/v8_base_without_compiler/execution.o
[3059/3816] CXX obj/v8/v8_base_without_compiler/protectors.o
[3060/3816] CXX obj/v8/v8_base_without_compiler/microtask-queue.o
[3061/3816] CXX obj/v8/v8_base_without_compiler/stack-guard.o
[3062/3816] CXX obj/v8/v8_base_without_compiler/futex-emulation.o
[3063/3816] CXX obj/v8/v8_base_without_compiler/statistics-extension.o
[3064/3816] CXX obj/v8/v8_base_without_compiler/v8threads.o
[3065/3816] CXX obj/v8/v8_base_without_compiler/ignition-statistics-extension.o
[3066/3816] CXX obj/v8/v8_base_without_compiler/frames.o
[3067/3816] CXX obj/v8/v8_base_without_compiler/externalize-string-extension.o
[3068/3816] CXX obj/v8/v8_base_without_compiler/handles.o
[3069/3816] CXX obj/v8/v8_base_without_compiler/index-generator.o
[3070/3816] CXX obj/v8/v8_base_without_compiler/shared-object-conveyor-handles.o
[3071/3816] CXX obj/v8/v8_base_without_compiler/objects-debug.o
[3072/3816] CXX obj/v8/v8_base_without_compiler/global-handles.o
[3073/3816] CXX obj/v8/v8_base_without_compiler/tiering-manager.o
[3074/3816] CXX obj/v8/v8_base_without_compiler/messages.o
[3075/3816] CXX obj/v8/v8_base_without_compiler/code-range.o
[3076/3816] CXX obj/v8/v8_base_without_compiler/base-page.o
[3077/3816] CXX obj/v8/v8_base_without_compiler/local-handles.o
[3078/3816] CXX obj/v8/v8_base_without_compiler/traced-handles.o
[3079/3816] CXX obj/v8/v8_base_without_compiler/collection-barrier.o
[3080/3816] CXX obj/v8/v8_base_without_compiler/array-buffer-sweeper.o
[3081/3816] CXX obj/v8/v8_base_without_compiler/combined-heap.o
[3082/3816] CXX obj/v8/v8_base_without_compiler/evacuation-allocator.o
[3083/3816] CXX obj/v8/v8_base_without_compiler/persistent-handles.o
[3084/3816] CXX obj/v8/v8_base_without_compiler/large-page.o
[3085/3816] CXX obj/v8/v8_base_without_compiler/unified-heap-marking-verifier.o
[3086/3816] CXX obj/v8/v8_base_without_compiler/unified-heap-marking-state.o
[3087/3816] CXX obj/v8/v8_base_without_compiler/objects-printer.o
[3088/3816] CXX obj/v8/v8_base_without_compiler/cross-heap-remembered-set.o
[3089/3816] CXX obj/v8/v8_base_without_compiler/code-stats.o
[3090/3816] CXX obj/v8/v8_base_without_compiler/ephemeron-remembered-set.o
[3091/3816] CXX obj/v8/v8_base_without_compiler/cpp-snapshot.o
[3092/3816] CXX obj/v8/v8_base_without_compiler/unified-heap-marking-visitor.o
[3093/3816] CXX obj/v8/v8_base_without_compiler/evacuation-verifier.o
[3094/3816] CXX obj/v8/v8_base_without_compiler/cpp-heap.o
[3095/3816] CXX obj/v8/v8_base_without_compiler/free-list.o
[3096/3816] CXX obj/v8/v8_base_without_compiler/finalization-registry-cleanup-task.o
[3097/3816] CXX obj/v8/v8_base_without_compiler/gc-tracer.o
[3098/3816] CXX obj/v8/v8_base_without_compiler/heap-allocator.o
[3099/3816] CXX obj/v8/v8_base_without_compiler/slot-set.o
[3100/3816] CXX obj/v8/v8_base_without_compiler/heap-layout-tracer.o
[3101/3816] CXX obj/v8/v8_base_without_compiler/incremental-marking-job.o
[3102/3816] CXX obj/v8/v8_base_without_compiler/heap-layout.o
[3103/3816] CXX obj/v8/v8_base_without_compiler/heap-controller.o
[3104/3816] CXX obj/v8/v8_base_without_compiler/factory-base.o
[3105/3816] CXX obj/v8/v8_base_without_compiler/local-factory.o
[3106/3816] CXX obj/v8/v8_base_without_compiler/isolate.o
[3107/3816] CXX obj/v8/v8_base_without_compiler/marking.o
[3108/3816] CXX obj/v8/v8_base_without_compiler/large-spaces.o
[3109/3816] CXX obj/v8/v8_base_without_compiler/heap-write-barrier.o
[3110/3816] CXX obj/v8/v8_base_without_compiler/heap-visitor.o
[3111/3816] CXX obj/v8/v8_base_without_compiler/local-heap.o
[3112/3816] CXX obj/v8/v8_base_without_compiler/mark-sweep-utilities.o
[3113/3816] CXX obj/v8/v8_base_without_compiler/incremental-marking.o
[3114/3816] CXX obj/v8/v8_base_without_compiler/marking-barrier.o
[3115/3816] CXX obj/v8/v8_base_without_compiler/icu_util.o
[3116/3816] CXX obj/v8/v8_base_without_compiler/memory-allocator.o
[3117/3816] CXX obj/v8/v8_base_without_compiler/main-allocator.o
[3118/3816] CXX obj/v8/v8_base_without_compiler/startup-data-util.o
[3119/3816] CXX obj/v8/v8_base_without_compiler/memory-chunk.o
[3120/3816] CXX obj/v8/v8_base_without_compiler/memory-balancer.o
[3121/3816] CXX obj/v8/v8_base_without_compiler/concurrent-marking.o
[3122/3816] CXX obj/v8/v8_base_without_compiler/marking-worklist.o
[3123/3816] CXX obj/v8/v8_base_without_compiler/mutable-page.o
[3124/3816] CXX obj/v8/v8_base_without_compiler/normal-page.o
[3125/3816] CXX obj/v8/v8_base_without_compiler/memory-pool.o
[3126/3816] CXX obj/v8/v8_base_without_compiler/paged-spaces.o
[3127/3816] CXX obj/v8/v8_base_without_compiler/memory-measurement.o
[3128/3816] CXX obj/v8/v8_base_without_compiler/minor-gc-job.o
[3129/3816] CXX obj/v8/v8_base_without_compiler/read-only-heap.o
[3130/3816] CXX obj/v8/v8_base_without_compiler/new-spaces.o
[3131/3816] CXX obj/v8/v8_base_without_compiler/bytecode-node.o
[3132/3816] CXX obj/v8/v8_base_without_compiler/bytecode-operands.o
[3133/3816] CXX obj/v8/v8_base_without_compiler/bytecode-source-info.o
[3134/3816] CXX obj/v8/v8_base_without_compiler/memory-reducer.o
[3135/3816] CXX obj/v8/v8_base_without_compiler/bytecode-register.o
[3136/3816] CXX obj/v8/v8_base_without_compiler/pretenuring-handler.o
[3137/3816] CXX obj/v8/v8_base_without_compiler/bytecodes.o
[3138/3816] CXX obj/v8/v8_base_without_compiler/interpreter-intrinsics.o
[3139/3816] CXX obj/v8/v8_base_without_compiler/read-only-spaces.o
[3140/3816] CXX obj/v8/v8_base_without_compiler/object-stats.o
[3141/3816] CXX obj/v8/v8_base_without_compiler/read-only-promotion.o
[3142/3816] CXX obj/v8/v8_base_without_compiler/sampler.o
[3143/3816] CXX obj/v8/v8_base_without_compiler/factory.o
[3144/3816] CXX obj/v8/v8_base_without_compiler/heap-verifier.o
[3145/3816] CXX obj/v8/v8_base_without_compiler/safepoint.o
[3146/3816] CXX obj/v8/v8_base_without_compiler/metrics.o
[3147/3816] CXX obj/v8/v8_base_without_compiler/tracing-flags.o
[3148/3816] CXX obj/v8/v8_base_without_compiler/runtime-call-stats.o
[3149/3816] CXX obj/v8/v8_base_without_compiler/bytecode-register-optimizer.o
[3150/3816] CXX obj/v8/v8_base_without_compiler/stress-scavenge-observer.o
[3151/3816] CXX obj/v8/v8_base_without_compiler/spaces.o
[3152/3816] CXX obj/v8/v8_base_without_compiler/local-logger.o
[3153/3816] CXX obj/v8/v8_base_without_compiler/ieee754.o
[3154/3816] CXX obj/v8/v8_base_without_compiler/trusted-range.o
[3155/3816] CXX obj/v8/v8_base_without_compiler/heap.o
[3156/3816] CXX obj/v8/v8_base_without_compiler/traced-handles-marking-visitor.o
[3157/3816] CXX obj/v8/v8_base_without_compiler/code-kind.o
[3158/3816] CXX obj/v8/v8_base_without_compiler/minor-mark-sweep.o
[3159/3816] CXX obj/v8/v8_base_without_compiler/weak-object-worklists.o
[3160/3816] CXX obj/v8/v8_base_without_compiler/zapping.o
[3161/3816] CXX obj/v8/v8_base_without_compiler/call-optimization.o
[3162/3816] CXX obj/v8/v8_base_without_compiler/stub-cache.o
[3163/3816] CXX obj/v8/v8_base_without_compiler/ic-stats.o
[3164/3816] CXX obj/v8/v8_base_without_compiler/isolate-group.o
[3165/3816] CXX obj/v8/v8_base_without_compiler/handler-configuration.o
[3166/3816] CXX obj/v8/v8_base_without_compiler/bytecode-array-iterator.o
[3167/3816] CXX obj/v8/v8_base_without_compiler/bytecode-array-random-iterator.o
[3168/3816] CXX obj/v8/v8_base_without_compiler/v8.o
[3169/3816] CXX obj/v8/v8_base_without_compiler/bytecode-decoder.o
[3170/3816] CXX obj/v8/v8_base_without_compiler/visit-object.o
[3171/3816] CXX obj/v8/v8_base_without_compiler/handler-table-builder.o
[3172/3816] CXX obj/v8/v8_base_without_compiler/bytecode-label.o
[3173/3816] CXX obj/v8/v8_base_without_compiler/bytecode-array-writer.o
[3174/3816] CXX obj/v8/v8_base_without_compiler/bytecode-flags-and-tokens.o
[3175/3816] CXX obj/v8/v8_base_without_compiler/control-flow-builders.o
[3176/3816] CXX obj/v8/v8_base_without_compiler/prototype-assignment-sequence-builder.o
[3177/3816] CXX obj/v8/v8_base_without_compiler/constant-array-builder.o
[3178/3816] CXX obj/v8/v8_base_without_compiler/log-file.o
[3179/3816] CXX obj/v8/v8_base_without_compiler/counters.o
[3180/3816] CXX obj/v8/v8_base_without_compiler/bytecode-array-builder.o
[3181/3816] CXX obj/v8/v8_base_without_compiler/interpreter.o
[3182/3816] CXX obj/v8/v8_base_without_compiler/sweeper.o
[3183/3816] CXX obj/v8/v8_base_without_compiler/bootstrapper.o
[3184/3816] CXX obj/v8/v8_base_without_compiler/hash-seed.o
[3185/3816] CXX obj/v8/v8_base_without_compiler/scavenger.o
[3186/3816] CXX obj/v8/v8_base_without_compiler/ic.o
[3187/3816] CXX obj/v8/v8_base_without_compiler/json-stringifier.o
[3188/3816] CXX obj/v8/v8_base_without_compiler/abstract-code.o
[3189/3816] CXX obj/v8/v8_base_without_compiler/log.o
[3190/3816] CXX obj/v8/v8_base_without_compiler/bytecode-generator.o
[3191/3816] CXX obj/v8/v8_base_without_compiler/bytecode-array.o
[3192/3816] CXX obj/v8/v8_base_without_compiler/conversions.o
[3193/3816] CXX obj/v8/v8_base_without_compiler/json-parser.o
[3194/3816] CXX obj/v8/v8_base_without_compiler/math-random.o
[3195/3816] CXX obj/v8/v8_base_without_compiler/backing-store.o
[3196/3816] CXX obj/v8/v8_base_without_compiler/mark-compact.o
[3197/3816] CXX obj/v8/v8_base_without_compiler/code.o
[3198/3816] CXX obj/v8/v8_base_without_compiler/bigint.o
[3199/3816] CXX obj/v8/v8_base_without_compiler/call-site-info.o
[3200/3816] CXX obj/v8/v8_base_without_compiler/contexts.o
[3201/3816] CXX obj/v8/v8_base_without_compiler/deoptimization-data.o
[3202/3816] CXX obj/v8/v8_base_without_compiler/compilation-cache-table.o
[3203/3816] CXX obj/v8/v8_base_without_compiler/lookup-cache.o
[3204/3816] CXX obj/v8/v8_base_without_compiler/field-type.o
[3205/3816] CXX obj/v8/v8_base_without_compiler/debug-objects.o
[3206/3816] CXX obj/v8/v8_base_without_compiler/dependent-code.o
[3207/3816] CXX obj/v8/v8_base_without_compiler/elements-kind.o
[3208/3816] CXX obj/v8/v8_base_without_compiler/embedder-data-array.o
[3209/3816] CXX obj/v8/v8_base_without_compiler/fixed-array.o
[3210/3816] CXX obj/v8/v8_base_without_compiler/instruction-stream.o
[3211/3816] CXX obj/v8/v8_base_without_compiler/js-array-buffer.o
[3212/3816] CXX obj/v8/v8_base_without_compiler/feedback-vector.o
[3213/3816] CXX obj/v8/v8_base_without_compiler/js-data-object-builder.o
[3214/3816] CXX obj/v8/v8_base_without_compiler/js-break-iterator.o
[3215/3816] CXX obj/v8/v8_base_without_compiler/js-atomics-synchronization.o
[3216/3816] CXX obj/v8/v8_base_without_compiler/js-collator.o
[3217/3816] CXX obj/v8/v8_base_without_compiler/js-disposable-stack.o
[3218/3816] CXX obj/v8/v8_base_without_compiler/js-display-names.o
[3219/3816] CXX obj/v8/v8_base_without_compiler/intl-objects.o
[3220/3816] CXX obj/v8/v8_base_without_compiler/js-raw-json.o
[3221/3816] CXX obj/v8/v8_base_without_compiler/js-list-format.o
[3222/3816] CXX obj/v8/v8_base_without_compiler/js-date-time-format.o
[3223/3816] CXX obj/v8/v8_base_without_compiler/js-temporal-helpers.o
[3224/3816] CXX obj/v8/v8_base_without_compiler/js-duration-format.o
[3225/3816] CXX obj/v8/v8_base_without_compiler/js-locale.o
[3226/3816] CXX obj/v8/v8_base_without_compiler/js-function.o
[3227/3816] CXX obj/v8/v8_base_without_compiler/js-segmenter.o
[3228/3816] CXX obj/v8/v8_base_without_compiler/js-segments.o
[3229/3816] CXX obj/v8/v8_base_without_compiler/js-relative-time-format.o
[3230/3816] CXX obj/v8/v8_base_without_compiler/js-struct.o
[3231/3816] CXX obj/v8/v8_base_without_compiler/js-segment-iterator.o
[3232/3816] CXX obj/v8/v8_base_without_compiler/type-hints.o
[3233/3816] CXX obj/v8/v8_base_without_compiler/js-plural-rules.o
[3234/3816] CXX obj/v8/v8_base_without_compiler/js-regexp.o
[3235/3816] CXX obj/v8/v8_base_without_compiler/js-weak-refs.o
[3236/3816] CXX obj/v8/v8_base_without_compiler/js-number-format.o
[3237/3816] CXX obj/v8/v8_base_without_compiler/number-string-cache.o
[3238/3816] CXX obj/v8/v8_base_without_compiler/managed.o
[3239/3816] CXX obj/v8/v8_base_without_compiler/literal-objects.o
[3240/3816] CXX obj/v8/v8_base_without_compiler/map-updater.o
[3241/3816] CXX obj/v8/v8_base_without_compiler/option-utils.o
[3242/3816] CXX obj/v8/v8_base_without_compiler/property.o
[3243/3816] CXX obj/v8/v8_base_without_compiler/import-attributes.o
[3244/3816] CXX obj/v8/v8_base_without_compiler/property-descriptor.o
[3245/3816] CXX obj/v8/v8_base_without_compiler/map.o
[3246/3816] CXX obj/v8/v8_base_without_compiler/object-type.o
[3247/3816] CXX obj/v8/v8_base_without_compiler/regexp-match-info.o
[3248/3816] CXX obj/v8/v8_base_without_compiler/keys.o
[3249/3816] CXX obj/v8/v8_base_without_compiler/lookup.o
[3250/3816] CXX obj/v8/v8_base_without_compiler/token.o
[3251/3816] CXX obj/v8/v8_base_without_compiler/literal-buffer.o
[3252/3816] CXX obj/v8/v8_base_without_compiler/profiler-stats.o
[3253/3816] CXX obj/v8/v8_base_without_compiler/module.o
[3254/3816] CXX obj/v8/v8_base_without_compiler/ordered-hash-table.o
[3255/3816] CXX obj/v8/v8_base_without_compiler/simd.o
[3256/3816] CXX obj/v8/v8_base_without_compiler/string-comparator.o
[3257/3816] CXX obj/v8/v8_base_without_compiler/script.o
[3258/3816] CXX obj/v8/v8_base_without_compiler/js-objects.o
[3259/3816] CXX obj/v8/v8_base_without_compiler/shared-function-info.o
[3260/3816] CXX obj/v8/v8_base_without_compiler/scope-info.o
[3261/3816] CXX obj/v8/v8_base_without_compiler/experimental-bytecode.o
[3262/3816] CXX obj/v8/v8_base_without_compiler/string-forwarding-table.o
[3263/3816] CXX obj/v8/v8_base_without_compiler/string-table.o
[3264/3816] CXX obj/v8/v8_base_without_compiler/experimental-compiler.o
[3265/3816] CXX obj/v8/v8_base_without_compiler/symbolizer.o
[3266/3816] CXX obj/v8/v8_base_without_compiler/source-text-module.o
[3267/3816] CXX obj/v8/v8_base_without_compiler/swiss-name-dictionary.o
[3268/3816] CXX obj/v8/v8_base_without_compiler/tagged-impl.o
[3269/3816] CXX obj/v8/v8_base_without_compiler/synthetic-module.o
[3270/3816] CXX obj/v8/v8_base_without_compiler/tracing-cpu-profiler.o
[3271/3816] CXX obj/v8/v8_base_without_compiler/symbol-table.o
[3272/3816] CXX obj/v8/v8_base_without_compiler/waiter-queue-node.o
[3273/3816] CXX obj/v8/v8_base_without_compiler/regexp-error.o
[3274/3816] CXX obj/v8/v8_base_without_compiler/template-objects.o
[3275/3816] CXX obj/v8/v8_base_without_compiler/visitors.o
[3276/3816] CXX obj/v8/v8_base_without_compiler/func-name-inferrer.o
[3277/3816] CXX obj/v8/v8_base_without_compiler/transitions.o
[3278/3816] CXX obj/v8/v8_base_without_compiler/string.o
[3279/3816] CXX obj/v8/v8_base_without_compiler/parsing.o
[3280/3816] CXX obj/v8/v8_base_without_compiler/pending-compilation-error-handler.o
[3281/3816] CXX obj/v8/v8_base_without_compiler/parse-info.o
[3282/3816] CXX obj/v8/v8_base_without_compiler/templates.o
[3283/3816] CXX obj/v8/v8_base_without_compiler/regexp-bytecodes.o
[3284/3816] CXX obj/v8/v8_base_without_compiler/preparse-data.o
[3285/3816] CXX obj/v8/v8_base_without_compiler/rewriter.o
[3286/3816] CXX obj/v8/v8_base_without_compiler/regexp-stack.o
[3287/3816] CXX obj/v8/v8_base_without_compiler/regexp-result-vector.o
[3288/3816] CXX obj/v8/v8_base_without_compiler/value-serializer.o
[3289/3816] CXX obj/v8/v8_base_without_compiler/regexp-compiler-tonode.o
[3290/3816] CXX obj/v8/v8_base_without_compiler/strings-storage.o
[3291/3816] CXX obj/v8/v8_base_without_compiler/tick-sample.o
[3292/3816] CXX obj/v8/v8_base_without_compiler/profiler-listener.o
[3293/3816] CXX obj/v8/v8_base_without_compiler/scanner-character-streams.o
[3294/3816] CXX obj/v8/v8_base_without_compiler/cpu-profiler.o
[3295/3816] CXX obj/v8/v8_base_without_compiler/scanner.o
[3296/3816] CXX obj/v8/v8_base_without_compiler/allocation-tracker.o
[3297/3816] CXX obj/v8/v8_base_without_compiler/preparser.o
[3298/3816] CXX obj/v8/v8_base_without_compiler/heap-profiler.o
[3299/3816] CXX obj/v8/v8_base_without_compiler/weak-code-registry.o
[3300/3816] CXX obj/v8/v8_base_without_compiler/sampling-heap-profiler.o
[3301/3816] CXX obj/v8/v8_base_without_compiler/experimental.o
[3302/3816] CXX obj/v8/v8_base_without_compiler/objects.o
[3303/3816] CXX obj/v8/v8_base_without_compiler/regexp-ast.o
[3304/3816] CXX obj/v8/v8_base_without_compiler/parser.o
[3305/3816] CXX obj/v8/v8_base_without_compiler/profile-generator.o
[3306/3816] CXX obj/v8/v8_base_without_compiler/regexp-bytecode-iterator.o
[3307/3816] CXX obj/v8/v8_base_without_compiler/experimental-interpreter.o
[3308/3816] CXX obj/v8/v8_base_without_compiler/regexp-bytecode-peephole.o
[3309/3816] CXX obj/v8/v8_base_without_compiler/regexp-utils.o
[3310/3816] CXX obj/v8/v8_base_without_compiler/regexp-bytecode-generator.o
[3311/3816] CXX obj/v8/v8_base_without_compiler/heap-snapshot-generator.o
[3312/3816] CXX obj/v8/v8_base_without_compiler/regexp-macro-assembler.o
[3313/3816] CXX obj/v8/v8_base_without_compiler/regexp-compiler.o
[3314/3816] CXX obj/v8/v8_base_without_compiler/runtime-bigint.o
[3315/3816] CXX obj/v8/v8_base_without_compiler/runtime-atomics.o
[3316/3816] CXX obj/v8/v8_base_without_compiler/hardware-support.o
[3317/3816] CXX obj/v8/v8_base_without_compiler/external-strings-cage.o
[3318/3816] CXX obj/v8/v8_base_without_compiler/regexp.o
[3319/3816] CXX obj/v8/v8_base_without_compiler/runtime-array.o
[3320/3816] CXX obj/v8/v8_base_without_compiler/sandboxable-thread.o
[3321/3816] CXX obj/v8/v8_base_without_compiler/sandbox.o
[3322/3816] CXX obj/v8/v8_base_without_compiler/regexp-parser.o
[3323/3816] CXX obj/v8/v8_base_without_compiler/runtime-forin.o
[3324/3816] CXX obj/v8/v8_base_without_compiler/roots.o
[3325/3816] CXX obj/v8/v8_base_without_compiler/regexp-bytecode-analysis.o
[3326/3816] CXX obj/v8/v8_base_without_compiler/runtime-futex.o
[3327/3816] CXX obj/v8/v8_base_without_compiler/runtime-collections.o
[3328/3816] CXX obj/v8/v8_base_without_compiler/regexp-interpreter.o
[3329/3816] CXX obj/v8/v8_base_without_compiler/cppheap-pointer-table.o
[3330/3816] CXX obj/v8/v8_base_without_compiler/runtime-date.o
[3331/3816] CXX obj/v8/v8_base_without_compiler/runtime-classes.o
[3332/3816] CXX obj/v8/v8_base_without_compiler/runtime-function.o
[3333/3816] CXX obj/v8/v8_base_without_compiler/runtime-generator.o
[3334/3816] CXX obj/v8/v8_base_without_compiler/elements.o
[3335/3816] CXX obj/v8/v8_base_without_compiler/external-pointer-table.o
[3336/3816] CXX obj/v8/v8_base_without_compiler/regexp-code-generator.o
[3337/3816] CXX obj/v8/v8_base_without_compiler/runtime-operators.o
[3338/3816] CXX obj/v8/v8_base_without_compiler/runtime-compiler.o
[3339/3816] CXX obj/v8/v8_base_without_compiler/snapshot-utils.o
[3340/3816] CXX obj/v8/v8_base_without_compiler/runtime-intl.o
[3341/3816] CXX obj/v8/v8_base_without_compiler/runtime-proxy.o
[3342/3816] CXX obj/v8/v8_base_without_compiler/runtime-module.o
[3343/3816] CXX obj/v8/v8_base_without_compiler/runtime-debug.o
[3344/3816] CXX obj/v8/v8_base_without_compiler/char-predicates.o
[3345/3816] CXX obj/v8/v8_base_without_compiler/runtime-numbers.o
[3346/3816] CXX obj/v8/v8_base_without_compiler/runtime-internal.o
[3347/3816] CXX obj/v8/v8_base_without_compiler/runtime-promise.o
[3348/3816] CXX obj/v8/v8_base_without_compiler/string-case.o
[3349/3816] CXX obj/v8/v8_base_without_compiler/runtime-trace.o
[3350/3816] CXX obj/v8/v8_base_without_compiler/unicode-decoder.o
[3351/3816] CXX obj/v8/v8_base_without_compiler/unicode.o
[3352/3816] CXX obj/v8/v8_base_without_compiler/runtime-shadow-realm.o
[3353/3816] CXX obj/v8/v8_base_without_compiler/operations-barrier.o
[3354/3816] CXX obj/v8/v8_base_without_compiler/task-utils.o
[3355/3816] CXX obj/v8/v8_base_without_compiler/runtime-literals.o
[3356/3816] CXX obj/v8/v8_base_without_compiler/roots-serializer.o
[3357/3816] CXX obj/v8/v8_base_without_compiler/runtime-symbol.o
[3358/3816] CXX obj/v8/v8_base_without_compiler/runtime-strings.o
[3359/3816] CXX obj/v8/v8_base_without_compiler/runtime-typedarray.o
[3360/3816] CXX obj/v8/v8_base_without_compiler/traced-value.o
[3361/3816] CXX obj/v8/v8_base_without_compiler/runtime-regexp.o
[3362/3816] CXX obj/v8/v8_base_without_compiler/detachable-vector.o
[3363/3816] CXX obj/v8/v8_base_without_compiler/hex-format.o
[3364/3816] CXX obj/v8/v8_base_without_compiler/bit-vector.o
[3365/3816] CXX obj/v8/v8_base_without_compiler/sha-256.o
[3366/3816] CXX obj/v8/v8_base_without_compiler/snapshot-data.o
[3367/3816] CXX obj/v8/v8_base_without_compiler/runtime-scopes.o
[3368/3816] CXX obj/v8/v8_base_without_compiler/tracing-category-observer.o
[3369/3816] CXX obj/v8/v8_base_without_compiler/type-stats.o
[3370/3816] CXX obj/v8/v8_base_without_compiler/code-pointer-table.o
[3371/3816] CXX obj/v8/v8_base_without_compiler/output-stream.o
[3372/3816] CXX obj/v8/v8_base_without_compiler/version.o
[3373/3816] CXX obj/v8/v8_base_without_compiler/runtime.o
[3374/3816] CXX obj/v8/v8_base_without_compiler/halfsiphash.o
[3375/3816] CXX obj/v8/v8_base_without_compiler/zone-segment.o
[3376/3816] CXX obj/v8/v8_base_without_compiler/utils.o
[3377/3816] CXX obj/v8/v8_base_without_compiler/runtime-weak-refs.o
[3378/3816] CXX obj/v8/v8_base_without_compiler/js-temporal-zoneinfo64.o
[3379/3816] CXX obj/v8/v8_base_without_compiler/runtime-object.o
[3380/3816] CXX obj/v8/v8_base_without_compiler/zone.o
[3381/3816] CXX obj/v8/v8_base_without_compiler/allocation.o
[3382/3816] CXX obj/v8/v8_base_without_compiler/bytecode-verifier.o
[3383/3816] CXX obj/v8/v8_base_without_compiler/sort-builtins.o
[3384/3816] CXX obj/v8/v8_base_without_compiler/cancelable-task.o
[3385/3816] CXX obj/v8/v8_base_without_compiler/js-dispatch-table.o
[3386/3816] CXX obj/v8/v8_base_without_compiler/trace-event.o
[3387/3816] CXX obj/v8/v8_base_without_compiler/ostreams.o
[3388/3816] CXX obj/v8/v8_base_without_compiler/trusted-pointer-scope.o
[3389/3816] CXX obj/v8/v8_base_without_compiler/testing.o
[3390/3816] CXX obj/v8/v8_base_without_compiler/trusted-pointer-table.o
[3391/3816] CXX obj/v8/v8_base_without_compiler/accounting-allocator.o
[3392/3816] CXX obj/v8/v8_base_without_compiler/object-deserializer.o
[3393/3816] CXX obj/v8/v8_base_without_compiler/read-only-serializer.o
[3394/3816] CXX obj/v8/v8_base_without_compiler/context-deserializer.o
[3395/3816] CXX obj/v8/v8_base_without_compiler/runtime-test.o
[3396/3816] CXX obj/v8/v8_base_without_compiler/embedded-data.o
[3397/3816] CXX obj/v8/v8_base_without_compiler/shared-heap-deserializer.o
[3398/3816] CXX obj/v8/v8_base_without_compiler/code-serializer.o
[3399/3816] CXX obj/v8/v8_base_without_compiler/serializer-deserializer.o
[3400/3816] CXX obj/v8/v8_base_without_compiler/snapshot-source-sink.o
[3401/3816] CXX obj/v8/v8_base_without_compiler/shared-heap-serializer.o
[3402/3816] CXX obj/v8/v8_base_without_compiler/read-only-deserializer.o
[3403/3816] CXX obj/v8/v8_base_without_compiler/startup-deserializer.o
[3404/3816] CXX obj/v8/v8_base_without_compiler/context-serializer.o
[3405/3816] CXX obj/v8/v8_base_without_compiler/string-hasher.o
[3406/3816] CXX obj/v8/v8_base_without_compiler/string-builder.o
[3407/3816] CXX obj/v8/v8_base_without_compiler/string-stream.o
[3408/3816] CXX obj/v8/v8_base_without_compiler/maglev-graph-labeller.o
[3409/3816] CXX obj/v8/v8_base_without_compiler/startup-serializer.o
[3410/3816] CXX obj/v8/v8_base_without_compiler/asm-types.o
[3411/3816] CXX obj/v8/v8_base_without_compiler/snapshot.o
[3412/3816] CXX obj/v8/v8_base_without_compiler/maglev-graph-printer.o
[3413/3816] CXX obj/v8/v8_base_without_compiler/handler-inside.o
[3414/3816] CXX obj/v8/v8_base_without_compiler/handler-outside.o
[3415/3816] CXX obj/v8/v8_base_without_compiler/handler-shared.o
[3416/3816] CXX obj/v8/v8_base_without_compiler/uri.o
[3417/3816] CXX obj/v8/v8_base_without_compiler/deserializer.o
[3418/3816] CXX obj/v8/v8_base_without_compiler/identity-map.o
[3419/3816] CXX obj/v8/v8_base_without_compiler/address-map.o
[3420/3816] CXX obj/v8/v8_base_without_compiler/maglev-node-type.o
[3421/3816] CXX obj/v8/v8_base_without_compiler/maglev.o
[3422/3816] CXX obj/v8/v8_base_without_compiler/serializer.o
[3423/3816] CXX obj/v8/v8_base_without_compiler/basic-block-calculator.o
[3424/3816] CXX obj/v8/v8_base_without_compiler/baseline-batch-compiler.o
[3425/3816] CXX obj/v8/v8_base_without_compiler/asm-scanner.o
[3426/3816] CXX obj/v8/v8_base_without_compiler/maglev-compilation-unit.o
[3427/3816] CXX obj/v8/v8_base_without_compiler/compilation-hints-generation.o
[3428/3816] CXX obj/v8/v8_base_without_compiler/wasm-compiler-definitions.o
[3429/3816] CXX obj/v8/v8_base_without_compiler/maglev-compilation-info.o
[3430/3816] CXX obj/v8/v8_base_without_compiler/local-decl-encoder.o
[3431/3816] CXX obj/v8/v8_base_without_compiler/maglev-assembler.o
[3432/3816] CXX obj/v8/v8_base_without_compiler/baseline-compiler.o
[3433/3816] CXX obj/v8/v8_base_without_compiler/maglev-concurrent-dispatcher.o
[3434/3816] CXX obj/v8/v8_base_without_compiler/parallel-move.o
[3435/3816] CXX obj/v8/v8_base_without_compiler/maglev-pipeline-statistics.o
[3436/3816] CXX obj/v8/v8_base_without_compiler/perfetto-utils.o
[3437/3816] CXX obj/v8/v8_base_without_compiler/code-data-source.o
[3438/3816] CXX obj/v8/v8_base_without_compiler/simd-shuffle.o
[3439/3816] CXX obj/v8/v8_base_without_compiler/builtins-temporal.o
[3440/3816] CXX obj/v8/v8_base_without_compiler/pgo.o
[3441/3816] CXX obj/v8/v8_base_without_compiler/perfetto-logger.o
[3442/3816] CXX obj/v8/v8_base_without_compiler/maglev-graph.o
[3443/3816] CXX obj/v8/v8_base_without_compiler/maglev-interpreter-frame-state.o
[3444/3816] CXX obj/v8/v8_base_without_compiler/asm-js.o
[3445/3816] CXX obj/v8/v8_base_without_compiler/names-provider.o
[3446/3816] CXX obj/v8/v8_base_without_compiler/value-type.o
[3447/3816] CXX obj/v8/v8_base_without_compiler/asm-parser.o
[3448/3816] CXX obj/v8/v8_base_without_compiler/maglev-known-node-aspects.o
[3449/3816] CXX obj/v8/v8_base_without_compiler/js-temporal-objects.o
[3450/3816] CXX obj/v8/v8_base_without_compiler/wasm-deopt-data.o
[3451/3816] CXX obj/v8/v8_base_without_compiler/function-body-decoder.o
[3452/3816] CXX obj/v8/v8_base_without_compiler/maglev-range-verification.o
[3453/3816] CXX obj/v8/v8_base_without_compiler/maglev-assembler-x64.o
[3454/3816] CXX obj/v8/v8_base_without_compiler/wasm-module-sourcemap.o
[3455/3816] CXX obj/v8/v8_base_without_compiler/streaming-decoder.o
[3456/3816] CXX obj/v8/v8_base_without_compiler/maglev-truncation.o
[3457/3816] CXX obj/v8/v8_base_without_compiler/stacks.o
[3458/3816] CXX obj/v8/v8_base_without_compiler/wasm-opcodes.o
[3459/3816] CXX obj/v8/v8_base_without_compiler/maglev-ir-x64.o
[3460/3816] CXX obj/v8/v8_base_without_compiler/code-space-access.o
[3461/3816] CXX obj/v8/v8_base_without_compiler/runtime-test-wasm.o
[3462/3816] CXX obj/v8/v8_base_without_compiler/constant-expression-interface.o
[3463/3816] CXX obj/v8/v8_base_without_compiler/debug-wasm-objects.o
[3464/3816] CXX obj/v8/v8_base_without_compiler/well-known-imports.o
[3465/3816] CXX obj/v8/v8_base_without_compiler/wasm-subtyping.o
[3466/3816] CXX obj/v8/v8_base_without_compiler/maglev-phi-representation-selector.o
[3467/3816] CXX obj/v8/v8_base_without_compiler/maglev-regalloc.o
[3468/3816] CXX obj/v8/v8_base_without_compiler/cpu-x64.o
[3469/3816] CXX obj/v8/v8_base_without_compiler/canonical-types.o
[3470/3816] CXX obj/v8/v8_base_without_compiler/wasm-module-builder.o
[3471/3816] CXX obj/v8/v8_base_without_compiler/unwinder-x64.o
[3472/3816] CXX obj/v8/v8_base_without_compiler/liftoff-assembler.o
[3473/3816] CXX obj/v8/v8_base_without_compiler/disasm-x64.o
[3474/3816] CXX obj/v8/v8_base_without_compiler/handler-inside-posix.o
[3475/3816] CXX obj/v8/v8_base_without_compiler/handler-outside-posix.o
[3476/3816] CXX obj/v8/v8_base_without_compiler/constant-expression.o
[3477/3816] CXX obj/v8/v8_base_without_compiler/eh-frame-x64.o
[3478/3816] CXX obj/v8/v8_base_without_compiler/maglev-inlining.o
[3479/3816] CXX obj/v8/v8_base_without_compiler/special-case.o
[3480/3816] CXX obj/v8/v8_base_without_compiler/macro-assembler-shared-ia32-x64.o
[3481/3816] CXX obj/v8/v8_base_without_compiler/maglev-graph-optimizer.o
[3482/3816] CXX obj/v8/v8_base_without_compiler/wasm-tracing.o
[3483/3816] CXX obj/v8/v8_base_without_compiler/wasm-wrapper-cache.o
[3484/3816] CXX obj/v8/v8_base_without_compiler/jump-table-assembler.o
[3485/3816] CXX obj/v8/v8_base_without_compiler/runtime-wasm.o
[3486/3816] CXX obj/v8/v8_base_without_compiler/wasm-disassembler.o
[3487/3816] CXX obj/v8/v8_base_without_compiler/sync-streaming-decoder.o
[3488/3816] CXX obj/v8/v8_base_without_compiler/function-compiler.o
[3489/3816] CXX obj/v8/v8_compiler/all-nodes.o
[3490/3816] CXX obj/v8/v8_base_without_compiler/wasm-code-pointer-table.o
[3491/3816] CXX obj/v8/v8_base_without_compiler/module-compiler.o
[3492/3816] CXX obj/v8/v8_base_without_compiler/random-module-generation.o
[3493/3816] CXX obj/v8/v8_compiler/bitcast-elider.o
[3494/3816] CXX obj/v8/v8_base_without_compiler/wasm-export-wrapper-cache.o
[3495/3816] CXX obj/v8/v8_compiler/add-type-assertions-reducer.o
[3496/3816] CXX obj/v8/v8_base_without_compiler/wasm-features.o
[3497/3816] CXX obj/v8/v8_compiler/gap-resolver.o
[3498/3816] CXX obj/v8/v8_base_without_compiler/wasm-external-refs.o
[3499/3816] CXX obj/v8/v8_compiler/frame-elider.o
[3500/3816] CXX obj/v8/v8_compiler/bytecode-liveness-map.o
[3501/3816] CXX obj/v8/v8_compiler/instruction-scheduler.o
[3502/3816] CXX obj/v8/v8_base_without_compiler/wasm-import-wrapper-cache.o
[3503/3816] CXX obj/v8/v8_base_without_compiler/module-decoder.o
[3504/3816] CXX obj/v8/v8_base_without_compiler/wasm-code-manager.o
[3505/3816] CXX obj/v8/v8_base_without_compiler/wasm-stack-wrapper-cache.o
[3506/3816] CXX obj/v8/v8_base_without_compiler/wasm-result.o
[3507/3816] CXX obj/v8/v8_base_without_compiler/wasm-engine.o
[3508/3816] CXX obj/v8/v8_base_without_compiler/wasm-module.o
[3509/3816] CXX obj/v8/v8_base_without_compiler/deoptimizer-x64.o
[3510/3816] CXX obj/v8/v8_base_without_compiler/wasm-serialization.o
[3511/3816] CXX obj/v8/v8_base_without_compiler/wasm-debug.o
[3512/3816] CXX obj/v8/v8_base_without_compiler/frame-constants-x64.o
[3513/3816] CXX obj/v8/v8_compiler/jump-threading.o
[3514/3816] CXX obj/v8/v8_compiler/move-optimizer.o
[3515/3816] CXX obj/v8/v8_compiler/spill-placer.o
[3516/3816] CXX obj/v8/v8_base_without_compiler/module-instantiate.o
[3517/3816] CXX obj/v8/v8_compiler/register-allocator-verifier.o
[3518/3816] CXX obj/v8/v8_compiler/access-builder.o
[3519/3816] CXX obj/v8/v8_compiler/frame.o
[3520/3816] CXX obj/v8/v8_compiler/common-node-cache.o
[3521/3816] CXX obj/v8/v8_base_without_compiler/macro-assembler-x64.o
[3522/3816] CXX obj/v8/v8_compiler/branch-elimination.o
[3523/3816] CXX obj/v8/v8_base_without_compiler/regexp-macro-assembler-x64.o
[3524/3816] CXX obj/v8/v8_compiler/checkpoint-elimination.o
[3525/3816] CXX obj/v8/v8_base_without_compiler/wasm-js.o
[3526/3816] CXX obj/v8/v8_compiler/common-operator-reducer.o
[3527/3816] CXX obj/v8/v8_base_without_compiler/assembler-x64.o
[3528/3816] CXX obj/v8/v8_base_without_compiler/wasm-objects.o
[3529/3816] CXX obj/v8/v8_compiler/compiler-source-position-table.o
[3530/3816] CXX obj/v8/v8_compiler/common-operator.o
[3531/3816] CXX obj/v8/v8_base_without_compiler/liftoff-compiler.o
[3532/3816] CXX obj/v8/v8_compiler/access-info.o
[3533/3816] CXX obj/v8/v8_compiler/dead-code-elimination.o
[3534/3816] CXX obj/v8/v8_base_without_compiler/reference-summarizer.o
[3535/3816] CXX obj/v8/v8_base_without_compiler/maglev-code-generator.o
[3536/3816] CXX obj/v8/v8_compiler/control-equivalence.o
[3537/3816] CXX obj/v8/v8_compiler/code-generator.o
[3538/3816] CXX obj/v8/v8_compiler/feedback-source.o
[3539/3816] CXX obj/v8/v8_compiler/graph-trimmer.o
[3540/3816] CXX obj/v8/v8_compiler/fast-api-calls.o
[3541/3816] CXX obj/v8/v8_compiler/escape-analysis-reducer.o
[3542/3816] CXX obj/v8/v8_compiler/csa-load-elimination.o
[3543/3816] CXX obj/v8/v8_compiler/graph-reducer.o
[3544/3816] CXX obj/v8/v8_compiler/c-linkage.o
[3545/3816] CXX obj/v8/v8_compiler/common-utils.o
[3546/3816] CXX obj/v8/v8_compiler/basic-block-call-graph-profiler.o
[3547/3816] CXX obj/v8/v8_compiler/instruction.o
[3548/3816] CXX obj/v8/v8_base_without_compiler/maglev-ir.o
[3549/3816] CXX obj/v8/v8_compiler/js-type-hint-lowering.o
[3550/3816] CXX obj/v8/v8_compiler/instruction-selector.o
[3551/3816] CXX obj/v8/v8_compiler/loop-peeling.o
[3552/3816] CXX obj/v8/v8_compiler/loop-unrolling.o
[3553/3816] CXX obj/v8/v8_compiler/opcodes.o
[3554/3816] CXX obj/v8/v8_compiler/late-escape-analysis.o
[3555/3816] CXX obj/v8/v8_compiler/loop-analysis.o
[3556/3816] CXX obj/v8/v8_compiler/register-allocator.o
[3557/3816] CXX obj/v8/v8_compiler/machine-graph-verifier.o
[3558/3816] CXX obj/v8/v8_compiler/machine-operator.o
[3559/3816] CXX obj/v8/v8_compiler/operator.o
[3560/3816] CXX obj/v8/v8_compiler/constant-folding-reducer.o
[3561/3816] CXX obj/v8/v8_compiler/loop-variable-optimizer.o
[3562/3816] CXX obj/v8/v8_compiler/machine-graph.o
[3563/3816] CXX obj/v8/v8_compiler/bytecode-graph-builder.o
[3564/3816] CXX obj/v8/v8_compiler/frame-states.o
[3565/3816] CXX obj/v8/v8_compiler/refs-map.o
[3566/3816] CXX obj/v8/v8_compiler/compilation-dependencies.o
[3567/3816] CXX obj/v8/v8_compiler/code-assembler.o
[3568/3816] CXX obj/v8/v8_compiler/node-marker.o
[3569/3816] CXX obj/v8/v8_compiler/escape-analysis.o
[3570/3816] CXX obj/v8/v8_compiler/graph-assembler.o
[3571/3816] CXX obj/v8/v8_compiler/node-matchers.o
[3572/3816] CXX obj/v8/v8_compiler/js-generic-lowering.o
[3573/3816] CXX obj/v8/v8_compiler/js-inlining-heuristic.o
[3574/3816] CXX obj/v8/v8_compiler/node-observer.o
[3575/3816] CXX obj/v8/v8_compiler/node-origin-table.o
[3576/3816] CXX obj/v8/v8_compiler/js-graph.o
[3577/3816] CXX obj/v8/v8_compiler/node.o
[3578/3816] CXX obj/v8/v8_compiler/js-context-specialization.o
[3579/3816] CXX obj/v8/v8_compiler/operator-properties.o
[3580/3816] CXX obj/v8/v8_compiler/js-inlining.o
[3581/3816] CXX obj/v8/v8_compiler/bytecode-analysis.o
[3582/3816] CXX obj/v8/v8_compiler/node-properties.o
[3583/3816] CXX obj/v8/v8_compiler/js-intrinsic-lowering.o
[3584/3816] CXX obj/v8/v8_compiler/operation-typer.o
[3585/3816] CXX obj/v8/v8_compiler/js-operator.o
[3586/3816] CXX obj/v8/v8_base_without_compiler/maglev-compiler.o
[3587/3816] CXX obj/v8/v8_compiler/js-create-lowering.o
[3588/3816] CXX obj/v8/v8_compiler/schedule.o
[3589/3816] CXX obj/v8/v8_compiler/js-typed-lowering.o
[3590/3816] CXX obj/v8/v8_compiler/redundancy-elimination.o
[3591/3816] CXX obj/v8/v8_compiler/js-heap-broker.o
[3592/3816] CXX obj/v8/v8_compiler/load-elimination.o
[3593/3816] CXX obj/v8/v8_compiler/select-lowering.o
[3594/3816] CXX obj/v8/v8_compiler/heap-refs.o
[3595/3816] CXX obj/v8/v8_compiler/js-native-context-specialization.o
[3596/3816] CXX obj/v8/v8_compiler/simplified-lowering-verifier.o
[3597/3816] CXX obj/v8/v8_compiler/scheduler.o
[3598/3816] CXX obj/v8/v8_compiler/js-call-reducer.o
[3599/3816] CXX obj/v8/v8_compiler/map-inference.o
[3600/3816] CXX obj/v8/v8_compiler/pipeline-statistics.o
[3601/3816] CXX obj/v8/v8_compiler/turbofan-graph.o
[3602/3816] CXX obj/v8/v8_compiler/turbofan-enabled.o
[3603/3816] CXX obj/v8/v8_compiler/state-values-utils.o
[3604/3816] CXX obj/v8/v8_compiler/machine-operator-reducer.o
[3605/3816] CXX obj/v8/v8_base_without_compiler/maglev-graph-builder.o
[3606/3816] CXX obj/v8/v8_compiler/memory-optimizer.o
[3607/3816] CXX obj/v8/v8_compiler/simplified-operator.o
[3608/3816] CXX obj/v8/v8_compiler/memory-lowering.o
[3609/3816] CXX obj/v8/v8_compiler/osr.o
[3610/3816] CXX obj/v8/v8_compiler/property-access-builder.o
[3611/3816] CXX obj/v8/v8_compiler/analyzer-iterator.o
[3612/3816] CXX obj/v8/v8_compiler/raw-machine-assembler.o
[3613/3816] CXX obj/v8/v8_compiler/representations.o
[3614/3816] CXX obj/v8/v8_compiler/representation-change.o
[3615/3816] CXX obj/v8/v8_compiler/copying-phase.o
[3616/3816] CXX obj/v8/v8_compiler/simplified-operator-reducer.o
[3617/3816] CXX obj/v8/v8_compiler/decompression-optimization-phase.o
[3618/3816] CXX obj/v8/v8_compiler/graph-visualizer.o
[3619/3816] CXX obj/v8/v8_compiler/graph.o
[3620/3816] CXX obj/v8/v8_compiler/turbofan-types.o
[3621/3816] CXX obj/v8/v8_compiler/loop-finder.o
[3622/3816] CXX obj/v8/v8_compiler/string-builder-optimizer.o
[3623/3816] CXX obj/v8/v8_compiler/decompression-optimization.o
[3624/3816] CXX obj/v8/v8_compiler/turbofan-typer.o
[3625/3816] CXX obj/v8/v8_compiler/utils.o
[3626/3816] CXX obj/v8/v8_compiler/instruction-selection-phase.o
[3627/3816] CXX obj/v8/v8_compiler/type-parser.o
[3628/3816] CXX obj/v8/v8_compiler/simplified-lowering.o
[3629/3816] CXX obj/v8/v8_compiler/late-escape-analysis-reducer.o
[3630/3816] CXX obj/v8/v8_compiler/turbofan-graph-visualizer.o
[3631/3816] CXX obj/v8/v8_compiler/loop-unrolling-reducer.o
[3632/3816] CXX obj/v8/v8_compiler/zone-stats.o
[3633/3816] CXX obj/v8/v8_compiler/simplify-tf-loops.o
[3634/3816] CXX obj/v8/v8_compiler/block-instrumentation-reducer.o
[3635/3816] CXX obj/v8/v8_compiler/assembler.o
[3636/3816] CXX obj/v8/v8_compiler/build-graph-phase.o
[3637/3816] CXX obj/v8/v8_compiler/phase.o
[3638/3816] CXX obj/v8/v8_compiler/csa-effects-computation.o
[3639/3816] CXX obj/v8/v8_compiler/sidetable.o
[3640/3816] CXX obj/v8/v8_compiler/type-cache.o
[3641/3816] CXX obj/v8/v8_compiler/pretenuring-propagation-reducer.o
[3642/3816] CXX obj/v8/v8_compiler/value-numbering-reducer.o
[3643/3816] CXX obj/v8/v8_compiler/string-escape-analysis-reducer.o
[3644/3816] CXX obj/v8/v8_compiler/type-narrowing-reducer.o
[3645/3816] CXX obj/v8/v8_compiler/typer.o
[3646/3816] CXX obj/v8/v8_compiler/instruction-scheduler-x64.o
[3647/3816] CXX obj/v8/v8_compiler/use-map.o
[3648/3816] CXX obj/v8/v8_compiler/unwinding-info-writer-x64.o
[3649/3816] CXX obj/v8/v8_compiler/verifier.o
[3650/3816] CXX obj/v8/v8_compiler/memory-optimization-reducer.o
[3651/3816] CXX obj/v8/v8_compiler/int64-lowering.o
[3652/3816] CXX obj/v8/v8_compiler/late-load-elimination-reducer.o
[3653/3816] CXX obj/v8/v8_compiler/types.o
[3654/3816] CXX obj/v8/v8_compiler/int64-lowering-phase.o
[3655/3816] CXX obj/v8/v8_compiler/operations.o
[3656/3816] CXX obj/v8/v8_compiler/debug-feature-lowering-phase.o
[3657/3816] CXX obj/v8/v8_compiler/wasm-escape-analysis.o
[3658/3816] CXX obj/v8/v8_compiler/wasm-address-reassociation.o
[3659/3816] CXX obj/v8/v8_compiler/wasm-call-descriptors.o
[3660/3816] CXX obj/v8/v8_compiler/wasm-gc-lowering.o
[3661/3816] CXX obj/v8/v8_compiler/wasm-gc-typed-optimization-reducer.o
[3662/3816] CXX obj/v8/v8_compiler/typed-optimization.o
[3663/3816] CXX obj/v8/v8_compiler/wasm-graph-assembler.o
[3664/3816] CXX obj/v8/v8_compiler/wasm-gc-operator-reducer.o
[3665/3816] CXX obj/v8/v8_compiler/csa-early-machine-optimization-phase.o
[3666/3816] CXX obj/v8/v8_compiler/loop-unrolling-phase.o
[3667/3816] CXX obj/v8/v8_compiler/typed-optimizations-phase.o
[3668/3816] CXX obj/v8/v8_compiler/code-generator-x64.o
[3669/3816] CXX obj/v8/v8_compiler/instruction-selector-x64.o
[3670/3816] CXX obj/v8/v8_compiler/wasm-gc-optimize-phase.o
[3671/3816] CXX obj/v8/v8_compiler/wasm-shuffle-reducer.o
[3672/3816] CXX obj/v8/v8_compiler/wasm-simd-phase.o
[3673/3816] CXX obj/v8/v8_compiler/wasm-turboshaft-compiler.o
[3674/3816] CXX obj/v8/v8_compiler/wasm-inlining-into-js.o
[3675/3816] CXX obj/v8/v8_compiler/wasm-load-elimination.o
[3676/3816] CXX obj/v8/v8_compiler/wasm-typer.o
[3677/3816] CXX obj/v8/v8_compiler/linear-scheduler.o
[3678/3816] CXX obj/v8/v8_compiler/csa-branch-elimination-phase.o
[3679/3816] CXX obj/v8/v8_compiler/memory-optimization-phase.o
[3680/3816] CXX obj/v8/v8_compiler/turbolev-frontend-pipeline.o
[3681/3816] CXX obj/v8/v8_compiler/type-assertions-phase.o
[3682/3816] CXX obj/v8/v8_compiler/wasm-dead-code-elimination-phase.o
[3683/3816] CXX obj/v8/v8_compiler/wasm-debug-memory-lowering-phase.o
[3684/3816] CXX obj/v8/v8_compiler/wasm-lowering-phase.o
[3685/3816] CXX obj/v8/v8_compiler/wasm-compiler.o
[3686/3816] CXX obj/v8/v8_compiler/revectorizer.o
[3687/3816] CXX obj/v8/v8_compiler/wasm-revec-reducer.o
[3688/3816] CXX obj/v8/v8_compiler/pipelines.o
[3689/3816] CXX obj/v8/v8_compiler/wrappers.o
[3690/3816] CXX obj/v8/v8_initializers/builtins-bigint-gen.o
[3691/3816] CXX obj/v8/v8_compiler/machine-lowering-phase.o
[3692/3816] CXX obj/v8/v8_compiler/turbolev-graph-builder.o
[3693/3816] CXX obj/v8/v8_compiler/wasm-in-js-inlining-phase.o
[3694/3816] CXX obj/v8/v8_init/setup-isolate-full.o
[3695/3816] CXX obj/v8/v8_initializers/builtins-array-gen.o
[3696/3816] CXX obj/v8/v8_initializers/builtins-async-function-gen.o
[3697/3816] CXX obj/v8/v8_initializers/builtins-async-gen.o
[3698/3816] CXX obj/v8/v8_initializers/builtins-async-generator-gen.o
[3699/3816] CXX obj/v8/v8_initializers/builtins-async-iterator-gen.o
[3700/3816] CXX obj/v8/v8_initializers/builtins-call-gen.o
[3701/3816] CXX obj/v8/v8_initializers/builtins-date-gen.o
[3702/3816] CXX obj/v8/v8_initializers/builtins-global-gen.o
[3703/3816] CXX obj/v8/v8_initializers/builtins-ic-gen.o
[3704/3816] CXX obj/v8/v8_initializers/builtins-interpreter-gen.o
[3705/3816] CXX obj/v8/v8_initializers/builtins-number-gen.o
[3706/3816] CXX obj/v8/v8_compiler/block-instrumentation-phase.o
[3707/3816] CXX obj/v8/v8_compiler/csa-load-elimination-phase.o
[3708/3816] CXX obj/v8/v8_compiler/wasm-optimize-phase.o
[3709/3816] CXX obj/v8/v8_compiler/turboshaft-graph-interface.o
[3710/3816] CXX obj/v8/v8_compiler/wasm-revec-phase.o
[3711/3816] CXX obj/v8/v8_initializers/builtins-collections-gen.o
[3712/3816] CXX obj/v8/v8_initializers/builtins-constructor-gen.o
[3713/3816] CXX obj/v8/v8_initializers/builtins-conversion-gen.o
[3714/3816] CXX obj/v8/v8_initializers/builtins-generator-gen.o
[3715/3816] CXX obj/v8/v8_initializers/builtins-handler-gen.o
[3716/3816] CXX obj/v8/v8_initializers/builtins-internal-gen.o
[3717/3816] CXX obj/v8/v8_initializers/builtins-intl-gen.o
[3718/3816] CXX obj/v8/v8_initializers/builtins-iterator-gen.o
[3719/3816] CXX obj/v8/v8_initializers/builtins-microtask-queue-gen.o
[3720/3816] CXX obj/v8/v8_initializers/builtins-number-tsa.o
[3721/3816] CXX obj/v8/v8_initializers/builtins-object-gen.o
[3722/3816] CXX obj/v8/v8_initializers/builtins-promise-gen.o
[3723/3816] CXX obj/v8/v8_initializers/builtins-proxy-gen.o
[3724/3816] CXX obj/v8/v8_initializers/builtins-regexp-gen.o
[3725/3816] CXX obj/v8/v8_initializers/builtins-shadow-realm-gen.o
[3726/3816] CXX obj/v8/v8_initializers/builtins-sharedarraybuffer-gen.o
[3727/3816] CXX obj/v8/v8_initializers/profile-data-reader.o
[3728/3816] CXX obj/v8/v8_compiler/load-elimination-phase.o
[3729/3816] CXX obj/v8/v8_initializers/builtins-string-gen.o
[3730/3816] CXX obj/v8/v8_initializers/builtins-string-tsa.o
[3731/3816] CXX obj/v8/v8_initializers/builtins-typed-array-gen.o
[3732/3816] CXX obj/v8/v8_initializers/growable-fixed-array-gen.o
[3733/3816] CXX obj/v8/v8_initializers/js-trampoline-assembler.o
[3734/3816] CXX obj/v8/v8_initializers/binary-op-assembler.o
[3735/3816] CXX obj/v8/v8_initializers/unary-op-assembler.o
[3736/3816] CXX obj/v8/v8_taint_tracking_stub/taint_tracking_stub.o
[3737/3816] CXX obj/v8/src/inspector/inspector/crc32.o
[3738/3816] CXX obj/v8/v8_initializers/keyed-store-generic.o
[3739/3816] CXX obj/v8/v8_initializers/interpreter-assembler.o
[3740/3816] CXX obj/v8/v8_initializers/interpreter-intrinsics-generator.o
[3741/3816] CXX obj/v8/v8_initializers/builtins-wasm-gen.o
[3742/3816] CXX obj/v8/src/inspector/inspector/Protocol.o
[3743/3816] CXX obj/v8/src/inspector/inspector/Console.o
[3744/3816] CXX obj/v8/src/inspector/inspector/HeapProfiler.o
[3745/3816] CXX obj/v8/src/inspector/inspector/Profiler.o
[3746/3816] CXX obj/v8/src/inspector/inspector/Schema.o
[3747/3816] CXX obj/v8/src/inspector/inspector/custom-preview.o
[3748/3816] CXX obj/v8/src/inspector/inspector/inspected-context.o
[3749/3816] CXX obj/v8/src/inspector/inspector/remote-object-id.o
[3750/3816] CXX obj/v8/src/inspector/inspector/search-util.o
[3751/3816] CXX obj/v8/src/inspector/inspector/string-16.o
[3752/3816] CXX obj/v8/src/inspector/inspector/string-util.o
[3753/3816] CXX obj/v8/src/inspector/inspector/test-interface.o
[3754/3816] CXX obj/v8/src/inspector/inspector/v8-console-agent-impl.o
[3755/3816] CXX obj/v8/src/inspector/inspector/v8-debugger-barrier.o
[3756/3816] CXX obj/v8/src/inspector/inspector/v8-debugger-id.o
[3757/3816] CXX obj/v8/src/inspector/inspector/v8-debugger-script.o
[3758/3816] CXX obj/v8/v8_compiler/loop-peeling-phase.o
[3759/3816] CXX obj/v8/v8_initializers/setup-heap-internal.o
[3760/3816] CXX obj/v8/v8_initializers/accessor-assembler.o
[3761/3816] CXX obj/v8/v8_initializers/interpreter-generator.o
[3762/3816] CXX obj/v8/v8_initializers/builtins-x64.o
[3763/3816] CXX obj/v8/src/inspector/inspector/Debugger.o
[3764/3816] CXX obj/v8/src/inspector/inspector/Runtime.o
[3765/3816] CXX obj/v8/src/inspector/inspector/injected-script.o
[3766/3816] CXX obj/v8/src/inspector/inspector/v8-console-message.o
[3767/3816] CXX obj/v8/src/inspector/inspector/v8-console.o
[3768/3816] CXX obj/v8/src/inspector/inspector/v8-debugger-agent-impl.o
[3769/3816] CXX obj/v8/src/inspector/inspector/v8-debugger.o
[3770/3816] CXX obj/v8/src/inspector/inspector/v8-deep-serializer.o
[3771/3816] CXX obj/v8/src/inspector/inspector/v8-heap-profiler-agent-impl.o
[3772/3816] CXX obj/v8/src/inspector/inspector/v8-inspector-impl.o
[3773/3816] CXX obj/v8/src/inspector/inspector/v8-inspector-session-impl.o
[3774/3816] CXX obj/v8/src/inspector/inspector/v8-profiler-agent-impl.o
[3775/3816] CXX obj/v8/src/inspector/inspector/v8-regex.o
[3776/3816] CXX obj/v8/src/inspector/inspector/v8-runtime-agent-impl.o
[3777/3816] CXX obj/v8/src/inspector/inspector/v8-schema-agent-impl.o
[3778/3816] CXX obj/v8/src/inspector/inspector/v8-serialization-duplicate-tracker.o
[3779/3816] CXX obj/v8/src/inspector/inspector/v8-stack-trace-impl.o
[3780/3816] CXX obj/v8/src/inspector/inspector/v8-value-utils.o
[3781/3816] CXX obj/v8/v8_initializers/setup-builtins-internal.o
[3782/3816] CXX obj/v8/v8_initializers/code-stub-assembler.o
[3783/3816] CXX obj/v8/v8_initializers/builtin-compiler.o
[3784/3816] CXX obj/v8/v8_initializers/interpreter-generator-tsa.o
[3785/3816] CXX obj/v8/src/inspector/inspector/value-mirror.o
[3786/3816] CXX obj/v8/third_party/inspector_protocol/crdtp/cbor.o
[3787/3816] CXX obj/v8/third_party/inspector_protocol/crdtp/dispatch.o
[3788/3816] CXX obj/v8/third_party/inspector_protocol/crdtp/error_support.o
[3789/3816] CXX obj/v8/third_party/inspector_protocol/crdtp/json.o
[3790/3816] CXX obj/v8/third_party/inspector_protocol/crdtp/protocol_core.o
[3791/3816] CXX obj/v8/third_party/inspector_protocol/crdtp/serializable.o
[3792/3816] CXX obj/v8/third_party/inspector_protocol/crdtp/span.o
[3793/3816] CXX obj/v8/third_party/inspector_protocol/crdtp/status.o
[3794/3816] CXX obj/v8/third_party/inspector_protocol/crdtp_platform/json_platform_v8.o
[3795/3816] CXX obj/v8/v8/v8dll-main.o
[3796/3816] CXX obj/v8/d8/hardware-watchpoints.o
[3797/3816] CXX obj/v8/v8_compiler/graph-builder.o
[3798/3816] CXX obj/v8/d8/d8-console.o
[3799/3816] CXX obj/v8/d8/d8-js.o
[3800/3816] CXX obj/v8/d8/d8-platforms.o
[3801/3816] CXX obj/v8/d8/d8-posix.o
[3802/3816] CXX obj/v8/d8/async-hooks-wrapper.o
[3803/3816] CXX obj/v8/d8/d8-test.o
[3804/3816] CXX obj/v8/v8_compiler/csa-memory-optimization-phase.o
[3805/3816] CXX obj/v8/d8/d8.o
[3806/3816] CXX obj/v8/v8_compiler/csa-late-escape-analysis-phase.o
[3807/3816] CXX obj/v8/v8_compiler/pipeline.o
[3808/3816] CXX obj/v8/v8_compiler/code-elimination-and-simplification-phase.o
[3809/3816] LINK ./mksnapshot
[3810/3816] ACTION //v8:run_mksnapshot_default(//build/toolchain/linux:clang_x64)
[3811/3816] CXX obj/v8/v8_snapshot/builtins-effects.o
[3812/3816] ASM obj/v8/v8_snapshot/embedded.o
[3813/3816] CXX obj/v8/v8_snapshot/setup-isolate-deserialize.o
[3814/3816] CXX obj/v8/v8_snapshot/snapshot-external.o
[3815/3816] SOLINK ./libv8.so
[3816/3816] LINK ./d8
