[1/51034] ACTION //third_party/devtools-frontend/src/front_end/core/common:ColorUtils(//build/toolchain/linux:clang_x64)
[2/51034] ACTION //third_party/devtools-frontend/src/front_end/core/platform/api:api(//build/toolchain/linux:clang_x64)
[3/51034] ACTION //third_party/devtools-frontend/src/front_end/third_party/intl-messageformat:intl-messageformat(//build/toolchain/linux:clang_x64)
[4/51034] ACTION //third_party/devtools-frontend/src/front_end/core/platform/api:devtools_entrypoint-bundle-copy(//build/toolchain/linux:clang_x64)
[5/51034] ACTION //third_party/devtools-frontend/src/front_end/third_party/codemirror.next:codemirror.next-compilation(//build/toolchain/linux:clang_x64)
[6/51034] ACTION //third_party/devtools-frontend/src/front_end/core/platform/api:devtools_entrypoint-bundle-tsconfig(//build/toolchain/linux:clang_x64)
[7/51034] ACTION //third_party/devtools-frontend/src/front_end/core/i18n:generate_locales_js(//build/toolchain/linux:clang_x64)
[8/51034] ACTION //third_party/devtools-frontend/src/front_end/third_party/acorn:acorn(//build/toolchain/linux:clang_x64)
[9/51034] ACTION //third_party/devtools-frontend/src/front_end/third_party/intl-messageformat:devtools_entrypoint-bundle-copy(//build/toolchain/linux:clang_x64)
[10/51034] ACTION //third_party/devtools-frontend/src/front_end/third_party/acorn:estree(//build/toolchain/linux:clang_x64)
[11/51034] ACTION //third_party/devtools-frontend/src/front_end/core/i18n:locales_js(//build/toolchain/linux:clang_x64)
[12/51034] ACTION //third_party/devtools-frontend/src/front_end/third_party/intl-messageformat:devtools_entrypoint-bundle-tsconfig(//build/toolchain/linux:clang_x64)
[13/51034] ACTION //third_party/devtools-frontend/src/front_end/core/platform/api:devtools_entrypoint-bundle-bundle(//build/toolchain/linux:clang_x64)
[14/51034] ACTION //third_party/devtools-frontend/src/front_end/entrypoints/formatter_worker:devtools_entrypoint-formatter_actions-copy(//build/toolchain/linux:clang_x64)
[15/51034] ACTION //third_party/devtools-frontend/src/front_end/third_party/codemirror.next:codemirror.next-sources(//build/toolchain/linux:clang_x64)
[16/51034] ACTION //third_party/devtools-frontend/src/front_end/core/platform/api:bundle(//build/toolchain/linux:clang_x64)
[17/51034] ACTION //third_party/devtools-frontend/src/front_end/third_party/codemirror:codemirror(//build/toolchain/linux:clang_x64)
[18/51034] ACTION //third_party/devtools-frontend/src/front_end/third_party/intl-messageformat:devtools_entrypoint-bundle-bundle(//build/toolchain/linux:clang_x64)
[19/51034] ACTION //third_party/devtools-frontend/src/front_end/third_party/acorn:devtools_entrypoint-bundle-copy(//build/toolchain/linux:clang_x64)
[20/51034] ACTION //third_party/devtools-frontend/src/front_end/third_party/codemirror:codemirror-legacy-types(//build/toolchain/linux:clang_x64)
[21/51034] ACTION //third_party/devtools-frontend/src/front_end/core/platform/browser:browser(//build/toolchain/linux:clang_x64)
[22/51034] ACTION //third_party/devtools-frontend/src/front_end/core/platform/node:node(//build/toolchain/linux:clang_x64)
[23/51034] ACTION //third_party/devtools-frontend/src/front_end/entrypoints/formatter_worker:devtools_entrypoint-formatter_actions-tsconfig(//build/toolchain/linux:clang_x64)
[24/51034] ACTION //third_party/devtools-frontend/src/front_end/third_party/intl-messageformat:bundle(//build/toolchain/linux:clang_x64)
[25/51034] ACTION //third_party/devtools-frontend/src/front_end/core/platform/browser:devtools_entrypoint-bundle-copy(//build/toolchain/linux:clang_x64)
[26/51034] ACTION //third_party/devtools-frontend/src/front_end/third_party/acorn:devtools_entrypoint-bundle-tsconfig(//build/toolchain/linux:clang_x64)
[27/51034] ACTION //third_party/devtools-frontend/src/front_end/core/platform/node:devtools_entrypoint-bundle-copy(//build/toolchain/linux:clang_x64)
[28/51034] ACTION //third_party/devtools-frontend/src/front_end/core/platform/browser:devtools_entrypoint-bundle-tsconfig(//build/toolchain/linux:clang_x64)
[29/51034] ACTION //third_party/devtools-frontend/src/front_end/generated:generated(//build/toolchain/linux:clang_x64)
[30/51034] ACTION //third_party/devtools-frontend/src/front_end/generated:protocol(//build/toolchain/linux:clang_x64)
[31/51034] ACTION //third_party/devtools-frontend/src/front_end/third_party/i18n:i18n(//build/toolchain/linux:clang_x64)
[32/51034] ACTION //third_party/devtools-frontend/src/front_end/core/platform/node:devtools_entrypoint-bundle-tsconfig(//build/toolchain/linux:clang_x64)
[33/51034] ACTION //third_party/devtools-frontend/src/front_end/third_party/i18n:devtools_entrypoint-bundle-copy(//build/toolchain/linux:clang_x64)
[34/51034] ACTION //third_party/devtools-frontend/src/front_end/third_party/source-map-scopes-codec:source-map-scopes-codec(//build/toolchain/linux:clang_x64)
[35/51034] ACTION //third_party/devtools-frontend/src/front_end/entrypoints/formatter_worker:devtools_entrypoint-formatter_actions-bundle(//build/toolchain/linux:clang_x64)
[36/51034] ACTION //third_party/devtools-frontend/src/front_end/core/platform/browser:devtools_entrypoint-bundle-bundle(//build/toolchain/linux:clang_x64)
[37/51034] ACTION //third_party/devtools-frontend/src/front_end/third_party/i18n:devtools_entrypoint-bundle-tsconfig(//build/toolchain/linux:clang_x64)
[38/51034] ACTION //third_party/devtools-frontend/src/front_end/models/trace/lantern/types:types(//build/toolchain/linux:clang_x64)
[39/51034] ACTION //third_party/devtools-frontend/src/front_end/core/platform/node:devtools_entrypoint-bundle-bundle(//build/toolchain/linux:clang_x64)
[40/51034] ACTION //third_party/devtools-frontend/src/front_end/third_party/acorn:devtools_entrypoint-bundle-bundle(//build/toolchain/linux:clang_x64)
[41/51034] ACTION //third_party/devtools-frontend/src/front_end/core/platform/browser:bundle(//build/toolchain/linux:clang_x64)
[42/51034] ACTION //third_party/devtools-frontend/src/front_end/entrypoints/formatter_worker:formatter_actions(//build/toolchain/linux:clang_x64)
[43/51034] ACTION //third_party/devtools-frontend/src/front_end/core/platform/node:bundle(//build/toolchain/linux:clang_x64)
[44/51034] ACTION //third_party/devtools-frontend/src/front_end/third_party/third-party-web:third-party-web(//build/toolchain/linux:clang_x64)
[45/51034] ACTION //third_party/devtools-frontend/src/front_end/third_party/acorn:bundle(//build/toolchain/linux:clang_x64)
[46/51034] ACTION //third_party/devtools-frontend/src/front_end/third_party/i18n:devtools_entrypoint-bundle-bundle(//build/toolchain/linux:clang_x64)
[47/51034] ACTION //third_party/devtools-frontend/src/front_end/models/trace/lantern/types:devtools_entrypoint-bundle-copy(//build/toolchain/linux:clang_x64)
[48/51034] ACTION //third_party/devtools-frontend/src/front_end/third_party/source-map-scopes-codec:devtools_entrypoint-bundle-copy(//build/toolchain/linux:clang_x64)
[49/51034] ACTION //third_party/devtools-frontend/src/front_end/core/platform:platform(//build/toolchain/linux:clang_x64)
[50/51034] ACTION //third_party/devtools-frontend/src/front_end/third_party/i18n:bundle(//build/toolchain/linux:clang_x64)
[51/51034] ACTION //third_party/devtools-frontend/src/front_end/third_party/third-party-web:devtools_entrypoint-bundle-copy(//build/toolchain/linux:clang_x64)
[52/51034] ACTION //third_party/devtools-frontend/src/front_end/models/trace/lantern/types:devtools_entrypoint-bundle-tsconfig(//build/toolchain/linux:clang_x64)
[53/51034] ACTION //third_party/devtools-frontend/src/front_end/third_party/lit:lit(//build/toolchain/linux:clang_x64)
[54/51034] ACTION //third_party/devtools-frontend/src/front_end/core/platform:devtools_entrypoint-bundle-copy(//build/toolchain/linux:clang_x64)
[55/51034] ACTION //third_party/devtools-frontend/src/front_end/third_party/source-map-scopes-codec:devtools_entrypoint-bundle-tsconfig(//build/toolchain/linux:clang_x64)
[56/51034] ACTION //third_party/devtools-frontend/src/extension-api:extension-api(//build/toolchain/linux:clang_x64)
[57/51034] ACTION //third_party/devtools-frontend/src/front_end/third_party/third-party-web:devtools_entrypoint-bundle-tsconfig(//build/toolchain/linux:clang_x64)
[58/51034] ACTION //third_party/devtools-frontend/src/front_end/core/platform:devtools_entrypoint-bundle-tsconfig(//build/toolchain/linux:clang_x64)
[59/51034] ACTION //third_party/devtools-frontend/src/front_end/models/trace/lantern/types:devtools_entrypoint-bundle-bundle(//build/toolchain/linux:clang_x64)
[60/51034] ACTION //third_party/devtools-frontend/src/front_end/third_party/legacy-javascript:legacy-javascript(//build/toolchain/linux:clang_x64)
[61/51034] ACTION //third_party/devtools-frontend/src/front_end/third_party/lit:devtools_entrypoint-bundle-copy(//build/toolchain/linux:clang_x64)
[62/51034] ACTION //third_party/devtools-frontend/src/front_end/third_party/source-map-scopes-codec:devtools_entrypoint-bundle-bundle(//build/toolchain/linux:clang_x64)
[63/51034] ACTION //third_party/devtools-frontend/src/front_end/models/trace/lantern/types:bundle(//build/toolchain/linux:clang_x64)
[64/51034] ACTION //third_party/devtools-frontend/src/front_end/core/platform:devtools_entrypoint-bundle-bundle(//build/toolchain/linux:clang_x64)
[65/51034] ACTION //third_party/devtools-frontend/src/front_end/third_party/third-party-web:devtools_entrypoint-bundle-bundle(//build/toolchain/linux:clang_x64)
[66/51034] ACTION //third_party/devtools-frontend/src/front_end/third_party/source-map-scopes-codec:bundle(//build/toolchain/linux:clang_x64)
[67/51034] ACTION //third_party/devtools-frontend/src/front_end/models/trace/lantern/core:core(//build/toolchain/linux:clang_x64)
[68/51034] ACTION //third_party/devtools-frontend/src/front_end/core/platform:bundle(//build/toolchain/linux:clang_x64)
[69/51034] ACTION //third_party/devtools-frontend/src/front_end/third_party/lit:devtools_entrypoint-bundle-tsconfig(//build/toolchain/linux:clang_x64)
[70/51034] ACTION //third_party/devtools-frontend/src/front_end/third_party/third-party-web:bundle(//build/toolchain/linux:clang_x64)
[71/51034] ACTION //third_party/devtools-frontend/src/front_end/Images:Images(//build/toolchain/linux:clang_x64)
[72/51034] ACTION //third_party/devtools-frontend/src/front_end/models/trace/lantern/core:devtools_entrypoint-bundle-copy(//build/toolchain/linux:clang_x64)
[73/51034] ACTION //third_party/devtools-frontend/src/front_end/core/root:root(//build/toolchain/linux:clang_x64)
[74/51034] ACTION //third_party/devtools-frontend/src/front_end/ui/components/render_coordinator:devtools_entrypoint-bundle-copy(//build/toolchain/linux:clang_x64)
[75/51034] ACTION //third_party/devtools-frontend/src/front_end/third_party/legacy-javascript:devtools_entrypoint-bundle-copy(//build/toolchain/linux:clang_x64)
[76/51034] ACTION //third_party/devtools-frontend/src/front_end/models/trace/lantern/core:devtools_entrypoint-bundle-tsconfig(//build/toolchain/linux:clang_x64)
[77/51034] ACTION //third_party/devtools-frontend/src/front_end/core/root:devtools_entrypoint-bundle-copy(//build/toolchain/linux:clang_x64)
[78/51034] ACTION //third_party/devtools-frontend/src/front_end/Images:generate_css_vars(//build/toolchain/linux:clang_x64)
[79/51034] ACTION //third_party/devtools-frontend/src/front_end/third_party/lit:devtools_entrypoint-bundle-bundle(//build/toolchain/linux:clang_x64)
[80/51034] ACTION //third_party/devtools-frontend/src/front_end/ui/components/render_coordinator:devtools_entrypoint-bundle-tsconfig(//build/toolchain/linux:clang_x64)
[81/51034] ACTION //third_party/devtools-frontend/src/front_end/core/root:devtools_entrypoint-bundle-tsconfig(//build/toolchain/linux:clang_x64)
[82/51034] ACTION //third_party/devtools-frontend/src/front_end/third_party/legacy-javascript:devtools_entrypoint-bundle-tsconfig(//build/toolchain/linux:clang_x64)
[83/51034] ACTION //third_party/devtools-frontend/src/front_end/third_party/lit:bundle(//build/toolchain/linux:clang_x64)
[84/51034] ACTION //third_party/devtools-frontend/src/front_end/models/trace/lantern/core:devtools_entrypoint-bundle-bundle(//build/toolchain/linux:clang_x64)
[85/51034] ACTION //third_party/devtools-frontend/src/front_end/ui/components/render_coordinator:devtools_entrypoint-bundle-bundle(//build/toolchain/linux:clang_x64)
[86/51034] ACTION //third_party/devtools-frontend/src/front_end/core/root:devtools_entrypoint-bundle-bundle(//build/toolchain/linux:clang_x64)
[87/51034] ACTION //third_party/devtools-frontend/src/front_end/third_party/legacy-javascript:devtools_entrypoint-bundle-bundle(//build/toolchain/linux:clang_x64)
[88/51034] ACTION //third_party/devtools-frontend/src/front_end/models/trace/lantern/core:bundle(//build/toolchain/linux:clang_x64)
[89/51034] ACTION //third_party/devtools-frontend/src/front_end/core/root:bundle(//build/toolchain/linux:clang_x64)
[90/51034] ACTION //third_party/devtools-frontend/src/front_end/ui/components/render_coordinator:bundle(//build/toolchain/linux:clang_x64)
[91/51034] ACTION //third_party/devtools-frontend/src/front_end/models/trace/lantern/graph:graph(//build/toolchain/linux:clang_x64)
[92/51034] ACTION //third_party/devtools-frontend/src/front_end/core/i18n:i18n(//build/toolchain/linux:clang_x64)
[93/51034] ACTION //third_party/devtools-frontend/src/front_end/models/trace/lantern/graph:devtools_entrypoint-bundle-copy(//build/toolchain/linux:clang_x64)
[94/51034] ACTION //third_party/devtools-frontend/src/front_end/core/i18n:devtools_entrypoint-bundle-copy(//build/toolchain/linux:clang_x64)
[95/51034] ACTION //third_party/devtools-frontend/src/front_end/third_party/legacy-javascript:bundle(//build/toolchain/linux:clang_x64)
[96/51034] ACTION //third_party/devtools-frontend/src/front_end/core/i18n:devtools_entrypoint-bundle-tsconfig(//build/toolchain/linux:clang_x64)
[97/51034] ACTION //third_party/devtools-frontend/src/front_end/models/trace/lantern/graph:devtools_entrypoint-bundle-tsconfig(//build/toolchain/linux:clang_x64)
[98/51034] ACTION //third_party/devtools-frontend/src/front_end/core/i18n:devtools_entrypoint-bundle-bundle(//build/toolchain/linux:clang_x64)
[99/51034] ACTION //third_party/devtools-frontend/src/front_end/core/dom_extension:dom_extension(//build/toolchain/linux:clang_x64)
[100/51034] ACTION //third_party/devtools-frontend/src/front_end/core/i18n:bundle(//build/toolchain/linux:clang_x64)
[101/51034] ACTION //third_party/devtools-frontend/src/front_end/models/trace/lantern/graph:devtools_entrypoint-bundle-bundle(//build/toolchain/linux:clang_x64)
[102/51034] ACTION //third_party/devtools-frontend/src/front_end/core/common:common(//build/toolchain/linux:clang_x64)
[103/51034] ACTION //third_party/devtools-frontend/src/front_end/ui/lit:lit(//build/toolchain/linux:clang_x64)
[104/51034] ACTION //third_party/devtools-frontend/src/front_end/core/common:devtools_entrypoint-bundle-copy(//build/toolchain/linux:clang_x64)
[105/51034] ACTION //third_party/devtools-frontend/src/front_end/models/trace/lantern/graph:bundle(//build/toolchain/linux:clang_x64)
[106/51034] ACTION //third_party/devtools-frontend/src/front_end/core/common:devtools_entrypoint-bundle-tsconfig(//build/toolchain/linux:clang_x64)
[107/51034] ACTION //third_party/devtools-frontend/src/front_end/ui/kit:css_files(//build/toolchain/linux:clang_x64)
[108/51034] ACTION //third_party/devtools-frontend/src/front_end/ui/components/buttons:css_files(//build/toolchain/linux:clang_x64)
[109/51034] ACTION //third_party/devtools-frontend/src/front_end/ui/legacy:css_files(//build/toolchain/linux:clang_x64)
[110/51034] ACTION //third_party/devtools-frontend/src/front_end/models/trace/lantern/simulation:simulation(//build/toolchain/linux:clang_x64)
[111/51034] ACTION //third_party/devtools-frontend/src/front_end/core/common:devtools_entrypoint-bundle-bundle(//build/toolchain/linux:clang_x64)
[112/51034] ACTION //third_party/devtools-frontend/src/front_end/ui/lit:devtools_entrypoint-bundle-copy(//build/toolchain/linux:clang_x64)
[113/51034] ACTION //third_party/devtools-frontend/src/front_end/models/trace/lantern/simulation:devtools_entrypoint-bundle-copy(//build/toolchain/linux:clang_x64)
[114/51034] ACTION //third_party/devtools-frontend/src/front_end/core/common:bundle(//build/toolchain/linux:clang_x64)
[115/51034] ACTION //third_party/devtools-frontend/src/front_end/models/trace/lantern/simulation:devtools_entrypoint-bundle-tsconfig(//build/toolchain/linux:clang_x64)
[116/51034] ACTION //third_party/devtools-frontend/src/front_end/core/dom_extension:devtools_entrypoint-bundle-copy(//build/toolchain/linux:clang_x64)
[117/51034] ACTION //third_party/devtools-frontend/src/front_end/models/text_utils:text_utils(//build/toolchain/linux:clang_x64)
[118/51034] ACTION //third_party/devtools-frontend/src/front_end/ui/components/snackbars:css_files(//build/toolchain/linux:clang_x64)
[119/51034] ACTION //third_party/devtools-frontend/src/front_end/models/cpu_profile:cpu_profile(//build/toolchain/linux:clang_x64)
[120/51034] ACTION //third_party/devtools-frontend/src/front_end/Images:optimize_images(//build/toolchain/linux:clang_x64)
[121/51034] ACTION //third_party/devtools-frontend/src/front_end/models/text_utils:devtools_entrypoint-bundle-copy(//build/toolchain/linux:clang_x64)
[122/51034] ACTION //third_party/devtools-frontend/src/front_end/core/host:host(//build/toolchain/linux:clang_x64)
[123/51034] ACTION //third_party/devtools-frontend/src/front_end/ui/lit:devtools_entrypoint-bundle-tsconfig(//build/toolchain/linux:clang_x64)
[124/51034] ACTION //third_party/devtools-frontend/src/front_end/models/cpu_profile:devtools_entrypoint-bundle-copy(//build/toolchain/linux:clang_x64)
[125/51034] ACTION //third_party/devtools-frontend/src/front_end/models/text_utils:devtools_entrypoint-bundle-tsconfig(//build/toolchain/linux:clang_x64)
[126/51034] ACTION //third_party/devtools-frontend/src/front_end/models/greendev:greendev(//build/toolchain/linux:clang_x64)
[127/51034] ACTION //third_party/devtools-frontend/src/front_end/models/trace/lantern/simulation:devtools_entrypoint-bundle-bundle(//build/toolchain/linux:clang_x64)
[128/51034] ACTION //third_party/devtools-frontend/src/front_end/core/host:devtools_entrypoint-bundle-copy(//build/toolchain/linux:clang_x64)
[129/51034] ACTION //third_party/devtools-frontend/src/front_end/models/cpu_profile:devtools_entrypoint-bundle-tsconfig(//build/toolchain/linux:clang_x64)
[130/51034] ACTION //third_party/devtools-frontend/src/front_end/ui/lit:devtools_entrypoint-bundle-bundle(//build/toolchain/linux:clang_x64)
[131/51034] ACTION //third_party/devtools-frontend/src/front_end/third_party/diff:diff(//build/toolchain/linux:clang_x64)
[132/51034] ACTION //third_party/devtools-frontend/src/front_end/models/text_utils:devtools_entrypoint-bundle-bundle(//build/toolchain/linux:clang_x64)
[133/51034] ACTION //third_party/devtools-frontend/src/front_end/core/host:devtools_entrypoint-bundle-tsconfig(//build/toolchain/linux:clang_x64)
[134/51034] ACTION //third_party/devtools-frontend/src/front_end/models/trace/lantern/simulation:bundle(//build/toolchain/linux:clang_x64)
[135/51034] ACTION //third_party/devtools-frontend/src/front_end/models/text_utils:bundle(//build/toolchain/linux:clang_x64)
[136/51034] ACTION //third_party/devtools-frontend/src/front_end/ui/lit:bundle(//build/toolchain/linux:clang_x64)
[137/51034] ACTION //third_party/devtools-frontend/src/front_end/models/greendev:devtools_entrypoint-bundle-copy(//build/toolchain/linux:clang_x64)
[138/51034] ACTION //third_party/devtools-frontend/src/front_end/models/cpu_profile:devtools_entrypoint-bundle-bundle(//build/toolchain/linux:clang_x64)
[139/51034] ACTION //third_party/devtools-frontend/src/front_end/entrypoints/formatter_worker:formatter_worker(//build/toolchain/linux:clang_x64)
[140/51034] ACTION //third_party/devtools-frontend/src/front_end/models/formatter:formatter(//build/toolchain/linux:clang_x64)
[141/51034] ACTION //third_party/devtools-frontend/src/front_end/models/trace/lantern/metrics:metrics(//build/toolchain/linux:clang_x64)
[142/51034] ACTION //third_party/devtools-frontend/src/front_end/core/host:devtools_entrypoint-bundle-bundle(//build/toolchain/linux:clang_x64)
[143/51034] ACTION //third_party/devtools-frontend/src/front_end/models/cpu_profile:bundle(//build/toolchain/linux:clang_x64)
[144/51034] ACTION //third_party/devtools-frontend/src/front_end/entrypoints/formatter_worker:devtools_entrypoint-bundle-copy(//build/toolchain/linux:clang_x64)
[145/51034] ACTION //third_party/devtools-frontend/src/front_end/ui/components/highlighting:highlighting(//build/toolchain/linux:clang_x64)
[146/51034] ACTION //third_party/devtools-frontend/src/front_end/models/trace/lantern/metrics:devtools_entrypoint-bundle-copy(//build/toolchain/linux:clang_x64)
[147/51034] ACTION //third_party/devtools-frontend/src/front_end/models/greendev:devtools_entrypoint-bundle-tsconfig(//build/toolchain/linux:clang_x64)
[148/51034] ACTION //third_party/devtools-frontend/src/front_end/core/host:bundle(//build/toolchain/linux:clang_x64)
[149/51034] ACTION //third_party/devtools-frontend/src/front_end/entrypoints/formatter_worker:devtools_entrypoint-bundle-tsconfig(//build/toolchain/linux:clang_x64)
[150/51034] ACTION //third_party/devtools-frontend/src/front_end/core/dom_extension:devtools_entrypoint-bundle-tsconfig(//build/toolchain/linux:clang_x64)
[151/51034] ACTION //third_party/devtools-frontend/src/front_end/models/trace/lantern/metrics:devtools_entrypoint-bundle-tsconfig(//build/toolchain/linux:clang_x64)
[152/51034] ACTION //third_party/devtools-frontend/src/front_end/ui/components/highlighting:devtools_entrypoint-bundle-copy(//build/toolchain/linux:clang_x64)
[153/51034] ACTION //third_party/devtools-frontend/src/front_end/core/protocol_client:protocol_client(//build/toolchain/linux:clang_x64)
[154/51034] ACTION //third_party/devtools-frontend/src/front_end/ui/visual_logging:visual_logging(//build/toolchain/linux:clang_x64)
[155/51034] ACTION //third_party/devtools-frontend/src/front_end/ui/legacy/theme_support:theme_support(//build/toolchain/linux:clang_x64)
[156/51034] ACTION //third_party/devtools-frontend/src/front_end/entrypoints/formatter_worker:devtools_entrypoint-bundle-bundle(//build/toolchain/linux:clang_x64)
[157/51034] ACTION //third_party/devtools-frontend/src/front_end/models/trace/lantern/metrics:devtools_entrypoint-bundle-bundle(//build/toolchain/linux:clang_x64)
[158/51034] ACTION //third_party/devtools-frontend/src/front_end/core/protocol_client:devtools_entrypoint-bundle-copy(//build/toolchain/linux:clang_x64)
[159/51034] ACTION //third_party/devtools-frontend/src/front_end/ui/visual_logging:devtools_entrypoint-bundle-copy(//build/toolchain/linux:clang_x64)
[160/51034] ACTION //third_party/devtools-frontend/src/front_end/entrypoints/formatter_worker:bundle(//build/toolchain/linux:clang_x64)
[161/51034] ACTION //third_party/devtools-frontend/src/front_end/ui/legacy/theme_support:devtools_entrypoint-bundle-copy(//build/toolchain/linux:clang_x64)
[162/51034] ACTION //third_party/devtools-frontend/src/front_end/models/greendev:devtools_entrypoint-bundle-bundle(//build/toolchain/linux:clang_x64)
[163/51034] ACTION //third_party/devtools-frontend/src/front_end/core/protocol_client:devtools_entrypoint-bundle-tsconfig(//build/toolchain/linux:clang_x64)
[164/51034] ACTION //third_party/devtools-frontend/src/front_end/models/trace/lantern/metrics:bundle(//build/toolchain/linux:clang_x64)
[165/51034] ACTION //third_party/devtools-frontend/src/front_end/ui/visual_logging:devtools_entrypoint-bundle-tsconfig(//build/toolchain/linux:clang_x64)
[166/51034] ACTION //third_party/devtools-frontend/src/front_end/entrypoints/formatter_worker:devtools_entrypoint-worker_entrypoint-copy(//build/toolchain/linux:clang_x64)
[167/51034] ACTION //third_party/devtools-frontend/src/front_end/models/ai_code_completion:ai_code_completion(//build/toolchain/linux:clang_x64)
[168/51034] ACTION //third_party/devtools-frontend/src/front_end/ui/legacy/theme_support:devtools_entrypoint-bundle-tsconfig(//build/toolchain/linux:clang_x64)
[169/51034] ACTION //third_party/devtools-frontend/src/front_end/models/trace/lantern:lantern(//build/toolchain/linux:clang_x64)
[170/51034] ACTION //third_party/devtools-frontend/src/front_end/entrypoints/formatter_worker:devtools_entrypoint-worker_entrypoint-tsconfig(//build/toolchain/linux:clang_x64)
[171/51034] ACTION //third_party/devtools-frontend/src/front_end/models/greendev:bundle(//build/toolchain/linux:clang_x64)
[172/51034] ACTION //third_party/devtools-frontend/src/front_end/models/trace/lantern:devtools_entrypoint-bundle-copy(//build/toolchain/linux:clang_x64)
[173/51034] ACTION //third_party/devtools-frontend/src/front_end/ui/visual_logging:devtools_entrypoint-bundle-bundle(//build/toolchain/linux:clang_x64)
[174/51034] ACTION //third_party/devtools-frontend/src/front_end/core/protocol_client:devtools_entrypoint-bundle-bundle(//build/toolchain/linux:clang_x64)
[175/51034] ACTION //third_party/devtools-frontend/src/front_end/entrypoints/formatter_worker:devtools_entrypoint-worker_entrypoint-bundle(//build/toolchain/linux:clang_x64)
[176/51034] ACTION //third_party/devtools-frontend/src/front_end/models/trace/lantern:devtools_entrypoint-bundle-tsconfig(//build/toolchain/linux:clang_x64)
[177/51034] ACTION //third_party/devtools-frontend/src/front_end/ui/legacy/theme_support:devtools_entrypoint-bundle-bundle(//build/toolchain/linux:clang_x64)
[178/51034] ACTION //third_party/devtools-frontend/src/front_end/ui/components/highlighting:devtools_entrypoint-bundle-tsconfig(//build/toolchain/linux:clang_x64)
[179/51034] ACTION //third_party/devtools-frontend/src/front_end/entrypoints/formatter_worker:worker_entrypoint(//build/toolchain/linux:clang_x64)
[180/51034] ACTION //third_party/devtools-frontend/src/front_end/core/protocol_client:bundle(//build/toolchain/linux:clang_x64)
[181/51034] ACTION //third_party/devtools-frontend/src/front_end/ui/visual_logging:bundle(//build/toolchain/linux:clang_x64)
[182/51034] ACTION //third_party/devtools-frontend/src/front_end/models/formatter:devtools_entrypoint-bundle-copy(//build/toolchain/linux:clang_x64)
[183/51034] ACTION //third_party/devtools-frontend/src/front_end/models/trace/lantern:devtools_entrypoint-bundle-bundle(//build/toolchain/linux:clang_x64)
[184/51034] ACTION //third_party/devtools-frontend/src/front_end/ui/legacy/theme_support:bundle(//build/toolchain/linux:clang_x64)
[185/51034] ACTION //third_party/devtools-frontend/src/front_end/core/dom_extension:devtools_entrypoint-bundle-bundle(//build/toolchain/linux:clang_x64)
[186/51034] ACTION //third_party/devtools-frontend/src/front_end/models/formatter:devtools_entrypoint-bundle-tsconfig(//build/toolchain/linux:clang_x64)
[187/51034] ACTION //third_party/devtools-frontend/src/front_end/third_party/diff:devtools_entrypoint-bundle-copy(//build/toolchain/linux:clang_x64)
[188/51034] ACTION //third_party/devtools-frontend/src/front_end/models/trace/lantern:bundle(//build/toolchain/linux:clang_x64)
[189/51034] ACTION //third_party/devtools-frontend/src/front_end/ui/components/highlighting:devtools_entrypoint-bundle-bundle(//build/toolchain/linux:clang_x64)
[190/51034] ACTION //third_party/devtools-frontend/src/front_end/ui/components/helpers:helpers(//build/toolchain/linux:clang_x64)
[191/51034] ACTION //third_party/devtools-frontend/src/front_end/models/ai_code_generation:ai_code_generation(//build/toolchain/linux:clang_x64)
[192/51034] ACTION //third_party/devtools-frontend/src/front_end/models/formatter:devtools_entrypoint-bundle-bundle(//build/toolchain/linux:clang_x64)
[193/51034] ACTION //third_party/devtools-frontend/src/front_end/core/dom_extension:bundle(//build/toolchain/linux:clang_x64)
[194/51034] ACTION //third_party/devtools-frontend/src/front_end/third_party/diff:devtools_entrypoint-bundle-tsconfig(//build/toolchain/linux:clang_x64)
[195/51034] ACTION //third_party/devtools-frontend/src/front_end/ui/components/helpers:devtools_entrypoint-bundle-copy(//build/toolchain/linux:clang_x64)
[196/51034] ACTION //third_party/devtools-frontend/src/front_end/ui/components/highlighting:bundle(//build/toolchain/linux:clang_x64)
[197/51034] ACTION //third_party/devtools-frontend/src/front_end/models/formatter:bundle(//build/toolchain/linux:clang_x64)
[198/51034] ACTION //third_party/devtools-frontend/src/front_end/models/badges:badges(//build/toolchain/linux:clang_x64)
[199/51034] ACTION //third_party/devtools-frontend/src/front_end/ui/components/helpers:devtools_entrypoint-bundle-tsconfig(//build/toolchain/linux:clang_x64)
[200/51034] ACTION //third_party/devtools-frontend/src/front_end/third_party/diff:devtools_entrypoint-bundle-bundle(//build/toolchain/linux:clang_x64)
[201/51034] ACTION //third_party/devtools-frontend/src/front_end/ui/components/spinners:spinner(//build/toolchain/linux:clang_x64)
[202/51034] ACTION //third_party/devtools-frontend/src/front_end/core/sdk:sdk(//build/toolchain/linux:clang_x64)
[203/51034] ACTION //third_party/devtools-frontend/src/front_end/ui/components/helpers:devtools_entrypoint-bundle-bundle(//build/toolchain/linux:clang_x64)
[204/51034] ACTION //third_party/devtools-frontend/src/front_end/third_party/diff:bundle(//build/toolchain/linux:clang_x64)
[205/51034] ACTION //third_party/devtools-frontend/src/front_end/ui/components/switch:switch_impl(//build/toolchain/linux:clang_x64)
[206/51034] ACTION //third_party/devtools-frontend/src/front_end/core/sdk:devtools_entrypoint-bundle-copy(//build/toolchain/linux:clang_x64)
[207/51034] ACTION //third_party/devtools-frontend/src/front_end/ui/components/helpers:bundle(//build/toolchain/linux:clang_x64)
[208/51034] ACTION //third_party/devtools-frontend/src/front_end/ui/components/spinners:css_files(//build/toolchain/linux:clang_x64)
[209/51034] ACTION //third_party/devtools-frontend/src/front_end/core/sdk:devtools_entrypoint-bundle-tsconfig(//build/toolchain/linux:clang_x64)
[210/51034] ACTION //third_party/devtools-frontend/src/front_end/ui/components/switch:css_files(//build/toolchain/linux:clang_x64)
[211/51034] ACTION //third_party/devtools-frontend/src/front_end/ui/i18n:devtools_entrypoint-bundle-copy(//build/toolchain/linux:clang_x64)
[212/51034] ACTION //third_party/devtools-frontend/src/front_end/models/ai_code_completion:devtools_entrypoint-bundle-copy(//build/toolchain/linux:clang_x64)
[213/51034] ACTION //third_party/devtools-frontend/src/front_end/models/ai_code_generation:devtools_entrypoint-bundle-copy(//build/toolchain/linux:clang_x64)
[214/51034] ACTION //third_party/devtools-frontend/src/front_end/ui/components/tooltips:css_files(//build/toolchain/linux:clang_x64)
[215/51034] ACTION //third_party/devtools-frontend/src/front_end/models/badges:devtools_entrypoint-bundle-copy(//build/toolchain/linux:clang_x64)
[216/51034] ACTION //third_party/devtools-frontend/src/front_end/core/sdk:devtools_entrypoint-bundle-bundle(//build/toolchain/linux:clang_x64)
[217/51034] ACTION //third_party/devtools-frontend/src/front_end/ui/legacy/components/utils:css_files(//build/toolchain/linux:clang_x64)
[218/51034] ACTION //third_party/devtools-frontend/src/front_end/ui/components/spinners:devtools_entrypoint-bundle-copy(//build/toolchain/linux:clang_x64)
[219/51034] ACTION //third_party/devtools-frontend/src/front_end/ui/components/switch:devtools_entrypoint-bundle-copy(//build/toolchain/linux:clang_x64)
[220/51034] ACTION //third_party/devtools-frontend/src/front_end/models/javascript_metadata:javascript_metadata(//build/toolchain/linux:clang_x64)
[221/51034] ACTION //third_party/devtools-frontend/src/front_end/core/sdk:bundle(//build/toolchain/linux:clang_x64)
[222/51034] ACTION //third_party/devtools-frontend/src/front_end/models/ai_code_completion:devtools_entrypoint-bundle-tsconfig(//build/toolchain/linux:clang_x64)
[223/51034] ACTION //third_party/devtools-frontend/src/front_end/models/ai_code_generation:devtools_entrypoint-bundle-tsconfig(//build/toolchain/linux:clang_x64)
[224/51034] ACTION //third_party/devtools-frontend/src/front_end/models/badges:devtools_entrypoint-bundle-tsconfig(//build/toolchain/linux:clang_x64)
[225/51034] ACTION //third_party/devtools-frontend/src/front_end/ui/i18n:devtools_entrypoint-bundle-tsconfig(//build/toolchain/linux:clang_x64)
[226/51034] ACTION //third_party/devtools-frontend/src/front_end/models/geometry:geometry(//build/toolchain/linux:clang_x64)
[227/51034] ACTION //third_party/devtools-frontend/src/front_end/ui/helpers:helpers(//build/toolchain/linux:clang_x64)
[228/51034] ACTION //third_party/devtools-frontend/src/front_end/models/workspace:workspace(//build/toolchain/linux:clang_x64)
[229/51034] ACTION //third_party/devtools-frontend/src/front_end/models/annotations:annotations(//build/toolchain/linux:clang_x64)
[230/51034] ACTION //third_party/devtools-frontend/src/front_end/models/logs:logs(//build/toolchain/linux:clang_x64)
[231/51034] ACTION //third_party/devtools-frontend/src/front_end/models/project_settings:project_settings(//build/toolchain/linux:clang_x64)
[232/51034] ACTION //third_party/devtools-frontend/src/front_end/models/geometry:devtools_entrypoint-bundle-copy(//build/toolchain/linux:clang_x64)
[233/51034] ACTION //third_party/devtools-frontend/src/front_end/models/workspace:devtools_entrypoint-bundle-copy(//build/toolchain/linux:clang_x64)
[234/51034] ACTION //third_party/devtools-frontend/src/front_end/models/computed_style:computed_style(//build/toolchain/linux:clang_x64)
[235/51034] ACTION //third_party/devtools-frontend/src/front_end/ui/helpers:devtools_entrypoint-bundle-copy(//build/toolchain/linux:clang_x64)
[236/51034] ACTION //third_party/devtools-frontend/src/front_end/models/annotations:devtools_entrypoint-bundle-copy(//build/toolchain/linux:clang_x64)
[237/51034] ACTION //third_party/devtools-frontend/src/front_end/models/geometry:devtools_entrypoint-bundle-tsconfig(//build/toolchain/linux:clang_x64)
[238/51034] ACTION //third_party/devtools-frontend/src/front_end/models/workspace:devtools_entrypoint-bundle-tsconfig(//build/toolchain/linux:clang_x64)
[239/51034] ACTION //third_party/devtools-frontend/src/front_end/models/logs:devtools_entrypoint-bundle-copy(//build/toolchain/linux:clang_x64)
[240/51034] ACTION //third_party/devtools-frontend/src/front_end/models/project_settings:devtools_entrypoint-bundle-copy(//build/toolchain/linux:clang_x64)
[241/51034] ACTION //third_party/devtools-frontend/src/front_end/ui/helpers:devtools_entrypoint-bundle-tsconfig(//build/toolchain/linux:clang_x64)
[242/51034] ACTION //third_party/devtools-frontend/src/front_end/models/har:har(//build/toolchain/linux:clang_x64)
[243/51034] ACTION //third_party/devtools-frontend/src/front_end/models/annotations:devtools_entrypoint-bundle-tsconfig(//build/toolchain/linux:clang_x64)
[244/51034] ACTION //third_party/devtools-frontend/src/front_end/models/geometry:devtools_entrypoint-bundle-bundle(//build/toolchain/linux:clang_x64)
[245/51034] ACTION //third_party/devtools-frontend/src/front_end/models/workspace:devtools_entrypoint-bundle-bundle(//build/toolchain/linux:clang_x64)
[246/51034] ACTION //third_party/devtools-frontend/src/front_end/models/logs:devtools_entrypoint-bundle-tsconfig(//build/toolchain/linux:clang_x64)
[247/51034] ACTION //third_party/devtools-frontend/src/front_end/models/network_time_calculator:network_time_calculator(//build/toolchain/linux:clang_x64)
[248/51034] ACTION //third_party/devtools-frontend/src/front_end/models/geometry:bundle(//build/toolchain/linux:clang_x64)
[249/51034] ACTION //third_party/devtools-frontend/src/front_end/ui/helpers:devtools_entrypoint-bundle-bundle(//build/toolchain/linux:clang_x64)
[250/51034] ACTION //third_party/devtools-frontend/src/front_end/models/project_settings:devtools_entrypoint-bundle-tsconfig(//build/toolchain/linux:clang_x64)
[251/51034] ACTION //third_party/devtools-frontend/src/front_end/models/workspace:bundle(//build/toolchain/linux:clang_x64)
[252/51034] ACTION //third_party/devtools-frontend/src/front_end/ui/components/spinners:devtools_entrypoint-bundle-tsconfig(//build/toolchain/linux:clang_x64)
[253/51034] ACTION //third_party/devtools-frontend/src/front_end/models/emulation:emulation(//build/toolchain/linux:clang_x64)
[254/51034] ACTION //third_party/devtools-frontend/src/front_end/ui/helpers:bundle(//build/toolchain/linux:clang_x64)
[255/51034] ACTION //third_party/devtools-frontend/src/front_end/models/annotations:devtools_entrypoint-bundle-bundle(//build/toolchain/linux:clang_x64)
[256/51034] ACTION //third_party/devtools-frontend/src/front_end/models/stack_trace:stack_trace(//build/toolchain/linux:clang_x64)
[257/51034] ACTION //third_party/devtools-frontend/src/front_end/models/emulation:devtools_entrypoint-bundle-copy(//build/toolchain/linux:clang_x64)
[258/51034] ACTION //third_party/devtools-frontend/src/front_end/ui/kit:kit(//build/toolchain/linux:clang_x64)
[259/51034] ACTION //third_party/devtools-frontend/src/front_end/models/logs:devtools_entrypoint-bundle-bundle(//build/toolchain/linux:clang_x64)
[260/51034] ACTION //third_party/devtools-frontend/src/front_end/models/project_settings:devtools_entrypoint-bundle-bundle(//build/toolchain/linux:clang_x64)
[261/51034] ACTION //third_party/devtools-frontend/src/front_end/models/stack_trace:devtools_entrypoint-bundle-copy(//build/toolchain/linux:clang_x64)
[262/51034] ACTION //third_party/devtools-frontend/src/front_end/models/emulation:devtools_entrypoint-bundle-tsconfig(//build/toolchain/linux:clang_x64)
[263/51034] ACTION //third_party/devtools-frontend/src/front_end/models/annotations:bundle(//build/toolchain/linux:clang_x64)
[264/51034] ACTION //third_party/devtools-frontend/src/front_end/ui/kit:devtools_entrypoint-bundle-copy(//build/toolchain/linux:clang_x64)
[265/51034] ACTION //third_party/devtools-frontend/src/front_end/models/computed_style:devtools_entrypoint-bundle-copy(//build/toolchain/linux:clang_x64)
[266/51034] ACTION //third_party/devtools-frontend/src/front_end/models/stack_trace:devtools_entrypoint-bundle-tsconfig(//build/toolchain/linux:clang_x64)
[267/51034] ACTION //third_party/devtools-frontend/src/front_end/ui/kit:devtools_entrypoint-bundle-tsconfig(//build/toolchain/linux:clang_x64)
[268/51034] ACTION //third_party/devtools-frontend/src/front_end/models/logs:bundle(//build/toolchain/linux:clang_x64)
[269/51034] ACTION //third_party/devtools-frontend/src/front_end/models/har:devtools_entrypoint-bundle-copy(//build/toolchain/linux:clang_x64)
[270/51034] ACTION //third_party/devtools-frontend/src/front_end/models/project_settings:bundle(//build/toolchain/linux:clang_x64)
[271/51034] ACTION //third_party/devtools-frontend/src/front_end/models/emulation:devtools_entrypoint-bundle-bundle(//build/toolchain/linux:clang_x64)
[272/51034] ACTION //third_party/devtools-frontend/src/front_end/models/stack_trace:devtools_entrypoint-bundle-bundle(//build/toolchain/linux:clang_x64)
[273/51034] ACTION //third_party/devtools-frontend/src/front_end/ui/kit:devtools_entrypoint-bundle-bundle(//build/toolchain/linux:clang_x64)
[274/51034] ACTION //third_party/devtools-frontend/src/front_end/models/network_time_calculator:devtools_entrypoint-bundle-copy(//build/toolchain/linux:clang_x64)
[275/51034] ACTION //third_party/devtools-frontend/src/front_end/ui/components/switch:devtools_entrypoint-bundle-tsconfig(//build/toolchain/linux:clang_x64)
[276/51034] ACTION //third_party/devtools-frontend/src/front_end/models/computed_style:devtools_entrypoint-bundle-tsconfig(//build/toolchain/linux:clang_x64)
[277/51034] ACTION //third_party/devtools-frontend/src/front_end/models/emulation:bundle(//build/toolchain/linux:clang_x64)
[278/51034] ACTION //third_party/devtools-frontend/src/front_end/models/stack_trace:bundle(//build/toolchain/linux:clang_x64)
[279/51034] ACTION //third_party/devtools-frontend/src/front_end/ui/kit:bundle(//build/toolchain/linux:clang_x64)
[280/51034] ACTION //third_party/devtools-frontend/src/front_end/models/har:devtools_entrypoint-bundle-tsconfig(//build/toolchain/linux:clang_x64)
[281/51034] ACTION //third_party/devtools-frontend/src/front_end/models/crux-manager:crux-manager(//build/toolchain/linux:clang_x64)
[282/51034] ACTION //third_party/devtools-frontend/src/front_end/models/network_time_calculator:devtools_entrypoint-bundle-tsconfig(//build/toolchain/linux:clang_x64)
[283/51034] ACTION //third_party/devtools-frontend/src/front_end/models/stack_trace:stack_trace_impl(//build/toolchain/linux:clang_x64)
[284/51034] ACTION //third_party/devtools-frontend/src/front_end/models/crux-manager:devtools_entrypoint-bundle-copy(//build/toolchain/linux:clang_x64)
[285/51034] ACTION //third_party/devtools-frontend/src/front_end/ui/components/buttons:button(//build/toolchain/linux:clang_x64)
[286/51034] ACTION //third_party/devtools-frontend/src/front_end/models/computed_style:devtools_entrypoint-bundle-bundle(//build/toolchain/linux:clang_x64)
[287/51034] ACTION //third_party/devtools-frontend/src/front_end/models/crux-manager:devtools_entrypoint-bundle-tsconfig(//build/toolchain/linux:clang_x64)
[288/51034] ACTION //third_party/devtools-frontend/src/front_end/models/stack_trace:devtools_entrypoint-impl-copy(//build/toolchain/linux:clang_x64)
[289/51034] ACTION //third_party/devtools-frontend/src/front_end/ui/components/buttons:devtools_entrypoint-bundle-copy(//build/toolchain/linux:clang_x64)
[290/51034] ACTION //third_party/devtools-frontend/src/front_end/models/crux-manager:devtools_entrypoint-bundle-bundle(//build/toolchain/linux:clang_x64)
[291/51034] ACTION //third_party/devtools-frontend/src/front_end/models/ai_code_completion:devtools_entrypoint-bundle-bundle(//build/toolchain/linux:clang_x64)
[292/51034] ACTION //third_party/devtools-frontend/src/front_end/panels/common:css_files(//build/toolchain/linux:clang_x64)
[293/51034] ACTION //third_party/devtools-frontend/src/front_end/models/stack_trace:devtools_entrypoint-impl-tsconfig(//build/toolchain/linux:clang_x64)
[294/51034] ACTION //third_party/devtools-frontend/src/front_end/models/crux-manager:bundle(//build/toolchain/linux:clang_x64)
[295/51034] ACTION //third_party/devtools-frontend/src/front_end/ui/components/buttons:devtools_entrypoint-bundle-tsconfig(//build/toolchain/linux:clang_x64)
[296/51034] ACTION //third_party/devtools-frontend/src/front_end/models/har:devtools_entrypoint-bundle-bundle(//build/toolchain/linux:clang_x64)
[297/51034] ACTION //third_party/devtools-frontend/src/front_end/models/computed_style:bundle(//build/toolchain/linux:clang_x64)
[298/51034] ACTION //third_party/devtools-frontend/src/front_end/models/stack_trace:devtools_entrypoint-impl-bundle(//build/toolchain/linux:clang_x64)
[299/51034] ACTION //third_party/devtools-frontend/src/front_end/models/trace/types:types(//build/toolchain/linux:clang_x64)
[300/51034] ACTION //third_party/devtools-frontend/src/front_end/models/network_time_calculator:devtools_entrypoint-bundle-bundle(//build/toolchain/linux:clang_x64)
[301/51034] ACTION //third_party/devtools-frontend/src/front_end/models/stack_trace:impl(//build/toolchain/linux:clang_x64)
[302/51034] ACTION //third_party/devtools-frontend/src/front_end/models/trace/types:devtools_entrypoint-bundle-copy(//build/toolchain/linux:clang_x64)
[303/51034] ACTION //third_party/devtools-frontend/src/front_end/ui/components/buttons:devtools_entrypoint-bundle-bundle(//build/toolchain/linux:clang_x64)
[304/51034] ACTION //third_party/devtools-frontend/src/front_end/models/ai_code_generation:devtools_entrypoint-bundle-bundle(//build/toolchain/linux:clang_x64)
[305/51034] ACTION //third_party/devtools-frontend/src/front_end/models/har:bundle(//build/toolchain/linux:clang_x64)
[306/51034] ACTION //third_party/devtools-frontend/src/front_end/models/trace/types:devtools_entrypoint-bundle-tsconfig(//build/toolchain/linux:clang_x64)
[307/51034] ACTION //third_party/devtools-frontend/src/front_end/models/bindings:bindings(//build/toolchain/linux:clang_x64)
[308/51034] ACTION //third_party/devtools-frontend/src/front_end/ui/components/buttons:bundle(//build/toolchain/linux:clang_x64)
[309/51034] ACTION //third_party/devtools-frontend/src/front_end/models/badges:devtools_entrypoint-bundle-bundle(//build/toolchain/linux:clang_x64)
[310/51034] ACTION //third_party/devtools-frontend/src/front_end/models/network_time_calculator:bundle(//build/toolchain/linux:clang_x64)
[311/51034] ACTION //third_party/devtools-frontend/src/front_end/models/bindings:devtools_entrypoint-bundle-copy(//build/toolchain/linux:clang_x64)
[312/51034] ACTION //third_party/devtools-frontend/src/front_end/models/trace/types:devtools_entrypoint-bundle-bundle(//build/toolchain/linux:clang_x64)
[313/51034] ACTION //third_party/devtools-frontend/src/front_end/ui/components/spinners:devtools_entrypoint-bundle-bundle(//build/toolchain/linux:clang_x64)
[314/51034] ACTION //third_party/devtools-frontend/src/front_end/ui/components/switch:devtools_entrypoint-bundle-bundle(//build/toolchain/linux:clang_x64)
[315/51034] ACTION //third_party/devtools-frontend/src/front_end/models/bindings:devtools_entrypoint-bundle-tsconfig(//build/toolchain/linux:clang_x64)
[316/51034] ACTION //third_party/devtools-frontend/src/front_end/models/trace/types:bundle(//build/toolchain/linux:clang_x64)
[317/51034] ACTION //third_party/devtools-frontend/src/front_end/ui/i18n:devtools_entrypoint-bundle-bundle(//build/toolchain/linux:clang_x64)
[318/51034] ACTION //third_party/devtools-frontend/src/front_end/ui/components/code_highlighter:code_highlighter(//build/toolchain/linux:clang_x64)
[319/51034] ACTION //third_party/devtools-frontend/src/front_end/models/ai_code_completion:bundle(//build/toolchain/linux:clang_x64)
[320/51034] ACTION //third_party/devtools-frontend/src/front_end/models/ai_code_generation:bundle(//build/toolchain/linux:clang_x64)
[321/51034] ACTION //third_party/devtools-frontend/src/front_end/models/trace/helpers:helpers(//build/toolchain/linux:clang_x64)
[322/51034] ACTION //third_party/devtools-frontend/src/front_end/models/badges:bundle(//build/toolchain/linux:clang_x64)
[323/51034] ACTION //third_party/devtools-frontend/src/front_end/ui/components/spinners:bundle(//build/toolchain/linux:clang_x64)
[324/51034] ACTION //third_party/devtools-frontend/src/front_end/ui/components/switch:bundle(//build/toolchain/linux:clang_x64)
[325/51034] ACTION //third_party/devtools-frontend/src/front_end/models/bindings:devtools_entrypoint-bundle-bundle(//build/toolchain/linux:clang_x64)
[326/51034] ACTION //third_party/devtools-frontend/src/front_end/models/trace/helpers:devtools_entrypoint-bundle-copy(//build/toolchain/linux:clang_x64)
[327/51034] ACTION //third_party/devtools-frontend/src/front_end/ui/i18n:bundle(//build/toolchain/linux:clang_x64)
[328/51034] ACTION //third_party/devtools-frontend/src/front_end/models/bindings:bundle(//build/toolchain/linux:clang_x64)
[329/51034] ACTION //third_party/devtools-frontend/src/front_end/models/trace/helpers:devtools_entrypoint-bundle-tsconfig(//build/toolchain/linux:clang_x64)
[330/51034] ACTION //third_party/devtools-frontend/src/front_end/models/javascript_metadata:devtools_entrypoint-bundle-copy(//build/toolchain/linux:clang_x64)
[331/51034] ACTION //third_party/devtools-frontend/src/front_end/models/source_map_scopes:source_map_scopes(//build/toolchain/linux:clang_x64)
[332/51034] ACTION //third_party/devtools-frontend/src/front_end/foundation:foundation(//build/toolchain/linux:clang_x64)
[333/51034] ACTION //third_party/devtools-frontend/src/front_end/models/trace/helpers:devtools_entrypoint-bundle-bundle(//build/toolchain/linux:clang_x64)
[334/51034] RUST clang_x64_for_rust_host_build_tools/obj/third_party/rust/anstyle/v1/lib/libanstyle_lib.rlib clang_x64_for_rust_host_build_tools/obj/third_party/rust/anstyle/v1/lib/libanstyle_lib.rmeta clang_x64_for_rust_host_build_tools/obj/third_party/rust/anstyle/v1/lib.rustflags.json clang_x64_for_rust_host_build_tools/obj/third_party/rust/anstyle/v1/lib.rsp.rust
[335/51034] ACTION //third_party/devtools-frontend/src/front_end/models/source_map_scopes:devtools_entrypoint-bundle-copy(//build/toolchain/linux:clang_x64)
[336/51034] ACTION //third_party/devtools-frontend/src/front_end/models/extensions:extensions(//build/toolchain/linux:clang_x64)
[337/51034] ACTION //third_party/devtools-frontend/src/front_end/ui/components/code_highlighter:css_files(//build/toolchain/linux:clang_x64)
[338/51034] ACTION //third_party/devtools-frontend/src/front_end/models/trace/helpers:bundle(//build/toolchain/linux:clang_x64)
[339/51034] ACTION //third_party/devtools-frontend/src/front_end/models/source_map_scopes:devtools_entrypoint-bundle-tsconfig(//build/toolchain/linux:clang_x64)
[340/51034] ACTION //third_party/devtools-frontend/src/front_end/foundation:devtools_entrypoint-bundle-copy(//build/toolchain/linux:clang_x64)
[341/51034] ACTION //third_party/devtools-frontend/src/front_end/models/javascript_metadata:devtools_entrypoint-bundle-tsconfig(//build/toolchain/linux:clang_x64)
[342/51034] ACTION //third_party/devtools-frontend/src/front_end/models/extensions:devtools_entrypoint-bundle-copy(//build/toolchain/linux:clang_x64)
[343/51034] ACTION //third_party/devtools-frontend/src/front_end/models/trace/handlers:handlers(//build/toolchain/linux:clang_x64)
[344/51034] ACTION //third_party/devtools-frontend/src/front_end/foundation:devtools_entrypoint-bundle-tsconfig(//build/toolchain/linux:clang_x64)
[345/51034] ACTION //third_party/devtools-frontend/src/front_end/ui/components/code_highlighter:devtools_entrypoint-bundle-copy(//build/toolchain/linux:clang_x64)
[346/51034] ACTION //third_party/devtools-frontend/src/front_end/models/source_map_scopes:devtools_entrypoint-bundle-bundle(//build/toolchain/linux:clang_x64)
[347/51034] ACTION //third_party/devtools-frontend/src/front_end/models/trace/handlers:devtools_entrypoint-bundle-copy(//build/toolchain/linux:clang_x64)
[348/51034] ACTION //third_party/devtools-frontend/src/front_end/models/extensions:devtools_entrypoint-bundle-tsconfig(//build/toolchain/linux:clang_x64)
[349/51034] ACTION //third_party/devtools-frontend/src/front_end/models/source_map_scopes:bundle(//build/toolchain/linux:clang_x64)
[350/51034] RUST clang_x64_for_rust_host_build_tools/obj/third_party/rust/clap_lex/v1/lib/libclap_lex_lib.rlib clang_x64_for_rust_host_build_tools/obj/third_party/rust/clap_lex/v1/lib/libclap_lex_lib.rmeta clang_x64_for_rust_host_build_tools/obj/third_party/rust/clap_lex/v1/lib.rustflags.json clang_x64_for_rust_host_build_tools/obj/third_party/rust/clap_lex/v1/lib.rsp.rust
[351/51034] ACTION //third_party/devtools-frontend/src/front_end/foundation:devtools_entrypoint-bundle-bundle(//build/toolchain/linux:clang_x64)
[352/51034] ACTION //third_party/devtools-frontend/src/front_end/models/trace/handlers:devtools_entrypoint-bundle-tsconfig(//build/toolchain/linux:clang_x64)
[353/51034] ACTION //third_party/devtools-frontend/src/front_end/models/breakpoints:breakpoints(//build/toolchain/linux:clang_x64)
[354/51034] RUST clang_x64_for_rust_host_build_tools/obj/third_party/rust/equivalent/v1/lib/libequivalent_lib.rlib clang_x64_for_rust_host_build_tools/obj/third_party/rust/equivalent/v1/lib/libequivalent_lib.rmeta clang_x64_for_rust_host_build_tools/obj/third_party/rust/equivalent/v1/lib.rustflags.json clang_x64_for_rust_host_build_tools/obj/third_party/rust/equivalent/v1/lib.rsp.rust
[355/51034] ACTION //third_party/devtools-frontend/src/front_end/models/extensions:devtools_entrypoint-bundle-bundle(//build/toolchain/linux:clang_x64)
[356/51034] ACTION //third_party/devtools-frontend/src/front_end/models/breakpoints:devtools_entrypoint-bundle-copy(//build/toolchain/linux:clang_x64)
[357/51034] ACTION //third_party/devtools-frontend/src/front_end/models/trace/handlers:devtools_entrypoint-bundle-bundle(//build/toolchain/linux:clang_x64)
[358/51034] ACTION //third_party/devtools-frontend/src/front_end/foundation:bundle(//build/toolchain/linux:clang_x64)
[359/51034] ACTION //third_party/devtools-frontend/src/front_end/models/breakpoints:devtools_entrypoint-bundle-tsconfig(//build/toolchain/linux:clang_x64)
[360/51034] ACTION //third_party/devtools-frontend/src/front_end/models/trace/handlers:bundle(//build/toolchain/linux:clang_x64)
[361/51034] ACTION //third_party/devtools-frontend/src/front_end/ui/components/code_highlighter:devtools_entrypoint-bundle-tsconfig(//build/toolchain/linux:clang_x64)
[362/51034] ACTION //third_party/devtools-frontend/src/front_end/models/trace/extras:extras(//build/toolchain/linux:clang_x64)
[363/51034] ACTION //third_party/devtools-frontend/src/front_end/models/breakpoints:devtools_entrypoint-bundle-bundle(//build/toolchain/linux:clang_x64)
[364/51034] ACTION //third_party/devtools-frontend/src/front_end/models/extensions:bundle(//build/toolchain/linux:clang_x64)
[365/51034] RUST clang_x64_for_rust_host_build_tools/obj/third_party/rust/strsim/v0_11/lib/libstrsim_lib.rlib clang_x64_for_rust_host_build_tools/obj/third_party/rust/strsim/v0_11/lib/libstrsim_lib.rmeta clang_x64_for_rust_host_build_tools/obj/third_party/rust/strsim/v0_11/lib.rustflags.json clang_x64_for_rust_host_build_tools/obj/third_party/rust/strsim/v0_11/lib.rsp.rust
[366/51034] ACTION //third_party/devtools-frontend/src/front_end/models/javascript_metadata:devtools_entrypoint-bundle-bundle(//build/toolchain/linux:clang_x64)
[367/51034] ACTION //third_party/devtools-frontend/src/front_end/models/trace/extras:devtools_entrypoint-bundle-copy(//build/toolchain/linux:clang_x64)
[368/51034] ACTION //third_party/devtools-frontend/src/front_end/models/breakpoints:bundle(//build/toolchain/linux:clang_x64)
[369/51034] ACTION //third_party/devtools-frontend/src/front_end/ui/components/code_highlighter:devtools_entrypoint-bundle-bundle(//build/toolchain/linux:clang_x64)
[370/51034] ACTION //third_party/devtools-frontend/src/front_end/models/trace/extras:devtools_entrypoint-bundle-tsconfig(//build/toolchain/linux:clang_x64)
[371/51034] ACTION //third_party/devtools-frontend/src/front_end/models/persistence:persistence(//build/toolchain/linux:clang_x64)
[372/51034] ACTION //third_party/devtools-frontend/src/front_end/models/trace/extras:devtools_entrypoint-bundle-bundle(//build/toolchain/linux:clang_x64)
[373/51034] ACTION //third_party/devtools-frontend/src/front_end/models/javascript_metadata:bundle(//build/toolchain/linux:clang_x64)
[374/51034] ACTION //third_party/devtools-frontend/src/front_end/models/trace/extras:bundle(//build/toolchain/linux:clang_x64)
[375/51034] ACTION //third_party/devtools-frontend/src/front_end/models/persistence:devtools_entrypoint-bundle-copy(//build/toolchain/linux:clang_x64)
[376/51034] ACTION //third_party/devtools-frontend/src/front_end/models/trace/insights:insights(//build/toolchain/linux:clang_x64)
[377/51034] RUST clang_x64_for_rust_host_build_tools/obj/third_party/rust/termcolor/v1/lib/libtermcolor_lib.rlib clang_x64_for_rust_host_build_tools/obj/third_party/rust/termcolor/v1/lib/libtermcolor_lib.rmeta clang_x64_for_rust_host_build_tools/obj/third_party/rust/termcolor/v1/lib.rustflags.json clang_x64_for_rust_host_build_tools/obj/third_party/rust/termcolor/v1/lib.rsp.rust
[378/51034] RUST clang_x64_for_rust_host_build_tools/obj/third_party/rust/hashbrown/v0_16/lib/libhashbrown_lib.rlib clang_x64_for_rust_host_build_tools/obj/third_party/rust/hashbrown/v0_16/lib/libhashbrown_lib.rmeta clang_x64_for_rust_host_build_tools/obj/third_party/rust/hashbrown/v0_16/lib.rustflags.json clang_x64_for_rust_host_build_tools/obj/third_party/rust/hashbrown/v0_16/lib.rsp.rust
[379/51034] ACTION //third_party/devtools-frontend/src/front_end/ui/components/code_highlighter:bundle(//build/toolchain/linux:clang_x64)
[380/51034] ACTION //third_party/devtools-frontend/src/front_end/models/trace/insights:devtools_entrypoint-bundle-copy(//build/toolchain/linux:clang_x64)
[381/51034] ACTION //third_party/devtools-frontend/src/front_end/third_party/marked:marked(//build/toolchain/linux:clang_x64)
[382/51034] ACTION //third_party/devtools-frontend/src/front_end/models/persistence:devtools_entrypoint-bundle-tsconfig(//build/toolchain/linux:clang_x64)
[383/51034] ACTION //third_party/devtools-frontend/src/front_end/models/trace/insights:devtools_entrypoint-bundle-tsconfig(//build/toolchain/linux:clang_x64)
[384/51034] RUST clang_x64_for_rust_host_build_tools/obj/third_party/rust/unicode_width/v0_2/lib/libunicode_width_lib.rlib clang_x64_for_rust_host_build_tools/obj/third_party/rust/unicode_width/v0_2/lib/libunicode_width_lib.rmeta clang_x64_for_rust_host_build_tools/obj/third_party/rust/unicode_width/v0_2/lib.rustflags.json clang_x64_for_rust_host_build_tools/obj/third_party/rust/unicode_width/v0_2/lib.rsp.rust
[385/51034] ACTION //third_party/devtools-frontend/src/front_end/models/persistence:devtools_entrypoint-bundle-bundle(//build/toolchain/linux:clang_x64)
[386/51034] ACTION //third_party/devtools-frontend/src/front_end/ui/components/input:css_files(//build/toolchain/linux:clang_x64)
[387/51034] ACTION //third_party/devtools-frontend/src/front_end/models/trace/insights:devtools_entrypoint-bundle-bundle(//build/toolchain/linux:clang_x64)
[388/51034] ACTION //third_party/devtools-frontend/src/front_end/ui/components/srgb_overlay:srgb_overlay(//build/toolchain/linux:clang_x64)
[389/51034] ACTION //third_party/devtools-frontend/src/front_end/models/persistence:bundle(//build/toolchain/linux:clang_x64)
[390/51034] ACTION //third_party/devtools-frontend/src/front_end/models/trace/insights:bundle(//build/toolchain/linux:clang_x64)
[391/51034] ACTION //third_party/devtools-frontend/src/front_end/ui/components/srgb_overlay:css_files(//build/toolchain/linux:clang_x64)
[392/51034] ACTION //third_party/devtools-frontend/src/front_end/models/workspace_diff:workspace_diff(//build/toolchain/linux:clang_x64)
[393/51034] ACTION //third_party/devtools-frontend/src/front_end/models/trace:trace(//build/toolchain/linux:clang_x64)
[394/51034] ACTION //third_party/devtools-frontend/src/front_end/models/workspace_diff:devtools_entrypoint-bundle-copy(//build/toolchain/linux:clang_x64)
[395/51034] ACTION //third_party/devtools-frontend/src/front_end/models/trace:devtools_entrypoint-bundle-copy(//build/toolchain/linux:clang_x64)
[396/51034] ACTION //base:debugging_buildflags(//build/toolchain/linux:clang_x64)
[397/51034] ACTION //third_party/devtools-frontend/src/front_end/models/trace:devtools_entrypoint-bundle-tsconfig(//build/toolchain/linux:clang_x64)
[398/51034] ACTION //third_party/devtools-frontend/src/front_end/models/workspace_diff:devtools_entrypoint-bundle-tsconfig(//build/toolchain/linux:clang_x64)
[399/51034] ACTION //third_party/devtools-frontend/src/front_end/models/trace:devtools_entrypoint-bundle-bundle(//build/toolchain/linux:clang_x64)
[400/51034] RUST clang_x64_for_rust_host_build_tools/obj/third_party/rust/codespan_reporting/v0_13/lib/libcodespan_reporting_lib.rlib clang_x64_for_rust_host_build_tools/obj/third_party/rust/codespan_reporting/v0_13/lib/libcodespan_reporting_lib.rmeta clang_x64_for_rust_host_build_tools/obj/third_party/rust/codespan_reporting/v0_13/lib.rustflags.json clang_x64_for_rust_host_build_tools/obj/third_party/rust/codespan_reporting/v0_13/lib.rsp.rust
[401/51034] ACTION //third_party/devtools-frontend/src/front_end/ui/components/text_prompt:css_files(//build/toolchain/linux:clang_x64)
[402/51034] ACTION //third_party/devtools-frontend/src/front_end/ui/components/text_prompt:text_prompt(//build/toolchain/linux:clang_x64)
[403/51034] ACTION //third_party/devtools-frontend/src/front_end/models/trace:bundle(//build/toolchain/linux:clang_x64)
[404/51034] ACTION //third_party/devtools-frontend/src/front_end/third_party/marked:devtools_entrypoint-bundle-copy(//build/toolchain/linux:clang_x64)
[405/51034] ACTION //third_party/devtools-frontend/src/front_end/models/workspace_diff:devtools_entrypoint-bundle-bundle(//build/toolchain/linux:clang_x64)
[406/51034] ACTION //third_party/devtools-frontend/src/front_end/models/lighthouse:lighthouse(//build/toolchain/linux:clang_x64)
[407/51034] ACTION //third_party/devtools-frontend/src/front_end/models/trace_source_maps_resolver:trace_source_maps_resolver(//build/toolchain/linux:clang_x64)
[408/51034] ACTION //third_party/devtools-frontend/src/front_end/services/tracing:tracing(//build/toolchain/linux:clang_x64)
[409/51034] ACTION //third_party/devtools-frontend/src/front_end/ui/legacy:ui(//build/toolchain/linux:clang_x64)
[410/51034] ACTION //third_party/devtools-frontend/src/front_end/ui/components/input:devtools_entrypoint-bundle-copy(//build/toolchain/linux:clang_x64)
[411/51034] ACTION //third_party/devtools-frontend/src/front_end/models/lighthouse:devtools_entrypoint-bundle-copy(//build/toolchain/linux:clang_x64)
[412/51034] ACTION //third_party/devtools-frontend/src/front_end/models/trace_source_maps_resolver:devtools_entrypoint-bundle-copy(//build/toolchain/linux:clang_x64)
[413/51034] RUST clang_x64_for_rust_host_build_tools/obj/third_party/rust/indexmap/v2/lib/libindexmap_lib.rlib clang_x64_for_rust_host_build_tools/obj/third_party/rust/indexmap/v2/lib/libindexmap_lib.rmeta clang_x64_for_rust_host_build_tools/obj/third_party/rust/indexmap/v2/lib.rustflags.json clang_x64_for_rust_host_build_tools/obj/third_party/rust/indexmap/v2/lib.rsp.rust
[414/51034] ACTION //third_party/devtools-frontend/src/front_end/services/tracing:devtools_entrypoint-bundle-copy(//build/toolchain/linux:clang_x64)
[415/51034] ACTION //third_party/devtools-frontend/src/front_end/models/workspace_diff:bundle(//build/toolchain/linux:clang_x64)
[416/51034] ACTION //third_party/devtools-frontend/src/front_end/ui/legacy:devtools_entrypoint-bundle-copy(//build/toolchain/linux:clang_x64)
[417/51034] ACTION //third_party/devtools-frontend/src/front_end/models/lighthouse:devtools_entrypoint-bundle-tsconfig(//build/toolchain/linux:clang_x64)
[418/51034] ACTION //third_party/devtools-frontend/src/front_end/models/trace_source_maps_resolver:devtools_entrypoint-bundle-tsconfig(//build/toolchain/linux:clang_x64)
[419/51034] ACTION //third_party/devtools-frontend/src/front_end/ui/components/srgb_overlay:devtools_entrypoint-bundle-copy(//build/toolchain/linux:clang_x64)
[420/51034] ACTION //third_party/devtools-frontend/src/front_end/services/tracing:devtools_entrypoint-bundle-tsconfig(//build/toolchain/linux:clang_x64)
[421/51034] ACTION //third_party/devtools-frontend/src/front_end/ui/legacy:devtools_entrypoint-bundle-tsconfig(//build/toolchain/linux:clang_x64)
[422/51034] ACTION //third_party/rust/serde_json_lenient/v0_2:serde_json_lenient_lib_v0_2_build_script_write_rustflags(//build/toolchain/linux:clang_x64)
[423/51034] ACTION //third_party/devtools-frontend/src/front_end/models/lighthouse:devtools_entrypoint-bundle-bundle(//build/toolchain/linux:clang_x64)
[424/51034] ACTION //third_party/devtools-frontend/src/front_end/models/trace_source_maps_resolver:devtools_entrypoint-bundle-bundle(//build/toolchain/linux:clang_x64)
[425/51034] ACTION //third_party/devtools-frontend/src/front_end/services/tracing:devtools_entrypoint-bundle-bundle(//build/toolchain/linux:clang_x64)
[426/51034] ACTION //third_party/devtools-frontend/src/front_end/ui/legacy:devtools_entrypoint-bundle-bundle(//build/toolchain/linux:clang_x64)
[427/51034] ACTION //third_party/devtools-frontend/src/front_end/models/lighthouse:bundle(//build/toolchain/linux:clang_x64)
[428/51034] RUST obj/third_party/rust/foldhash/v0_2/lib/libfoldhash_lib.rlib obj/third_party/rust/foldhash/v0_2/lib/libfoldhash_lib.rmeta obj/third_party/rust/foldhash/v0_2/lib.rustflags.json obj/third_party/rust/foldhash/v0_2/lib.rsp.rust
[429/51034] ACTION //third_party/devtools-frontend/src/front_end/models/trace_source_maps_resolver:bundle(//build/toolchain/linux:clang_x64)
[430/51034] ACTION //base:tracing_buildflags(//build/toolchain/linux:clang_x64)
[431/51034] ACTION //third_party/devtools-frontend/src/front_end/ui/legacy:bundle(//build/toolchain/linux:clang_x64)
[432/51034] ACTION //third_party/devtools-frontend/src/front_end/services/tracing:bundle(//build/toolchain/linux:clang_x64)
[433/51034] ACTION //third_party/devtools-frontend/src/front_end/ui/components/snackbars:snackbar(//build/toolchain/linux:clang_x64)
[434/51034] RUST(BIN) clang_x64_for_rust_host_build_tools/serde_json_lenient_lib_v0_2_build_script clang_x64_for_rust_host_build_tools/obj/third_party/rust/serde_json_lenient/v0_2/serde_json_lenient_lib_v0_2_build_script.rustflags.json clang_x64_for_rust_host_build_tools/obj/third_party/rust/serde_json_lenient/v0_2/serde_json_lenient_lib_v0_2_build_script.rsp.rust
[435/51034] ACTION //third_party/devtools-frontend/src/front_end/models/ai_assistance:ai_assistance(//build/toolchain/linux:clang_x64)
[436/51034] ACTION //third_party/devtools-frontend/src/front_end/ui/components/tooltips:tooltip(//build/toolchain/linux:clang_x64)
[437/51034] ACTION //base:logging_log_severity_bindgen_generator(//build/toolchain/linux:clang_x64)
[438/51034] ACTION //third_party/devtools-frontend/src/front_end/ui/legacy/components/utils:utils(//build/toolchain/linux:clang_x64)
[439/51034] ACTION //third_party/devtools-frontend/src/front_end/ui/components/snackbars:devtools_entrypoint-bundle-copy(//build/toolchain/linux:clang_x64)
[440/51034] ACTION //third_party/devtools-frontend/src/front_end/models/ai_assistance:devtools_entrypoint-bundle-copy(//build/toolchain/linux:clang_x64)
[441/51034] ACTION //third_party/devtools-frontend/src/front_end/ui/components/tooltips:devtools_entrypoint-bundle-copy(//build/toolchain/linux:clang_x64)
[442/51034] ACTION //third_party/devtools-frontend/src/front_end/ui/legacy/components/utils:devtools_entrypoint-bundle-copy(//build/toolchain/linux:clang_x64)
[443/51034] ACTION //third_party/devtools-frontend/src/front_end/ui/components/snackbars:devtools_entrypoint-bundle-tsconfig(//build/toolchain/linux:clang_x64)
[444/51034] ACTION //third_party/devtools-frontend/src/front_end/models/ai_assistance:devtools_entrypoint-bundle-tsconfig(//build/toolchain/linux:clang_x64)
[445/51034] RUST clang_x64_for_rust_host_build_tools/obj/third_party/rust/clap_builder/v4/lib/libclap_builder_lib.rlib clang_x64_for_rust_host_build_tools/obj/third_party/rust/clap_builder/v4/lib/libclap_builder_lib.rmeta clang_x64_for_rust_host_build_tools/obj/third_party/rust/clap_builder/v4/lib.rustflags.json clang_x64_for_rust_host_build_tools/obj/third_party/rust/clap_builder/v4/lib.rsp.rust
[446/51034] RUST clang_x64_for_rust_host_build_tools/obj/third_party/rust/clap/v4/lib/libclap_lib.rlib clang_x64_for_rust_host_build_tools/obj/third_party/rust/clap/v4/lib/libclap_lib.rmeta clang_x64_for_rust_host_build_tools/obj/third_party/rust/clap/v4/lib.rustflags.json clang_x64_for_rust_host_build_tools/obj/third_party/rust/clap/v4/lib.rsp.rust
[447/51034] CXX obj/base/allocator/partition_allocator/src/partition_alloc/raw_ptr/instance_tracer.o
[448/51034] CXX obj/base/allocator/partition_allocator/src/partition_alloc/raw_ptr/raw_ptr_backup_ref_impl.o
[449/51034] RUST obj/third_party/rust/itoa/v1/lib/libitoa_lib.rlib obj/third_party/rust/itoa/v1/lib/libitoa_lib.rmeta obj/third_party/rust/itoa/v1/lib.rustflags.json obj/third_party/rust/itoa/v1/lib.rsp.rust
[450/51034] RUST obj/third_party/rust/ryu/v1/lib/libryu_lib.rlib obj/third_party/rust/ryu/v1/lib/libryu_lib.rmeta obj/third_party/rust/ryu/v1/lib.rustflags.json obj/third_party/rust/ryu/v1/lib.rsp.rust
[451/51034] CXX obj/build/rust/cxx_cppdeps/cxx.o
[452/51034] RUST obj/base/liblogging_log_severity_bindgen_40cec81c.rlib obj/base/liblogging_log_severity_bindgen_40cec81c.rmeta obj/base/logging_log_severity_bindgen.rustflags.json obj/base/logging_log_severity_bindgen.rsp.rust
[453/51034] RUST clang_x64_for_rust_host_build_tools/obj/third_party/rust/hmac_sha256/v1/lib/libhmac_sha256_lib.rlib clang_x64_for_rust_host_build_tools/obj/third_party/rust/hmac_sha256/v1/lib/libhmac_sha256_lib.rmeta clang_x64_for_rust_host_build_tools/obj/third_party/rust/hmac_sha256/v1/lib.rustflags.json clang_x64_for_rust_host_build_tools/obj/third_party/rust/hmac_sha256/v1/lib.rsp.rust
[454/51034] RUST obj/third_party/rust/memchr/v2/lib/libmemchr_lib.rlib obj/third_party/rust/memchr/v2/lib/libmemchr_lib.rmeta obj/third_party/rust/memchr/v2/lib.rustflags.json obj/third_party/rust/memchr/v2/lib.rsp.rust
[455/51034] ACTION //base:anchor_functions_buildflags(//build/toolchain/linux:clang_x64)
[456/51034] ACTION //third_party/devtools-frontend/src/front_end/ui/components/tooltips:devtools_entrypoint-bundle-tsconfig(//build/toolchain/linux:clang_x64)
[457/51034] RUST obj/third_party/rust/log/v0_4/lib/liblog_lib.rlib obj/third_party/rust/log/v0_4/lib/liblog_lib.rmeta obj/third_party/rust/log/v0_4/lib.rustflags.json obj/third_party/rust/log/v0_4/lib.rsp.rust
[458/51034] ACTION //base:cfi_buildflags(//build/toolchain/linux:clang_x64)
[459/51034] ACTION //third_party/devtools-frontend/src/front_end/ui/legacy/components/utils:devtools_entrypoint-bundle-tsconfig(//build/toolchain/linux:clang_x64)
[460/51034] ACTION //third_party/devtools-frontend/src/front_end/ui/components/snackbars:devtools_entrypoint-bundle-bundle(//build/toolchain/linux:clang_x64)
[461/51034] ACTION //third_party/devtools-frontend/src/front_end/models/ai_assistance:devtools_entrypoint-bundle-bundle(//build/toolchain/linux:clang_x64)
[462/51034] ACTION //base/tracing/protos:chrome_track_event_zero_gen(//build/toolchain/linux:clang_x64)
[463/51034] ACTION //third_party/devtools-frontend/src/front_end/third_party/marked:devtools_entrypoint-bundle-tsconfig(//build/toolchain/linux:clang_x64)
[464/51034] ACTION //third_party/devtools-frontend/src/front_end/ui/components/tooltips:devtools_entrypoint-bundle-bundle(//build/toolchain/linux:clang_x64)
[465/51034] ACTION //third_party/devtools-frontend/src/front_end/models/ai_assistance:bundle(//build/toolchain/linux:clang_x64)
[466/51034] ACTION //third_party/devtools-frontend/src/front_end/ui/components/snackbars:bundle(//build/toolchain/linux:clang_x64)
[467/51034] ACTION //third_party/devtools-frontend/src/front_end/ui/legacy/components/utils:devtools_entrypoint-bundle-bundle(//build/toolchain/linux:clang_x64)
[468/51034] ACTION //third_party/devtools-frontend/src/front_end/ui/components/input:devtools_entrypoint-bundle-tsconfig(//build/toolchain/linux:clang_x64)
[469/51034] ACTION //third_party/devtools-frontend/src/front_end/ui/components/tooltips:bundle(//build/toolchain/linux:clang_x64)
[470/51034] ACTION //third_party/devtools-frontend/src/front_end/ui/components/srgb_overlay:devtools_entrypoint-bundle-tsconfig(//build/toolchain/linux:clang_x64)
[471/51034] ACTION //third_party/devtools-frontend/src/front_end/ui/legacy/components/utils:bundle(//build/toolchain/linux:clang_x64)
[472/51034] ACTION //third_party/devtools-frontend/src/front_end/ui/components/text_prompt:devtools_entrypoint-bundle-copy(//build/toolchain/linux:clang_x64)
[473/51034] ACTION //third_party/rust/serde_json_lenient/v0_2:serde_json_lenient_lib_v0_2_build_script_output(//build/toolchain/linux:clang_x64)
[474/51034] ACTION //third_party/devtools-frontend/src/front_end/panels/common:common(//build/toolchain/linux:clang_x64)
[475/51034] ACTION //base:check_version_internal_action(//build/toolchain/linux:clang_x64)
[476/51034] ACTION //third_party/devtools-frontend/src/front_end/third_party/marked:devtools_entrypoint-bundle-bundle(//build/toolchain/linux:clang_x64)
[477/51034] ACTION //third_party/devtools-frontend/src/front_end/ui/components/input:devtools_entrypoint-bundle-bundle(//build/toolchain/linux:clang_x64)
[478/51034] ACTION //third_party/devtools-frontend/src/front_end/panels/common:devtools_entrypoint-bundle-copy(//build/toolchain/linux:clang_x64)
[479/51034] ACTION //third_party/devtools-frontend/src/front_end/ui/components/srgb_overlay:devtools_entrypoint-bundle-bundle(//build/toolchain/linux:clang_x64)
[480/51034] ACTION //third_party/devtools-frontend/src/front_end/ui/components/text_prompt:devtools_entrypoint-bundle-tsconfig(//build/toolchain/linux:clang_x64)
[481/51034] ACTION //base:clang_profiling_buildflags(//build/toolchain/linux:clang_x64)
[482/51034] ACTION //third_party/devtools-frontend/src/front_end/panels/common:devtools_entrypoint-bundle-tsconfig(//build/toolchain/linux:clang_x64)
[483/51034] ACTION //base:feature_list_buildflags(//build/toolchain/linux:clang_x64)
[484/51034] ACTION //base:fuzzing_buildflags(//build/toolchain/linux:clang_x64)
[485/51034] ACTION //base:ios_cronet_buildflags(//build/toolchain/linux:clang_x64)
[486/51034] ACTION //third_party/devtools-frontend/src/front_end/panels/common:devtools_entrypoint-bundle-bundle(//build/toolchain/linux:clang_x64)
[487/51034] ACTION //base:orderfile_buildflags(//build/toolchain/linux:clang_x64)
[488/51034] ACTION //third_party/devtools-frontend/src/front_end/panels/common:bundle(//build/toolchain/linux:clang_x64)
[489/51034] ACTION //base:power_monitor_buildflags(//build/toolchain/linux:clang_x64)
[490/51034] ACTION //base:memory_dump_provider_name_variants(//build/toolchain/linux:clang_x64)
[491/51034] ACTION //third_party/devtools-frontend/src/front_end/ui/components/text_editor:text_editor(//build/toolchain/linux:clang_x64)
[492/51034] ACTION //base:protected_memory_buildflags(//build/toolchain/linux:clang_x64)
[493/51034] ACTION //base:profiler_buildflags(//build/toolchain/linux:clang_x64)
[494/51034] ACTION //base:sanitizer_buildflags(//build/toolchain/linux:clang_x64)
[495/51034] ACTION //third_party/devtools-frontend/src/front_end/ui/components/text_editor:devtools_entrypoint-bundle-copy(//build/toolchain/linux:clang_x64)
[496/51034] ACTION //base:synchronization_buildflags(//build/toolchain/linux:clang_x64)
[497/51034] ACTION //base/allocator:buildflags(//build/toolchain/linux:clang_x64)
[498/51034] ACTION //third_party/devtools-frontend/src/front_end/ui/components/text_editor:devtools_entrypoint-bundle-tsconfig(//build/toolchain/linux:clang_x64)
[499/51034] CXX obj/base/third_party/double_conversion/double_conversion/bignum-dtoa.o
[500/51034] CXX obj/base/third_party/double_conversion/double_conversion/bignum.o
[501/51034] CXX obj/base/third_party/double_conversion/double_conversion/cached-powers.o
[502/51034] CXX obj/base/third_party/double_conversion/double_conversion/double-to-string.o
[503/51034] CXX obj/base/third_party/double_conversion/double_conversion/fast-dtoa.o
[504/51034] CXX obj/base/third_party/double_conversion/double_conversion/fixed-dtoa.o
[505/51034] CXX obj/base/third_party/double_conversion/double_conversion/string-to-double.o
[506/51034] CXX obj/base/third_party/double_conversion/double_conversion/strtod.o
[507/51034] CXX obj/base/third_party/symbolize/symbolize/symbolize.o
[508/51034] CXX obj/base/third_party/xdg_user_dirs/xdg_user_dirs/xdg_user_dir_lookup.o
[509/51034] ACTION //build:blink_buildflags(//build/toolchain/linux:clang_x64)
[510/51034] CXX obj/base/third_party/symbolize/symbolize/demangle.o
[511/51034] ACTION //build:branding_buildflags(//build/toolchain/linux:clang_x64)
[512/51034] ACTION //third_party/devtools-frontend/src/front_end/ui/components/text_editor:devtools_entrypoint-bundle-bundle(//build/toolchain/linux:clang_x64)
[513/51034] ACTION //build:chromecast_buildflags(//build/toolchain/linux:clang_x64)
[514/51034] ACTION //build:ios_buildflags(//build/toolchain/linux:clang_x64)
[515/51034] ACTION //build:robolectric_buildflags(//build/toolchain/linux:clang_x64)
[516/51034] ACTION //build/config/compiler:compiler_buildflags(//build/toolchain/linux:clang_x64)
[517/51034] RUST obj/third_party/rust/serde_json_lenient/v0_2/lib/libserde_json_lenient_lib.rlib obj/third_party/rust/serde_json_lenient/v0_2/lib/libserde_json_lenient_lib.rmeta obj/third_party/rust/serde_json_lenient/v0_2/lib.rustflags.json obj/third_party/rust/serde_json_lenient/v0_2/lib.rsp.rust
[518/51034] CXX obj/third_party/boringssl/boringssl/aes.o
[519/51034] ACTION //base/tracing/protos:chrome_track_event_gen(//build/toolchain/linux:clang_x64)
[520/51034] CXX obj/third_party/boringssl/boringssl/a_bitstr.o
[521/51034] CXX obj/third_party/boringssl/boringssl/a_bool.o
[522/51034] CXX obj/third_party/boringssl/boringssl/a_d2i_fp.o
[523/51034] CXX obj/third_party/boringssl/boringssl/a_dup.o
[524/51034] CXX obj/third_party/boringssl/boringssl/a_i2d_fp.o
[525/51034] CXX obj/third_party/boringssl/boringssl/a_gentm.o
[526/51034] CXX obj/third_party/boringssl/boringssl/a_int.o
[527/51034] CXX obj/third_party/boringssl/boringssl/a_mbstr.o
[528/51034] CXX obj/third_party/boringssl/boringssl/a_octet.o
[529/51034] CXX obj/third_party/boringssl/boringssl/a_object.o
[530/51034] CXX obj/third_party/boringssl/boringssl/a_strex.o
[531/51034] CXX obj/third_party/boringssl/boringssl/a_strnid.o
[532/51034] CXX obj/third_party/boringssl/boringssl/a_time.o
[533/51034] CXX obj/third_party/boringssl/boringssl/a_type.o
[534/51034] CXX obj/third_party/boringssl/boringssl/a_utctm.o
[535/51034] CXX obj/third_party/boringssl/boringssl/asn1_par.o
[536/51034] CXX obj/third_party/boringssl/boringssl/asn1_lib.o
[537/51034] CXX obj/third_party/boringssl/boringssl/asn_pack.o
[538/51034] CXX obj/third_party/boringssl/boringssl/f_int.o
[539/51034] CXX obj/third_party/boringssl/boringssl/f_string.o
[540/51034] CXX obj/third_party/boringssl/boringssl/posix_time.o
[541/51034] RUST(MACRO) clang_x64_for_rust_host_build_tools/libcxxbridge_macro_v1_lib.so clang_x64_for_rust_host_build_tools/obj/third_party/rust/cxxbridge_macro/v1/lib__proc_macro.rustflags.json clang_x64_for_rust_host_build_tools/obj/third_party/rust/cxxbridge_macro/v1/lib__proc_macro.rsp.rust
[542/51034] CXX obj/third_party/boringssl/boringssl/tasn_dec.o
[543/51034] CXX obj/third_party/boringssl/boringssl/tasn_enc.o
[544/51034] CXX obj/third_party/boringssl/boringssl/tasn_fre.o
[545/51034] CXX obj/third_party/boringssl/boringssl/tasn_new.o
[546/51034] CXX obj/third_party/boringssl/boringssl/tasn_typ.o
[547/51034] CXX obj/third_party/boringssl/boringssl/tasn_utl.o
[548/51034] CXX obj/third_party/boringssl/boringssl/base64.o
[549/51034] RUST obj/third_party/rust/cxx/v1/lib/libcxx_lib.rlib obj/third_party/rust/cxx/v1/lib/libcxx_lib.rmeta obj/third_party/rust/cxx/v1/lib.rustflags.json obj/third_party/rust/cxx/v1/lib.rsp.rust
[550/51034] AR obj/build/rust/libcxx_cppdeps.a
[551/51034] CXX obj/third_party/boringssl/boringssl/bio.o
[552/51034] CXX obj/third_party/boringssl/boringssl/bio_mem.o
[553/51034] CXX obj/third_party/boringssl/boringssl/connect.o
[554/51034] CXX obj/third_party/boringssl/boringssl/errno.o
[555/51034] CXX obj/third_party/boringssl/boringssl/fd.o
[556/51034] CXX obj/third_party/boringssl/boringssl/file.o
[557/51034] CXX obj/third_party/boringssl/boringssl/hexdump.o
[558/51034] CXX obj/third_party/boringssl/boringssl/pair.o
[559/51034] CXX obj/third_party/boringssl/boringssl/printf.o
[560/51034] CXX obj/third_party/boringssl/boringssl/socket.o
[561/51034] CXX obj/third_party/boringssl/boringssl/socket_helper.o
[562/51034] CXX obj/third_party/boringssl/boringssl/blake2.o
[563/51034] CXX obj/third_party/boringssl/boringssl/bn_asn1.o
[564/51034] CXX obj/third_party/boringssl/boringssl/div.o
[565/51034] CXX obj/third_party/boringssl/boringssl/convert.o
[566/51034] CXX obj/third_party/boringssl/boringssl/sqrt.o
[567/51034] CXX obj/third_party/boringssl/boringssl/exponentiation.o
[568/51034] CXX obj/third_party/boringssl/boringssl/buf.o
[569/51034] CXX obj/third_party/boringssl/boringssl/asn1_compat.o
[570/51034] CXX obj/third_party/boringssl/boringssl/ber.o
[571/51034] CXX obj/third_party/boringssl/boringssl/cbb.o
[572/51034] CXX obj/third_party/boringssl/boringssl/cbs.o
[573/51034] CXX obj/third_party/boringssl/boringssl/unicode.o
[574/51034] CXX obj/third_party/boringssl/boringssl/chacha.o
[575/51034] CXX obj/third_party/boringssl/boringssl/derive_key.o
[576/51034] CXX obj/third_party/boringssl/boringssl/e_aesctrhmac.o
[577/51034] CXX obj/third_party/boringssl/boringssl/e_aeseax.o
[578/51034] CXX obj/third_party/boringssl/boringssl/bcm.o
[579/51034] CXX obj/third_party/boringssl/boringssl/e_aesgcmsiv.o
[580/51034] CXX obj/third_party/boringssl/boringssl/e_chacha20poly1305.o
[581/51034] CXX obj/third_party/boringssl/boringssl/e_des.o
[582/51034] CXX obj/third_party/boringssl/boringssl/e_null.o
[583/51034] CXX obj/third_party/boringssl/boringssl/e_rc2.o
[584/51034] CXX obj/third_party/boringssl/boringssl/e_rc4.o
[585/51034] CXX obj/third_party/boringssl/boringssl/get_cipher.o
[586/51034] CXX obj/third_party/boringssl/boringssl/e_tls.o
[587/51034] CXX obj/third_party/boringssl/boringssl/tls_cbc.o
[588/51034] CXX obj/third_party/boringssl/boringssl/cpu_aarch64_apple.o
[589/51034] CXX obj/third_party/boringssl/boringssl/conf.o
[590/51034] CXX obj/third_party/boringssl/boringssl/cpu_aarch64_fuchsia.o
[591/51034] CXX obj/third_party/boringssl/boringssl/cpu_aarch64_linux.o
[592/51034] CXX obj/third_party/boringssl/boringssl/cms.o
[593/51034] CXX obj/third_party/boringssl/boringssl/cpu_aarch64_openbsd.o
[594/51034] CXX obj/third_party/boringssl/boringssl/cpu_aarch64_sysreg.o
[595/51034] CXX obj/third_party/boringssl/boringssl/cpu_aarch64_win.o
[596/51034] CXX obj/third_party/boringssl/boringssl/cpu_arm_freebsd.o
[597/51034] CXX obj/third_party/boringssl/boringssl/cpu_arm_linux.o
[598/51034] CXX obj/third_party/boringssl/boringssl/cpu_intel.o
[599/51034] CXX obj/third_party/boringssl/boringssl/crypto.o
[600/51034] CXX obj/third_party/boringssl/boringssl/curve25519_64_adx.o
[601/51034] CXX obj/third_party/boringssl/boringssl/curve25519.o
[602/51034] CXX obj/third_party/boringssl/boringssl/spake25519.o
[603/51034] CXX obj/third_party/boringssl/boringssl/des.o
[604/51034] CXX obj/third_party/boringssl/boringssl/dh_asn1.o
[605/51034] CXX obj/third_party/boringssl/boringssl/params.o
[606/51034] CXX obj/third_party/boringssl/boringssl/digest_extra.o
[607/51034] CXX obj/third_party/boringssl/boringssl/dsa.o
[608/51034] CXX obj/third_party/boringssl/boringssl/dsa_asn1.o
[609/51034] CXX obj/third_party/boringssl/boringssl/ec_derive.o
[610/51034] CXX obj/third_party/boringssl/boringssl/ec_asn1.o
[611/51034] CXX obj/third_party/boringssl/boringssl/hash_to_curve.o
[612/51034] CXX obj/third_party/boringssl/boringssl/ecdh.o
[613/51034] CXX obj/third_party/boringssl/boringssl/ecdsa_p1363.o
[614/51034] CXX obj/third_party/boringssl/boringssl/ecdsa_asn1.o
[615/51034] CXX obj/third_party/boringssl/boringssl/engine.o
[616/51034] CXX obj/third_party/boringssl/boringssl/err.o
[617/51034] CXX obj/third_party/boringssl/boringssl/evp.o
[618/51034] CXX obj/third_party/boringssl/boringssl/evp_ctx.o
[619/51034] CXX obj/third_party/boringssl/boringssl/evp_asn1.o
[620/51034] CXX obj/third_party/boringssl/boringssl/p_dh.o
[621/51034] CXX obj/third_party/boringssl/boringssl/p_dsa.o
[622/51034] RUST(BIN) clang_x64_for_rust_host_build_tools/cxxbridge clang_x64_for_rust_host_build_tools/obj/third_party/rust/cxxbridge_cmd/v1/cxxbridge.rustflags.json clang_x64_for_rust_host_build_tools/obj/third_party/rust/cxxbridge_cmd/v1/cxxbridge.rsp.rust
[623/51034] CXX obj/third_party/boringssl/boringssl/p_ec.o
[624/51034] CXX obj/third_party/boringssl/boringssl/p_ed25519.o
[625/51034] SOLINK ./libbase_allocator_partition_allocator_src_partition_alloc_raw_ptr.so
[626/51034] CXX obj/third_party/boringssl/boringssl/p_hkdf.o
[627/51034] CXX obj/third_party/boringssl/boringssl/p_rsa.o
[628/51034] CXX obj/third_party/boringssl/boringssl/p_mldsa.o
[629/51034] CXX obj/third_party/boringssl/boringssl/p_x25519.o
[630/51034] CXX obj/third_party/boringssl/boringssl/pbkdf.o
[631/51034] CXX obj/third_party/boringssl/boringssl/print.o
[632/51034] CXX obj/third_party/boringssl/boringssl/scrypt.o
[633/51034] CXX obj/third_party/boringssl/boringssl/sign.o
[634/51034] CXX obj/third_party/boringssl/boringssl/fips_shared_support.o
[635/51034] CXX obj/third_party/boringssl/boringssl/ex_data.o
[636/51034] CXX obj/third_party/boringssl/boringssl/fuzzer_mode.o
[637/51034] CXX obj/third_party/boringssl/boringssl/hpke.o
[638/51034] CXX obj/third_party/boringssl/boringssl/kyber.o
[639/51034] CXX obj/third_party/boringssl/boringssl/lhash.o
[640/51034] CXX obj/third_party/boringssl/boringssl/hrss.o
[641/51034] CXX obj/third_party/boringssl/boringssl/md4.o
[642/51034] CXX obj/third_party/boringssl/boringssl/md5.o
[643/51034] CXX obj/third_party/boringssl/boringssl/mem.o
[644/51034] CXX obj/third_party/boringssl/boringssl/mldsa.o
[645/51034] CXX obj/third_party/boringssl/boringssl/mlkem.o
[646/51034] CXX obj/third_party/boringssl/boringssl/obj_xref.o
[647/51034] CXX obj/third_party/boringssl/boringssl/obj.o
[648/51034] CXX obj/third_party/boringssl/boringssl/pem_all.o
[649/51034] CXX obj/third_party/boringssl/boringssl/pem_info.o
[650/51034] CXX obj/third_party/boringssl/boringssl/pem_oth.o
[651/51034] CXX obj/third_party/boringssl/boringssl/pem_lib.o
[652/51034] CXX obj/third_party/boringssl/boringssl/pem_pk8.o
[653/51034] CXX obj/third_party/boringssl/boringssl/pem_pkey.o
[654/51034] CXX obj/third_party/boringssl/boringssl/pem_x509.o
[655/51034] CXX obj/third_party/boringssl/boringssl/pem_xaux.o
[656/51034] CXX obj/third_party/boringssl/boringssl/pkcs7.o
[657/51034] CXX obj/third_party/boringssl/boringssl/pkcs7_x509.o
[658/51034] CXX obj/third_party/boringssl/boringssl/p5_pbev2.o
[659/51034] CXX obj/third_party/boringssl/boringssl/pkcs8.o
[660/51034] CXX obj/third_party/boringssl/boringssl/poly1305.o
[661/51034] CXX obj/third_party/boringssl/boringssl/poly1305_arm.o
[662/51034] CXX obj/third_party/boringssl/boringssl/pkcs8_x509.o
[663/51034] RUST(MACRO) clang_x64_for_rust_host_build_tools/libimport_attribute.so clang_x64_for_rust_host_build_tools/obj/build/rust/chromium_prelude/import_attribute__proc_macro.rustflags.json clang_x64_for_rust_host_build_tools/obj/build/rust/chromium_prelude/import_attribute__proc_macro.rsp.rust
[664/51034] CXX obj/third_party/boringssl/boringssl/deterministic.o
[665/51034] RUST obj/build/rust/chromium_prelude/libchromium.rlib obj/build/rust/chromium_prelude/libchromium.rmeta obj/build/rust/chromium_prelude/chromium_prelude.rustflags.json obj/build/rust/chromium_prelude/chromium_prelude.rsp.rust
[666/51034] CXX obj/third_party/boringssl/boringssl/poly1305_vec.o
[667/51034] CXX obj/third_party/boringssl/boringssl/pool.o
[668/51034] CXX obj/third_party/boringssl/boringssl/fork_detect.o
[669/51034] CXX obj/third_party/boringssl/boringssl/getentropy.o
[670/51034] CXX obj/third_party/boringssl/boringssl/ios.o
[671/51034] CXX obj/third_party/boringssl/boringssl/forkunsafe.o
[672/51034] CXX obj/third_party/boringssl/boringssl/passive.o
[673/51034] CXX obj/third_party/boringssl/boringssl/rand.o
[674/51034] CXX obj/third_party/boringssl/boringssl/trusty.o
[675/51034] CXX obj/third_party/boringssl/boringssl/rc4.o
[676/51034] CXX obj/third_party/boringssl/boringssl/windows.o
[677/51034] CXX obj/third_party/boringssl/boringssl/urandom.o
[678/51034] CXX obj/third_party/boringssl/boringssl/refcount.o
[679/51034] CXX obj/third_party/boringssl/boringssl/rsa_extra.o
[680/51034] CXX obj/third_party/boringssl/boringssl/rsa_print.o
[681/51034] CXX obj/third_party/boringssl/boringssl/rsa_crypt.o
[682/51034] CXX obj/third_party/boringssl/boringssl/sha1.o
[683/51034] CXX obj/third_party/boringssl/boringssl/sha256.o
[684/51034] CXX obj/third_party/boringssl/boringssl/rsa_asn1.o
[685/51034] CXX obj/third_party/boringssl/boringssl/sha512.o
[686/51034] CXX obj/third_party/boringssl/boringssl/siphash.o
[687/51034] CXX obj/third_party/boringssl/boringssl/slhdsa.o
[688/51034] CXX obj/third_party/boringssl/boringssl/thread.o
[689/51034] CXX obj/third_party/boringssl/boringssl/spake2plus.o
[690/51034] CXX obj/third_party/boringssl/boringssl/thread_none.o
[691/51034] CXX obj/third_party/boringssl/boringssl/stack.o
[692/51034] CXX obj/third_party/boringssl/boringssl/thread_pthread.o
[693/51034] CXX obj/third_party/boringssl/boringssl/thread_win.o
[694/51034] CXX obj/third_party/boringssl/boringssl/trust_token.o
[695/51034] CXX obj/third_party/boringssl/boringssl/pmbtoken.o
[696/51034] CXX obj/third_party/boringssl/boringssl/voprf.o
[697/51034] CXX obj/third_party/boringssl/boringssl/a_digest.o
[698/51034] CXX obj/third_party/boringssl/boringssl/a_verify.o
[699/51034] CXX obj/third_party/boringssl/boringssl/a_sign.o
[700/51034] CXX obj/third_party/boringssl/boringssl/algorithm.o
[701/51034] CXX obj/third_party/boringssl/boringssl/asn1_gen.o
[702/51034] CXX obj/third_party/boringssl/boringssl/i2d_pr.o
[703/51034] CXX obj/third_party/boringssl/boringssl/by_dir.o
[704/51034] CXX obj/third_party/boringssl/boringssl/by_file.o
[705/51034] CXX obj/third_party/boringssl/boringssl/name_print.o
[706/51034] CXX obj/third_party/boringssl/boringssl/policy.o
[707/51034] CXX obj/third_party/boringssl/boringssl/t_crl.o
[708/51034] CXX obj/third_party/boringssl/boringssl/rsa_pss.o
[709/51034] CXX obj/third_party/boringssl/boringssl/t_req.o
[710/51034] CXX obj/third_party/boringssl/boringssl/t_x509.o
[711/51034] CXX obj/third_party/boringssl/boringssl/t_x509a.o
[712/51034] CXX obj/third_party/boringssl/boringssl/v3_akey.o
[713/51034] CXX obj/third_party/boringssl/boringssl/v3_akeya.o
[714/51034] CXX obj/third_party/boringssl/boringssl/v3_alt.o
[715/51034] CXX obj/third_party/boringssl/boringssl/v3_bcons.o
[716/51034] CXX obj/third_party/boringssl/boringssl/v3_bitst.o
[717/51034] CXX obj/third_party/boringssl/boringssl/v3_conf.o
[718/51034] CXX obj/third_party/boringssl/boringssl/v3_cpols.o
[719/51034] CXX obj/third_party/boringssl/boringssl/v3_crld.o
[720/51034] CXX obj/third_party/boringssl/boringssl/v3_enum.o
[721/51034] CXX obj/third_party/boringssl/boringssl/v3_extku.o
[722/51034] CXX obj/third_party/boringssl/boringssl/v3_ia5.o
[723/51034] CXX obj/third_party/boringssl/boringssl/v3_genn.o
[724/51034] CXX obj/third_party/boringssl/boringssl/v3_info.o
[725/51034] CXX obj/third_party/boringssl/boringssl/v3_int.o
[726/51034] CXX obj/third_party/boringssl/boringssl/v3_lib.o
[727/51034] CXX obj/third_party/boringssl/boringssl/v3_ncons.o
[728/51034] CXX obj/third_party/boringssl/boringssl/v3_ocsp.o
[729/51034] CXX obj/third_party/boringssl/boringssl/v3_pcons.o
[730/51034] CXX obj/third_party/boringssl/boringssl/v3_prn.o
[731/51034] CXX obj/third_party/boringssl/boringssl/v3_pmaps.o
[732/51034] CXX obj/third_party/boringssl/boringssl/v3_purp.o
[733/51034] CXX obj/third_party/boringssl/boringssl/v3_skey.o
[734/51034] CXX obj/third_party/boringssl/boringssl/x509.o
[735/51034] CXX obj/third_party/boringssl/boringssl/v3_utl.o
[736/51034] CXX obj/third_party/boringssl/boringssl/x509_att.o
[737/51034] CXX obj/third_party/boringssl/boringssl/x509_cmp.o
[738/51034] CXX obj/third_party/boringssl/boringssl/x509_d2.o
[739/51034] CXX obj/third_party/boringssl/boringssl/x509_def.o
[740/51034] CXX obj/third_party/boringssl/boringssl/x509_ext.o
[741/51034] CXX obj/third_party/boringssl/boringssl/x509_obj.o
[742/51034] CXX obj/third_party/boringssl/boringssl/x509_lu.o
[743/51034] CXX obj/third_party/boringssl/boringssl/x509_req.o
[744/51034] CXX obj/third_party/boringssl/boringssl/x509_set.o
[745/51034] CXX obj/third_party/boringssl/boringssl/x509_txt.o
[746/51034] CXX obj/third_party/boringssl/boringssl/x509_trs.o
[747/51034] CXX obj/third_party/boringssl/boringssl/x509_v3.o
[748/51034] CXX obj/third_party/boringssl/boringssl/x509_vfy.o
[749/51034] CXX obj/third_party/boringssl/boringssl/x509_vpm.o
[750/51034] CXX obj/third_party/boringssl/boringssl/x509cset.o
[751/51034] CXX obj/third_party/boringssl/boringssl/x509name.o
[752/51034] CXX obj/third_party/boringssl/boringssl/x509spki.o
[753/51034] CXX obj/third_party/boringssl/boringssl/x509rset.o
[754/51034] CXX obj/third_party/boringssl/boringssl/x_algor.o
[755/51034] CXX obj/third_party/boringssl/boringssl/x_all.o
[756/51034] CXX obj/third_party/boringssl/boringssl/x_attrib.o
[757/51034] CXX obj/third_party/boringssl/boringssl/x_crl.o
[758/51034] CXX obj/third_party/boringssl/boringssl/x_exten.o
[759/51034] CXX obj/third_party/boringssl/boringssl/x_req.o
[760/51034] CXX obj/third_party/boringssl/boringssl/x_name.o
[761/51034] CXX obj/third_party/boringssl/boringssl/x_pubkey.o
[762/51034] CXX obj/third_party/boringssl/boringssl/x_sig.o
[763/51034] CXX obj/third_party/boringssl/boringssl/xwing.o
[764/51034] CXX obj/third_party/boringssl/boringssl/x_spki.o
[765/51034] CXX obj/third_party/boringssl/boringssl/err_data.o
[766/51034] CXX obj/third_party/boringssl/boringssl/x_x509a.o
[767/51034] CXX obj/third_party/boringssl/boringssl/x_x509.o
[768/51034] CXX obj/third_party/boringssl/boringssl/bio_ssl.o
[769/51034] CXX obj/third_party/boringssl/boringssl/d1_pkt.o
[770/51034] CXX obj/third_party/boringssl/boringssl/d1_lib.o
[771/51034] CXX obj/third_party/boringssl/boringssl/d1_both.o
[772/51034] CXX obj/third_party/boringssl/boringssl/d1_srtp.o
[773/51034] CXX obj/third_party/boringssl/boringssl/dtls_method.o
[774/51034] CXX obj/third_party/boringssl/boringssl/dtls_record.o
[775/51034] CXX obj/third_party/boringssl/boringssl/encrypted_client_hello.o
[776/51034] CXX obj/third_party/boringssl/boringssl/handoff.o
[777/51034] CXX obj/third_party/boringssl/boringssl/handshake.o
[778/51034] CXX obj/third_party/boringssl/boringssl/extensions.o
[779/51034] CXX obj/third_party/boringssl/boringssl/handshake_client.o
[780/51034] CXX obj/third_party/boringssl/boringssl/s3_both.o
[781/51034] CXX obj/third_party/boringssl/boringssl/handshake_server.o
[782/51034] CXX obj/third_party/boringssl/boringssl/s3_lib.o
[783/51034] CXX obj/third_party/boringssl/boringssl/s3_pkt.o
[784/51034] CXX obj/third_party/boringssl/boringssl/ssl_aead_ctx.o
[785/51034] CXX obj/third_party/boringssl/boringssl/ssl_asn1.o
[786/51034] CXX obj/third_party/boringssl/boringssl/ssl_buffer.o
[787/51034] CXX obj/third_party/boringssl/boringssl/ssl_cert.o
[788/51034] CXX obj/third_party/boringssl/boringssl/ssl_cipher.o
[789/51034] CXX obj/third_party/boringssl/boringssl/ssl_file.o
[790/51034] CXX obj/third_party/boringssl/boringssl/ssl_credential.o
[791/51034] CXX obj/third_party/boringssl/boringssl/ssl_key_share.o
[792/51034] CXX obj/third_party/boringssl/boringssl/ssl_privkey.o
[793/51034] CXX obj/third_party/boringssl/boringssl/ssl_session.o
[794/51034] CXX obj/third_party/boringssl/boringssl/ssl_stat.o
[795/51034] CXX obj/third_party/boringssl/boringssl/ssl_lib.o
[796/51034] CXX obj/third_party/boringssl/boringssl/ssl_transcript.o
[797/51034] CXX obj/third_party/boringssl/boringssl/ssl_versions.o
[798/51034] CXX obj/third_party/boringssl/boringssl/ssl_x509.o
[799/51034] CXX obj/third_party/boringssl/boringssl/t1_enc.o
[800/51034] CXX obj/third_party/boringssl/boringssl/tls13_both.o
[801/51034] CXX obj/third_party/boringssl/boringssl/tls13_client.o
[802/51034] CXX obj/third_party/boringssl/boringssl/tls13_enc.o
[803/51034] CXX obj/third_party/boringssl/boringssl/cert_error_id.o
[804/51034] CXX obj/third_party/boringssl/boringssl/tls_method.o
[805/51034] CXX obj/third_party/boringssl/boringssl/tls13_server.o
[806/51034] CXX obj/third_party/boringssl/boringssl/cert_error_params.o
[807/51034] CXX obj/third_party/boringssl/boringssl/tls_record.o
[808/51034] CXX obj/third_party/boringssl/boringssl/certificate.o
[809/51034] CXX obj/third_party/boringssl/boringssl/cert_errors.o
[810/51034] CXX obj/third_party/boringssl/boringssl/cert_issuer_source_static.o
[811/51034] CXX obj/third_party/boringssl/boringssl/encode_values.o
[812/51034] CXX obj/third_party/boringssl/boringssl/certificate_policies.o
[813/51034] CXX obj/third_party/boringssl/boringssl/common_cert_errors.o
[814/51034] CXX obj/third_party/boringssl/boringssl/extended_key_usage.o
[815/51034] CXX obj/third_party/boringssl/boringssl/input.o
[816/51034] CXX obj/third_party/boringssl/boringssl/ip_util.o
[817/51034] CXX obj/third_party/boringssl/boringssl/general_names.o
[818/51034] CXX obj/third_party/boringssl/boringssl/crl.o
[819/51034] CXX obj/third_party/boringssl/boringssl/merkle_tree.o
[820/51034] CXX obj/third_party/boringssl/boringssl/name_constraints.o
[821/51034] CXX obj/third_party/boringssl/boringssl/ocsp.o
[822/51034] CXX obj/third_party/boringssl/boringssl/parse_certificate.o
[823/51034] CXX obj/third_party/boringssl/boringssl/parse_name.o
[824/51034] CXX obj/third_party/boringssl/boringssl/parse_values.o
[825/51034] CXX obj/third_party/boringssl/boringssl/parser.o
[826/51034] CXX obj/third_party/boringssl/boringssl/revocation_util.o
[827/51034] CXX obj/third_party/boringssl/boringssl/parsed_certificate.o
[828/51034] CXX obj/third_party/boringssl/boringssl/signature_algorithm.o
[829/51034] CXX obj/third_party/boringssl/boringssl/pem.o
[830/51034] CXX obj/third_party/boringssl/boringssl/simple_path_builder_delegate.o
[831/51034] CXX obj/third_party/boringssl/boringssl/string_util.o
[832/51034] CXX obj/third_party/boringssl/boringssl/trust_store.o
[833/51034] CXX obj/third_party/boringssl/boringssl/trust_store_collection.o
[834/51034] CXX obj/third_party/boringssl/boringssl/path_builder.o
[835/51034] CXX obj/third_party/boringssl/boringssl/verify_error.o
[836/51034] CXX obj/third_party/boringssl/boringssl/trust_store_in_memory.o
[837/51034] CXX obj/third_party/boringssl/boringssl/verify.o
[838/51034] CXX obj/third_party/boringssl/boringssl/verify_name_match.o
[839/51034] CXX obj/third_party/boringssl/boringssl/verify_signed_data.o
[840/51034] ASM obj/third_party/boringssl/boringssl_asm/aes-gcm-avx2-x86_64-apple.o
[841/51034] ASM obj/third_party/boringssl/boringssl_asm/aes-gcm-avx512-x86_64-apple.o
[842/51034] ASM obj/third_party/boringssl/boringssl_asm/aes-gcm-avx2-x86_64-linux.o
[843/51034] ASM obj/third_party/boringssl/boringssl_asm/aesni-gcm-x86_64-apple.o
[844/51034] ASM obj/third_party/boringssl/boringssl_asm/aes-gcm-avx512-x86_64-linux.o
[845/51034] ASM obj/third_party/boringssl/boringssl_asm/aesni-x86-apple.o
[846/51034] ASM obj/third_party/boringssl/boringssl_asm/aesni-x86-linux.o
[847/51034] ASM obj/third_party/boringssl/boringssl_asm/aesni-gcm-x86_64-linux.o
[848/51034] ASM obj/third_party/boringssl/boringssl_asm/aesni-x86_64-apple.o
[849/51034] ASM obj/third_party/boringssl/boringssl_asm/aesni-x86_64-linux.o
[850/51034] ASM obj/third_party/boringssl/boringssl_asm/aesv8-armv7-linux.o
[851/51034] ASM obj/third_party/boringssl/boringssl_asm/aesv8-armv8-apple.o
[852/51034] ASM obj/third_party/boringssl/boringssl_asm/aesv8-armv8-linux.o
[853/51034] ASM obj/third_party/boringssl/boringssl_asm/aesv8-gcm-armv8-linux.o
[854/51034] ASM obj/third_party/boringssl/boringssl_asm/aesv8-armv8-win.o
[855/51034] ASM obj/third_party/boringssl/boringssl_asm/aesv8-gcm-armv8-apple.o
[856/51034] CXX obj/third_party/boringssl/boringssl/verify_certificate_chain.o
[857/51034] ASM obj/third_party/boringssl/boringssl_asm/armv8-mont-apple.o
[858/51034] ASM obj/third_party/boringssl/boringssl_asm/armv4-mont-linux.o
[859/51034] ASM obj/third_party/boringssl/boringssl_asm/aesv8-gcm-armv8-win.o
[860/51034] ASM obj/third_party/boringssl/boringssl_asm/armv8-mont-linux.o
[861/51034] ASM obj/third_party/boringssl/boringssl_asm/bn-586-apple.o
[862/51034] ASM obj/third_party/boringssl/boringssl_asm/armv8-mont-win.o
[863/51034] ASM obj/third_party/boringssl/boringssl_asm/bn-586-linux.o
[864/51034] ASM obj/third_party/boringssl/boringssl_asm/bn-armv8-apple.o
[865/51034] ASM obj/third_party/boringssl/boringssl_asm/bn-armv8-linux.o
[866/51034] ASM obj/third_party/boringssl/boringssl_asm/bn-armv8-win.o
[867/51034] ASM obj/third_party/boringssl/boringssl_asm/bsaes-armv7-linux.o
[868/51034] ASM obj/third_party/boringssl/boringssl_asm/co-586-apple.o
[869/51034] ASM obj/third_party/boringssl/boringssl_asm/co-586-linux.o
[870/51034] ASM obj/third_party/boringssl/boringssl_asm/ghash-armv4-linux.o
[871/51034] ASM obj/third_party/boringssl/boringssl_asm/ghash-neon-armv8-apple.o
[872/51034] ASM obj/third_party/boringssl/boringssl_asm/ghash-neon-armv8-linux.o
[873/51034] ASM obj/third_party/boringssl/boringssl_asm/ghash-neon-armv8-win.o
[874/51034] ASM obj/third_party/boringssl/boringssl_asm/ghash-ssse3-x86-apple.o
[875/51034] ASM obj/third_party/boringssl/boringssl_asm/ghash-ssse3-x86-linux.o
[876/51034] ASM obj/third_party/boringssl/boringssl_asm/ghash-ssse3-x86_64-apple.o
[877/51034] ASM obj/third_party/boringssl/boringssl_asm/ghash-ssse3-x86_64-linux.o
[878/51034] ASM obj/third_party/boringssl/boringssl_asm/ghash-x86-apple.o
[879/51034] ASM obj/third_party/boringssl/boringssl_asm/ghash-x86-linux.o
[880/51034] ASM obj/third_party/boringssl/boringssl_asm/ghash-x86_64-apple.o
[881/51034] ASM obj/third_party/boringssl/boringssl_asm/ghash-x86_64-linux.o
[882/51034] ASM obj/third_party/boringssl/boringssl_asm/ghashv8-armv7-linux.o
[883/51034] ASM obj/third_party/boringssl/boringssl_asm/ghashv8-armv8-apple.o
[884/51034] ASM obj/third_party/boringssl/boringssl_asm/ghashv8-armv8-linux.o
[885/51034] ASM obj/third_party/boringssl/boringssl_asm/ghashv8-armv8-win.o
[886/51034] ASM obj/third_party/boringssl/boringssl_asm/p256-armv8-asm-linux.o
[887/51034] ASM obj/third_party/boringssl/boringssl_asm/p256-armv8-asm-apple.o
[888/51034] ASM obj/third_party/boringssl/boringssl_asm/p256-armv8-asm-win.o
[889/51034] ASM obj/third_party/boringssl/boringssl_asm/p256-x86_64-asm-apple.o
[890/51034] ASM obj/third_party/boringssl/boringssl_asm/p256-x86_64-asm-linux.o
[891/51034] ASM obj/third_party/boringssl/boringssl_asm/p256_beeu-armv8-asm-apple.o
[892/51034] ASM obj/third_party/boringssl/boringssl_asm/p256_beeu-armv8-asm-linux.o
[893/51034] ASM obj/third_party/boringssl/boringssl_asm/p256_beeu-armv8-asm-win.o
[894/51034] ASM obj/third_party/boringssl/boringssl_asm/p256_beeu-x86_64-asm-apple.o
[895/51034] ASM obj/third_party/boringssl/boringssl_asm/rdrand-x86_64-apple.o
[896/51034] ASM obj/third_party/boringssl/boringssl_asm/p256_beeu-x86_64-asm-linux.o
[897/51034] ASM obj/third_party/boringssl/boringssl_asm/rsaz-avx2-apple.o
[898/51034] ASM obj/third_party/boringssl/boringssl_asm/rdrand-x86_64-linux.o
[899/51034] ASM obj/third_party/boringssl/boringssl_asm/rsaz-avx2-linux.o
[900/51034] ASM obj/third_party/boringssl/boringssl_asm/sha1-586-linux.o
[901/51034] ASM obj/third_party/boringssl/boringssl_asm/sha1-armv4-large-linux.o
[902/51034] ASM obj/third_party/boringssl/boringssl_asm/sha1-armv8-apple.o
[903/51034] ASM obj/third_party/boringssl/boringssl_asm/sha1-586-apple.o
[904/51034] ASM obj/third_party/boringssl/boringssl_asm/sha1-armv8-linux.o
[905/51034] ASM obj/third_party/boringssl/boringssl_asm/sha1-armv8-win.o
[906/51034] ASM obj/third_party/boringssl/boringssl_asm/sha256-586-apple.o
[907/51034] ASM obj/third_party/boringssl/boringssl_asm/sha1-x86_64-linux.o
[908/51034] ASM obj/third_party/boringssl/boringssl_asm/sha1-x86_64-apple.o
[909/51034] ASM obj/third_party/boringssl/boringssl_asm/sha256-586-linux.o
[910/51034] ASM obj/third_party/boringssl/boringssl_asm/sha256-armv4-linux.o
[911/51034] ASM obj/third_party/boringssl/boringssl_asm/sha256-armv8-apple.o
[912/51034] ASM obj/third_party/boringssl/boringssl_asm/sha256-armv8-linux.o
[913/51034] ASM obj/third_party/boringssl/boringssl_asm/sha256-armv8-win.o
[914/51034] ASM obj/third_party/boringssl/boringssl_asm/sha256-x86_64-apple.o
[915/51034] ASM obj/third_party/boringssl/boringssl_asm/sha512-586-apple.o
[916/51034] ASM obj/third_party/boringssl/boringssl_asm/sha256-x86_64-linux.o
[917/51034] ASM obj/third_party/boringssl/boringssl_asm/sha512-586-linux.o
[918/51034] ASM obj/third_party/boringssl/boringssl_asm/sha512-armv4-linux.o
[919/51034] ASM obj/third_party/boringssl/boringssl_asm/sha512-armv8-apple.o
[920/51034] ASM obj/third_party/boringssl/boringssl_asm/sha512-armv8-win.o
[921/51034] ASM obj/third_party/boringssl/boringssl_asm/sha512-armv8-linux.o
[922/51034] ASM obj/third_party/boringssl/boringssl_asm/sha512-x86_64-apple.o
[923/51034] ASM obj/third_party/boringssl/boringssl_asm/vpaes-armv8-apple.o
[924/51034] ASM obj/third_party/boringssl/boringssl_asm/sha512-x86_64-linux.o
[925/51034] ASM obj/third_party/boringssl/boringssl_asm/vpaes-armv8-linux.o
[926/51034] ASM obj/third_party/boringssl/boringssl_asm/vpaes-armv7-linux.o
[927/51034] ASM obj/third_party/boringssl/boringssl_asm/vpaes-armv8-win.o
[928/51034] ASM obj/third_party/boringssl/boringssl_asm/vpaes-x86-apple.o
[929/51034] ASM obj/third_party/boringssl/boringssl_asm/vpaes-x86-linux.o
[930/51034] ASM obj/third_party/boringssl/boringssl_asm/vpaes-x86_64-apple.o
[931/51034] ASM obj/third_party/boringssl/boringssl_asm/x86-mont-apple.o
[932/51034] ASM obj/third_party/boringssl/boringssl_asm/vpaes-x86_64-linux.o
[933/51034] ASM obj/third_party/boringssl/boringssl_asm/x86-mont-linux.o
[934/51034] ASM obj/third_party/boringssl/boringssl_asm/x86_64-mont-apple.o
[935/51034] ASM obj/third_party/boringssl/boringssl_asm/x86_64-mont5-apple.o
[936/51034] ASM obj/third_party/boringssl/boringssl_asm/x86_64-mont-linux.o
[937/51034] ASM obj/third_party/boringssl/boringssl_asm/fiat_p256_adx_mul.o
[938/51034] ASM obj/third_party/boringssl/boringssl_asm/fiat_p256_adx_sqr.o
[939/51034] ASM obj/third_party/boringssl/boringssl_asm/x25519-asm-arm.o
[940/51034] ASM obj/third_party/boringssl/boringssl_asm/x86_64-mont5-linux.o
[941/51034] ASM obj/third_party/boringssl/boringssl_asm/aes128gcmsiv-x86_64-apple.o
[942/51034] ASM obj/third_party/boringssl/boringssl_asm/poly1305_arm_asm.o
[943/51034] ASM obj/third_party/boringssl/boringssl_asm/chacha-armv8-apple.o
[944/51034] ASM obj/third_party/boringssl/boringssl_asm/poly_rq_mul.o
[945/51034] ASM obj/third_party/boringssl/boringssl_asm/chacha-armv4-linux.o
[946/51034] ASM obj/third_party/boringssl/boringssl_asm/aes128gcmsiv-x86_64-linux.o
[947/51034] ASM obj/third_party/boringssl/boringssl_asm/chacha-x86-apple.o
[948/51034] ASM obj/third_party/boringssl/boringssl_asm/chacha-armv8-linux.o
[949/51034] ASM obj/third_party/boringssl/boringssl_asm/chacha-armv8-win.o
[950/51034] ASM obj/third_party/boringssl/boringssl_asm/chacha-x86-linux.o
[951/51034] ASM obj/third_party/boringssl/boringssl_asm/chacha20_poly1305_armv8-linux.o
[952/51034] ASM obj/third_party/boringssl/boringssl_asm/chacha20_poly1305_armv8-apple.o
[953/51034] ASM obj/third_party/boringssl/boringssl_asm/chacha-x86_64-apple.o
[954/51034] ASM obj/third_party/boringssl/boringssl_asm/chacha-x86_64-linux.o
[955/51034] ASM obj/third_party/boringssl/boringssl_asm/chacha20_poly1305_x86_64-apple.o
[956/51034] ASM obj/third_party/boringssl/boringssl_asm/md5-586-apple.o
[957/51034] ASM obj/third_party/boringssl/boringssl_asm/chacha20_poly1305_armv8-win.o
[958/51034] ASM obj/third_party/boringssl/boringssl_asm/md5-586-linux.o
[959/51034] ASM obj/third_party/boringssl/boringssl_asm/md5-x86_64-apple.o
[960/51034] ASM obj/third_party/boringssl/boringssl_asm/chacha20_poly1305_x86_64-linux.o
[961/51034] ASM obj/third_party/boringssl/boringssl_asm/md5-x86_64-linux.o
[962/51034] ASM obj/third_party/boringssl/boringssl_asm/fiat_curve25519_adx_square.o
[963/51034] ASM obj/third_party/boringssl/boringssl_asm/fiat_curve25519_adx_mul.o
[964/51034] CXX obj/third_party/modp_b64/modp_b64/modp_b64.o
[965/51034] AR obj/base/libbase_static.a
[966/51034] ACTION //third_party/devtools-frontend/src/front_end/models/issues_manager:descriptions(//build/toolchain/linux:clang_x64)
[967/51034] CXX obj/base/simdutf_shim/simdutf_shim.o
[968/51034] ACTION //base:rust_logger_cxx_generated_gen(//build/toolchain/linux:clang_x64)
[969/51034] CXX obj/base/dwarf_helpers/buffered_dwarf_reader.o
[970/51034] ACTION //third_party/rust/serde_json_lenient/v0_2/wrapper:wrapper_cxx_generated_gen(//build/toolchain/linux:clang_x64)
[971/51034] CXX obj/base/third_party/cityhash/cityhash/city.o
[972/51034] ACTION //third_party/devtools-frontend/src/front_end/third_party/marked:bundle(//build/toolchain/linux:clang_x64)
[973/51034] CXX obj/third_party/rust/serde_json_lenient/v0_2/wrapper/wrapper_cxx_generated/lib.rs.o
[974/51034] AR obj/third_party/rust/serde_json_lenient/v0_2/wrapper/libwrapper_cxx_generated.a
[975/51034] CXX obj/base/rust_logger_cxx_generated/rust_logger.rs.o
[976/51034] AR obj/base/librust_logger_cxx_generated.a
[977/51034] ACTION //third_party/devtools-frontend/src/front_end/ui/components/input:bundle(//build/toolchain/linux:clang_x64)
[978/51034] ACTION //third_party/devtools-frontend/src/front_end/ui/components/srgb_overlay:bundle(//build/toolchain/linux:clang_x64)
[979/51034] CXX obj/base/third_party/cityhash_v103/cityhash_v103/city_v103.o
[980/51034] AR obj/base/third_party/double_conversion/libdouble_conversion.a
[981/51034] CXX obj/base/dwarf_helpers/dwarf_line_no.o
[982/51034] AR obj/base/third_party/symbolize/libsymbolize.a
[983/51034] AR obj/base/third_party/xdg_user_dirs/libxdg_user_dirs.a
[984/51034] ACTION //third_party/devtools-frontend/src/front_end/ui/components/text_editor:bundle(//build/toolchain/linux:clang_x64)
[985/51034] CXX obj/base/tracing/protos/chrome_track_event_zero/chrome_enums.pbzero.o
[986/51034] RUST obj/base/librust_logger_40cec81c.rlib obj/base/librust_logger_40cec81c.rmeta obj/base/rust_logger.rustflags.json obj/base/rust_logger.rsp.rust
[987/51034] CXX obj/base/tracing/protos/chrome_track_event_zero/chrome_track_event.pbzero.o
[988/51034] ACTION //third_party/devtools-frontend/src/front_end/ui/components/text_prompt:devtools_entrypoint-bundle-bundle(//build/toolchain/linux:clang_x64)
[989/51034] CXX obj/base/base/allocator_check.o
[990/51034] CC obj/base/third_party/superfasthash/superfasthash/superfasthash.o
[991/51034] CXX obj/base/base/dispatch_data.o
[992/51034] CXX obj/base/base/dispatcher.o
[993/51034] CXX obj/base/base/reentry_guard.o
[994/51034] CXX obj/base/base/tls.o
[995/51034] CXX obj/base/base/atomicops.o
[996/51034] CXX obj/base/base/barrier_closure.o
[997/51034] CXX obj/base/base/at_exit.o
[998/51034] CXX obj/base/base/base64url.o
[999/51034] CXX obj/base/base/byte_count.o
[1000/51034] CXX obj/base/base/callback_list.o
[1001/51034] CXX obj/base/base/check.o
[1002/51034] CXX obj/base/base/check_is_test.o
[1003/51034] CXX obj/base/base/byte_size.o
[1004/51034] CXX obj/base/base/base64.o
[1005/51034] CXX obj/base/base/intrusive_heap.o
[1006/51034] CXX obj/base/base/alias.o
[1007/51034] CXX obj/base/base/linked_list.o
[1008/51034] CXX obj/base/base/asan_service.o
[1009/51034] CXX obj/base/base/asan_invalid_access.o
[1010/51034] CXX obj/base/base/check_op.o
[1011/51034] CXX obj/base/base/profiler.o
[1012/51034] CXX obj/base/base/debugger.o
[1013/51034] CXX obj/base/base/environment.o
[1014/51034] CXX obj/base/base/command_line.o
[1015/51034] CXX obj/base/base/task_trace.o
[1016/51034] CXX obj/base/base/dump_without_crashing.o
[1017/51034] CXX obj/base/base/block_tests_writing_to_special_dirs.o
[1018/51034] CXX obj/base/base/file.o
[1019/51034] CXX obj/base/base/features.o
[1020/51034] CXX obj/base/base/feature_list.o
[1021/51034] CXX obj/base/base/safe_base_name.o
[1022/51034] CXX obj/base/base/scoped_file.o
[1023/51034] CXX obj/base/base/memory_mapped_file.o
[1024/51034] CXX obj/base/base/file_path.o
[1025/51034] CXX obj/base/base/callback_helpers.o
[1026/51034] CXX obj/base/base/callback_internal.o
[1027/51034] CXX obj/base/base/file_tracing.o
[1028/51034] CXX obj/base/base/legacy_hash.o
[1029/51034] CXX obj/base/base/hash.o
[1030/51034] CXX obj/base/base/concurrent_closures.o
[1031/51034] CXX obj/base/base/json_value_converter.o
[1032/51034] CXX obj/base/base/json_string_value_serializer.o
[1033/51034] CXX obj/base/base/json_writer.o
[1034/51034] CXX obj/base/base/string_escape.o
[1035/51034] CXX obj/base/base/json_reader.o
[1036/51034] CXX obj/base/base/lazy_instance_helpers.o
[1037/51034] CXX obj/base/base/values_util.o
[1038/51034] CXX obj/base/base/advanced_memory_safety_checks.o
[1039/51034] CXX obj/base/base/linux_util.o
[1040/51034] CXX obj/base/base/aligned_memory.o
[1041/51034] CXX obj/base/base/location.o
[1042/51034] CXX obj/base/base/available_memory_monitor.o
[1043/51034] CXX obj/base/base/platform_shared_memory_handle.o
[1044/51034] CXX obj/base/base/logging.o
[1045/51034] CXX obj/base/base/post_delayed_memory_reduction_task.o
[1046/51034] CXX obj/base/base/memory_pressure_listener.o
[1047/51034] CXX obj/base/base/platform_shared_memory_region.o
[1048/51034] CXX obj/base/base/ref_counted.o
[1049/51034] CXX obj/base/base/memory_pressure_listener_registry.o
[1050/51034] CXX obj/base/base/shared_memory_mapper.o
[1051/51034] CXX obj/base/base/read_only_shared_memory_region.o
[1052/51034] CXX obj/base/base/safety_checks.o
[1053/51034] CXX obj/base/base/shared_memory_security_policy.o
[1054/51034] CXX obj/base/base/shared_memory_mapping.o
[1055/51034] CXX obj/base/base/ref_counted_memory.o
[1056/51034] CXX obj/base/base/weak_ptr.o
[1057/51034] CXX obj/base/base/unsafe_shared_memory_pool.o
[1058/51034] CXX obj/base/base/unsafe_shared_memory_region.o
[1059/51034] CXX obj/base/base/memory_consumer.o
[1060/51034] CXX obj/base/base/writable_shared_memory_region.o
[1061/51034] CXX obj/base/base/async_memory_consumer_registration.o
[1062/51034] CXX obj/base/base/shared_memory_tracker.o
[1063/51034] CXX obj/base/base/memory_coordinator_features.o
[1064/51034] CXX obj/base/base/memory_consumer_registry.o
[1065/51034] CXX obj/base/base/io_watcher.o
[1066/51034] CXX obj/base/base/work_id_provider.o
[1067/51034] CXX obj/base/base/message_pump.o
[1068/51034] CXX obj/base/base/crc32.o
[1069/51034] CXX obj/base/base/bucket_ranges.o
[1070/51034] CXX obj/base/base/dummy_histogram.o
[1071/51034] CXX obj/base/base/message_pump_default.o
[1072/51034] CXX obj/base/base/field_trial_entry.o
[1073/51034] CXX obj/base/base/field_trial_list_including_low_anonymity.o
[1074/51034] CXX obj/base/base/field_trial_param_associator.o
[1075/51034] CXX obj/base/base/field_trial.o
[1076/51034] CXX obj/base/base/field_trial_params.o
[1077/51034] CXX obj/base/base/histogram_base.o
[1078/51034] CXX obj/base/base/histogram_functions.o
[1079/51034] CXX obj/base/base/histogram.o
[1080/51034] CXX obj/base/base/histogram_delta_serialization.o
[1081/51034] CXX obj/base/base/metrics_hashes.o
[1082/51034] CXX obj/base/base/histogram_snapshot_manager.o
[1083/51034] CXX obj/base/base/histogram_samples.o
[1084/51034] CXX obj/base/base/puma_histogram_functions.o
[1085/51034] CXX obj/base/base/persistent_sample_map.o
[1086/51034] CXX obj/base/base/persistent_memory_allocator.o
[1087/51034] CXX obj/base/base/persistent_histogram_allocator.o
[1088/51034] CXX obj/base/base/sample_map.o
[1089/51034] CXX obj/base/base/ranges_manager.o
[1090/51034] CXX obj/base/base/single_sample_metrics.o
[1091/51034] CXX obj/base/base/sample_vector.o
[1092/51034] CXX obj/base/base/user_metrics.o
[1093/51034] CXX obj/base/base/observer_list_internal.o
[1094/51034] CXX obj/base/base/sparse_histogram.o
[1095/51034] CXX obj/base/base/observer_list_types.o
[1096/51034] CXX obj/base/base/observer_list_threadsafe.o
[1097/51034] CXX obj/base/base/one_shot_event.o
[1098/51034] CXX obj/base/base/pending_task.o
[1099/51034] CXX obj/base/base/statistics_recorder.o
[1100/51034] CXX obj/base/base/battery_level_provider.o
[1101/51034] CXX obj/base/base/pickle.o
[1102/51034] CXX obj/base/base/power_monitor_device_source.o
[1103/51034] CXX obj/base/base/battery_state_sampler.o
[1104/51034] CXX obj/base/base/power_monitor_features.o
[1105/51034] CXX obj/base/base/sampling_event_source.o
[1106/51034] CXX obj/base/base/timer_sampling_event_source.o
[1107/51034] CXX obj/base/base/cpu_frequency_utils.o
[1108/51034] CXX obj/base/base/current_process.o
[1109/51034] CXX obj/base/base/process.o
[1110/51034] CXX obj/base/base/environment_internal.o
[1111/51034] CXX obj/base/base/process_handle.o
[1112/51034] CXX obj/base/base/power_monitor_source.o
[1113/51034] CXX obj/base/base/frame.o
[1114/51034] CXX obj/base/base/power_monitor.o
[1115/51034] CXX obj/base/base/periodic_sampling_scheduler.o
[1116/51034] CXX obj/base/base/metadata_recorder.o
[1117/51034] CXX obj/base/base/sampling_profiler_thread_token.o
[1118/51034] CXX obj/base/base/set_process_title.o
[1119/51034] CXX obj/base/base/stack_buffer.o
[1120/51034] CXX obj/base/base/sample_metadata.o
[1121/51034] CXX obj/base/base/stack_copier.o
[1122/51034] CXX obj/base/base/stack_copier_suspend.o
[1123/51034] CXX obj/base/base/module_cache.o
[1124/51034] CXX obj/base/base/stack_unwind_data.o
[1125/51034] CXX obj/base/base/stack_sampler.o
[1126/51034] CXX obj/base/base/unwinder.o
[1127/51034] CXX obj/base/base/rand_util.o
[1128/51034] CXX obj/base/base/stack_sampling_profiler.o
[1129/51034] CXX obj/base/base/thread_group_profiler.o
[1130/51034] CXX obj/base/base/lock_free_address_hash_set.o
[1131/51034] CXX obj/base/base/poisson_allocation_sampler.o
[1132/51034] CXX obj/base/base/scoped_environment_variable_override.o
[1133/51034] CXX obj/base/base/scoped_add_feature_flags.o
[1134/51034] CXX obj/base/base/run_loop.o
[1135/51034] CXX obj/base/base/sequence_checker.o
[1136/51034] CXX obj/base/base/sequence_token.o
[1137/51034] CXX obj/base/base/sequence_checker_impl.o
[1138/51034] CXX obj/base/base/abseil_string_number_conversions.o
[1139/51034] CXX obj/base/base/sampling_heap_profiler.o
[1140/51034] CXX obj/base/base/pattern.o
[1141/51034] CXX obj/base/base/levenshtein_distance.o
[1142/51034] CXX obj/base/base/safe_sprintf.o
[1143/51034] CXX obj/base/base/escape.o
[1144/51034] CXX obj/base/base/lazy_string_builder.o
[1145/51034] CXX obj/base/base/strcat.o
[1146/51034] CXX obj/base/base/string_split.o
[1147/51034] CXX obj/base/base/string_util_constants.o
[1148/51034] CXX obj/base/base/to_string.o
[1149/51034] CXX obj/base/base/string_number_conversions.o
[1150/51034] CXX obj/base/base/stringprintf.o
[1151/51034] CXX obj/base/base/utf_offset_string_conversions.o
[1152/51034] CXX obj/base/base/utf_ostream_operators.o
[1153/51034] CXX obj/base/base/string_util.o
[1154/51034] CXX obj/base/base/utf_string_conversion_utils.o
[1155/51034] CXX obj/base/base/matcher_string_pattern.o
[1156/51034] CXX obj/base/base/atomic_flag.o
[1157/51034] CXX obj/base/base/utf_string_conversions.o
[1158/51034] CXX obj/base/base/lock.o
[1159/51034] CXX obj/base/base/supports_user_data.o
[1160/51034] CXX obj/base/base/substring_set_matcher.o
[1161/51034] CXX obj/base/base/lock_metrics_recorder.o
[1162/51034] CXX obj/base/base/syslog_logging.o
[1163/51034] CXX obj/base/base/cancelable_event.o
[1164/51034] CXX obj/base/base/checked_lock_impl.o
[1165/51034] CXX obj/base/base/lazy_now.o
[1166/51034] CXX obj/base/base/system_monitor.o
[1167/51034] CXX obj/base/base/cancelable_task_tracker.o
[1168/51034] CXX obj/base/base/operations_controller.o
[1169/51034] CXX obj/base/base/scoped_defer_task_posting.o
[1170/51034] CXX obj/base/base/waitable_event.o
[1171/51034] CXX obj/base/base/default_delayed_task_handle_delegate.o
[1172/51034] CXX obj/base/base/delayed_task_handle.o
[1173/51034] CXX obj/base/base/deferred_sequenced_task_runner.o
[1174/51034] CXX obj/base/base/lazy_thread_pool_task_runner.o
[1175/51034] CXX obj/base/base/task_annotator.o
[1176/51034] CXX obj/base/base/scoped_set_task_priority_for_current_thread.o
[1177/51034] CXX obj/base/base/current_thread.o
[1178/51034] CXX obj/base/base/associated_thread_id.o
[1179/51034] CXX obj/base/base/execution_fence.o
[1180/51034] CXX obj/base/base/enqueue_order_generator.o
[1181/51034] CXX obj/base/base/atomic_flag_set.o
[1182/51034] CXX obj/base/base/fence.o
[1183/51034] CXX obj/base/base/post_job.o
[1184/51034] CXX obj/base/base/delayed_task_handle_delegate.o
[1185/51034] CXX obj/base/base/sequence_manager.o
[1186/51034] CXX obj/base/base/sequenced_task_source.o
[1187/51034] CXX obj/base/base/task_order.o
[1188/51034] CXX obj/base/base/task_queue_selector.o
[1189/51034] CXX obj/base/base/task_queue.o
[1190/51034] CXX obj/base/base/task_time_observer.o
[1191/51034] CXX obj/base/base/tasks.o
[1192/51034] CXX obj/base/base/sequence_manager_impl.o
[1193/51034] CXX obj/base/base/task_queue_impl.o
[1194/51034] CXX obj/base/base/thread_controller_power_monitor.o
[1195/51034] CXX obj/base/base/thread_controller.o
[1196/51034] CXX obj/base/base/thread_controller_impl.o
[1197/51034] CXX obj/base/base/work_deduplicator.o
[1198/51034] CXX obj/base/base/thread_controller_with_message_pump_impl.o
[1199/51034] CXX obj/base/base/time_domain.o
[1200/51034] CXX obj/base/base/wake_up_queue.o
[1201/51034] CXX obj/base/base/work_tracker.o
[1202/51034] CXX obj/base/base/sequenced_task_runner.o
[1203/51034] CXX obj/base/base/work_queue.o
[1204/51034] CXX obj/base/base/work_queue_sets.o
[1205/51034] CXX obj/base/base/task_features.o
[1206/51034] CXX obj/base/base/task_runner.o
[1207/51034] CXX obj/base/base/task_traits.o
[1208/51034] CXX obj/base/base/delayed_priority_queue.o
[1209/51034] CXX obj/base/base/single_thread_task_executor.o
[1210/51034] CXX obj/base/base/single_thread_task_runner.o
[1211/51034] CXX obj/base/base/environment_config.o
[1212/51034] CXX obj/base/base/thread_pool.o
[1213/51034] CXX obj/base/base/delayed_task_manager.o
[1214/51034] CXX obj/base/base/pooled_parallel_task_runner.o
[1215/51034] CXX obj/base/base/pooled_sequenced_task_runner.o
[1216/51034] CXX obj/base/base/job_task_source.o
[1217/51034] CXX obj/base/base/pooled_single_thread_task_runner_manager.o
[1218/51034] CXX obj/base/base/priority_queue.o
[1219/51034] CXX obj/base/base/service_thread.o
[1220/51034] CXX obj/base/base/task.o
[1221/51034] CXX obj/base/base/sequence.o
[1222/51034] CXX obj/base/base/task_source_sort_key.o
[1223/51034] CXX obj/base/base/pooled_task_runner_delegate.o
[1224/51034] CXX obj/base/base/task_source.o
[1225/51034] CXX obj/base/base/thread_group.o
[1226/51034] CXX obj/base/base/task_tracker.o
[1227/51034] CXX obj/base/base/thread_group_impl.o
[1228/51034] CXX obj/base/base/thread_pool_impl.o
[1229/51034] CXX obj/base/base/thread_type.o
[1230/51034] CXX obj/base/base/thread_pool_instance.o
[1231/51034] CXX obj/base/base/prtime.o
[1232/51034] CXX obj/base/base/worker_thread_set.o
[1233/51034] CXX obj/base/base/worker_thread.o
[1234/51034] CXX obj/base/base/platform_thread_ref.o
[1235/51034] CXX obj/base/base/platform_thread.o
[1236/51034] CXX obj/base/base/platform_thread_metrics.o
[1237/51034] CXX obj/base/base/post_task_and_reply_impl.o
[1238/51034] CXX obj/base/base/scoped_blocking_call_internal.o
[1239/51034] CXX obj/base/base/hang_watcher.o
[1240/51034] CXX obj/base/base/sequence_local_storage_slot.o
[1241/51034] CXX obj/base/base/sequence_local_storage_map.o
[1242/51034] CXX obj/base/base/scoped_thread_priority.o
[1243/51034] CXX obj/base/base/simple_thread.o
[1244/51034] CXX obj/base/base/scoped_blocking_call.o
[1245/51034] CXX obj/base/base/thread_checker.o
[1246/51034] CXX obj/base/base/thread_collision_warner.o
[1247/51034] CXX obj/base/base/thread_checker_impl.o
[1248/51034] CXX obj/base/base/thread_id_name_manager.o
[1249/51034] CXX obj/base/base/thread_local_storage.o
[1250/51034] CXX obj/base/base/clock.o
[1251/51034] CXX obj/base/base/default_clock.o
[1252/51034] CXX obj/base/base/watchdog.o
[1253/51034] CXX obj/base/base/thread.o
[1254/51034] CXX obj/base/base/default_tick_clock.o
[1255/51034] CXX obj/base/base/tick_clock.o
[1256/51034] CXX obj/base/base/time_override.o
[1257/51034] CXX obj/base/base/time_delta_from_string.o
[1258/51034] CXX obj/base/base/elapsed_timer.o
[1259/51034] CXX obj/base/base/time.o
[1260/51034] CXX obj/base/base/lap_timer.o
[1261/51034] CXX obj/base/base/thread_restrictions.o
[1262/51034] CXX obj/base/base/timer.o
[1263/51034] CXX obj/base/base/heap_profiler_allocation_context_tracker.o
[1264/51034] CXX obj/base/base/histogram_scope.o
[1265/51034] CXX obj/base/base/heap_profiler_allocation_context.o
[1266/51034] CXX obj/base/base/token.o
[1267/51034] CXX obj/base/base/named_trigger.o
[1268/51034] CXX obj/base/base/trace_id_helper.o
[1269/51034] CXX obj/base/base/memory_allocator_dump_guid.o
[1270/51034] CXX obj/base/base/wall_clock_timer.o
[1271/51034] CXX obj/base/base/unguessable_token.o
[1272/51034] CXX obj/base/base/value_iterators.o
[1273/51034] CXX obj/base/base/version.o
[1274/51034] CXX obj/base/base/uuid.o
[1275/51034] CXX obj/base/base/vlog.o
[1276/51034] CXX obj/base/base/file_descriptor_posix.o
[1277/51034] CXX obj/base/base/trace_session_observer.o
[1278/51034] CXX obj/base/base/debugger_posix.o
[1279/51034] CXX obj/base/base/protected_memory_posix.o
[1280/51034] CXX obj/base/base/watchable_io_message_pump_posix.o
[1281/51034] CXX obj/base/base/file_posix.o
[1282/51034] CXX obj/base/base/file_descriptor_shuffle.o
[1283/51034] CXX obj/base/base/memory_mapped_file_posix.o
[1284/51034] CXX obj/base/base/process_handle_posix.o
[1285/51034] CXX obj/base/base/global_descriptors.o
[1286/51034] CXX obj/base/base/safe_strerror.o
[1287/51034] CXX obj/base/base/condition_variable_posix.o
[1288/51034] CXX obj/base/base/thread_local_storage_posix.o
[1289/51034] CXX obj/base/base/time_conversion_posix.o
[1290/51034] CXX obj/base/base/hi_res_timer_manager_posix.o
[1291/51034] CXX obj/base/base/lock_impl_posix.o
[1292/51034] CXX obj/base/base/scoped_file_linux.o
[1293/51034] CXX obj/base/base/proc_maps_linux.o
[1294/51034] CXX obj/base/base/platform_thread_posix.o
[1295/51034] CXX obj/base/base/values.o
[1296/51034] CXX obj/base/base/process_handle_linux.o
[1297/51034] CXX obj/base/base/memory_linux.o
[1298/51034] CXX obj/base/base/internal_linux.o
[1299/51034] CXX obj/base/base/process_iterator_linux.o
[1300/51034] CXX obj/base/base/platform_thread_linux_base.o
[1301/51034] CXX obj/base/base/process_linux.o
[1302/51034] CXX obj/base/base/thread_type_delegate.o
[1303/51034] CXX obj/base/base/platform_thread_linux.o
[1304/51034] CXX obj/base/base/sha1.o
[1305/51034] CXX obj/base/base/base_paths.o
[1306/51034] CXX obj/base/base/platform_thread_metrics_linux.o
[1307/51034] CXX obj/base/base/crash_logging.o
[1308/51034] CXX obj/base/base/cpu.o
[1309/51034] CXX obj/base/base/process_metrics_linux.o
[1310/51034] CXX obj/base/base/drive_info.o
[1311/51034] CXX obj/base/base/file_path_watcher_inotify.o
[1312/51034] CXX obj/base/base/stack_trace.o
[1313/51034] CXX obj/base/base/file_enumerator.o
[1314/51034] CXX obj/base/base/file_proxy.o
[1315/51034] CXX obj/base/base/important_file_writer_cleaner.o
[1316/51034] CXX obj/base/base/file_util.o
[1317/51034] CXX obj/base/base/scoped_temp_dir.o
[1318/51034] CXX obj/base/base/important_file_writer.o
[1319/51034] CXX obj/base/base/rust_log_integration.o
[1320/51034] CXX obj/base/base/scoped_temp_file.o
[1321/51034] CXX obj/base/base/discardable_memory_allocator.o
[1322/51034] CXX obj/base/base/discardable_memory.o
[1323/51034] CXX obj/base/base/json_file_value_serializer.o
[1324/51034] CXX obj/base/base/scoped_native_library.o
[1325/51034] CXX obj/base/base/process_metrics.o
[1326/51034] CXX obj/base/base/persistent_histogram_storage.o
[1327/51034] CXX obj/base/base/path_service.o
[1328/51034] CXX obj/base/base/sys_info.o
[1329/51034] CXX obj/base/base/initialization_util.o
[1330/51034] CXX obj/base/base/unix_domain_socket.o
[1331/51034] CXX obj/base/base/rand_util_posix.o
[1332/51034] CXX obj/base/base/madv_free_discardable_memory_allocator_posix.o
[1333/51034] CXX obj/base/base/sys_info_posix.o
[1334/51034] CXX obj/base/base/madv_free_discardable_memory_posix.o
[1335/51034] CXX obj/base/base/page_size_posix.o
[1336/51034] CXX obj/base/base/file_descriptor_watcher_posix.o
[1337/51034] CXX obj/base/base/file_enumerator_posix.o
[1338/51034] CXX obj/base/base/drive_info_posix.o
[1339/51034] CXX obj/base/base/process_metrics_posix.o
[1340/51034] CXX obj/base/base/can_lower_nice_to.o
[1341/51034] CXX obj/base/base/sync_socket_posix.o
[1342/51034] CXX obj/base/base/file_util_posix.o
[1343/51034] CXX obj/base/base/native_library_posix.o
[1344/51034] CXX obj/base/base/module_cache_posix.o
[1345/51034] CXX obj/base/base/stack_base_address_posix.o
[1346/51034] CXX obj/base/base/thread_delegate_posix.o
[1347/51034] CXX obj/base/base/stack_trace_posix.o
[1348/51034] CXX obj/base/base/cancelable_event_posix.o
[1349/51034] CXX obj/base/base/stack_copier_signal.o
[1350/51034] CXX obj/base/base/process_posix.o
[1351/51034] CXX obj/base/base/launch_posix.o
[1352/51034] CXX obj/base/base/kill.o
[1353/51034] CXX obj/base/base/discardable_shared_memory.o
[1354/51034] CXX obj/base/base/shared_memory_switch.o
[1355/51034] CXX obj/base/base/memory.o
[1356/51034] CXX obj/base/base/histogram_shared_memory.o
[1357/51034] CXX obj/base/base/launch.o
[1358/51034] CXX obj/base/base/process_iterator.o
[1359/51034] CXX obj/base/base/kill_posix.o
[1360/51034] CXX obj/base/base/memory_tagging.o
[1361/51034] CXX obj/base/base/elf_reader.o
[1362/51034] CXX obj/base/base/stack_canary_linux.o
[1363/51034] CXX obj/base/base/base_paths_posix.o
[1364/51034] CXX obj/base/base/file_descriptor_store.o
[1365/51034] CXX obj/base/base/scheduler_loop_quarantine_config.o
[1366/51034] CXX obj/base/base/set_process_title_linux.o
[1367/51034] CXX obj/base/base/partition_alloc_features.o
[1368/51034] CXX obj/base/base/scoped_xdg_activation_token_injector.o
[1369/51034] CXX obj/base/base/sys_info_linux.o
[1370/51034] CXX obj/base/base/mime_util_xdg.o
[1371/51034] CXX obj/base/base/file_path_watcher.o
[1372/51034] CXX obj/base/base/partition_alloc_support.o
[1373/51034] CXX obj/base/base/sync_socket.o
[1374/51034] CXX obj/base/base/platform_shared_memory_mapper_posix.o
[1375/51034] CXX obj/base/base/xdg_util.o
[1376/51034] CXX obj/base/base/sys_string_conversions_posix.o
[1377/51034] CXX obj/base/base/version_extra_utils.o
[1378/51034] CXX obj/base/base/platform_shared_memory_region_posix.o
[1379/51034] CXX obj/base/base/waitable_event_watcher_posix.o
[1380/51034] CXX obj/base/base/waitable_event_posix.o
[1381/51034] CXX obj/base/base/platform_thread_internal_posix.o
[1382/51034] CXX obj/base/base/time_now_posix.o
[1383/51034] CXX obj/base/base/time_exploded_posix.o
[1384/51034] CXX obj/base/base/time_exploded_icu.o
[1385/51034] CXX obj/base/base/power_monitor_device_source_stub.o
[1386/51034] CXX obj/base/base/core_unwinders_posix.o
[1387/51034] CXX obj/base/base/stack_sampler_posix.o
[1388/51034] CXX obj/base/base/message_pump_epoll.o
[1389/51034] CXX obj/base/base/message_pump_glib.o
[1390/51034] CXX obj/base/base/log_message.o
[1391/51034] CXX obj/base/base/interned_args_helper.o
[1392/51034] CXX obj/base/base/measured_memory_dump_provider_info.o
[1393/51034] CXX obj/base/base/memory_dump_provider_info.o
[1394/51034] CXX obj/base/base/malloc_dump_provider.o
[1395/51034] CXX obj/base/base/memory_dump_request_args.o
[1396/51034] CXX obj/base/base/memory_dump_scheduler.o
[1397/51034] CXX obj/base/base/memory_allocator_dump.o
[1398/51034] CXX obj/base/base/memory_infra_background_allowlist.o
[1399/51034] CXX obj/base/base/memory_pressure_level_proto.o
[1400/51034] CXX obj/base/base/memory_usage_estimator.o
[1401/51034] CXX obj/base/base/perfetto_proto_appender.o
[1402/51034] CXX obj/base/base/trace_buffer.o
[1403/51034] CXX obj/base/base/process_memory_dump.o
[1404/51034] CXX obj/base/base/trace_arguments.o
[1405/51034] CXX obj/base/base/memory_dump_manager.o
[1406/51034] CXX obj/base/base/trace_config_category_filter.o
[1407/51034] CXX obj/base/base/trace_event_impl.o
[1408/51034] CXX obj/base/base/trace_config.o
[1409/51034] CXX obj/base/base/tracing_agent.o
[1410/51034] CXX obj/base/base/trace_log.o
[1411/51034] CXX obj/base/base/user_action.o
[1412/51034] CXX obj/base/base/perfetto_task_runner.o
[1413/51034] CXX obj/base/base/tracing_tls.o
[1414/51034] CXX obj/base/base/traced_value.o
[1415/51034] ACTION //third_party/devtools-frontend/src/front_end/panels/linear_memory_inspector/components:components(//build/toolchain/linux:clang_x64)
[1416/51034] CXX obj/base/base/address_space_dump_provider.o
[1417/51034] CXX obj/base/base/perfetto_platform.o
[1418/51034] ACTION //third_party/devtools-frontend/src/front_end/panels/linear_memory_inspector/components:css_files(//build/toolchain/linux:clang_x64)
[1419/51034] ACTION //third_party/devtools-frontend/src/front_end/panels/mobile_throttling:mobile_throttling(//build/toolchain/linux:clang_x64)
[1420/51034] ACTION //third_party/devtools-frontend/src/front_end/models/issues_manager:issues_manager(//build/toolchain/linux:clang_x64)
[1421/51034] ACTION //third_party/devtools-frontend/src/front_end/panels/mobile_throttling:css_files(//build/toolchain/linux:clang_x64)
[1422/51034] CXX obj/base/base/trace_time.o
[1423/51034] ACTION //third_party/devtools-frontend/src/front_end/ui/components/icon_button:icon_button(//build/toolchain/linux:clang_x64)
[1424/51034] ACTION //third_party/devtools-frontend/src/front_end/ui/components/panel_feedback:panel_feedback(//build/toolchain/linux:clang_x64)
[1425/51034] ACTION //third_party/devtools-frontend/src/front_end/ui/components/panel_introduction_steps:panel_introduction_steps(//build/toolchain/linux:clang_x64)
[1426/51034] ACTION //third_party/devtools-frontend/src/front_end/ui/components/icon_button:css_files(//build/toolchain/linux:clang_x64)
[1427/51034] ACTION //third_party/devtools-frontend/src/front_end/ui/components/text_prompt:bundle(//build/toolchain/linux:clang_x64)
[1428/51034] ACTION //third_party/devtools-frontend/src/front_end/ui/legacy/components/color_picker:color_picker(//build/toolchain/linux:clang_x64)
[1429/51034] ACTION //third_party/devtools-frontend/src/front_end/ui/components/panel_feedback:css_files(//build/toolchain/linux:clang_x64)
[1430/51034] ACTION //third_party/devtools-frontend/src/front_end/ui/components/panel_introduction_steps:css_files(//build/toolchain/linux:clang_x64)
[1431/51034] ACTION //third_party/devtools-frontend/src/front_end/ui/legacy/components/data_grid:data_grid(//build/toolchain/linux:clang_x64)
[1432/51034] ACTION //third_party/devtools-frontend/src/front_end/ui/legacy/components/color_picker:css_files(//build/toolchain/linux:clang_x64)
[1433/51034] AR obj/third_party/modp_b64/libmodp_b64.a
[1434/51034] ACTION //third_party/devtools-frontend/src/front_end/ui/legacy/components/object_ui:object_ui(//build/toolchain/linux:clang_x64)
[1435/51034] ACTION //third_party/devtools-frontend/src/front_end/ui/legacy/components/data_grid:css_files(//build/toolchain/linux:clang_x64)
[1436/51034] ACTION //third_party/devtools-frontend/src/front_end/ui/legacy/components/object_ui:css_files(//build/toolchain/linux:clang_x64)
[1437/51034] CXX obj/components/cbor/cbor/float_conversions.o
[1438/51034] RUST obj/third_party/rust/serde_json_lenient/v0_2/wrapper/libwrapper_a1515e45.rlib obj/third_party/rust/serde_json_lenient/v0_2/wrapper/libwrapper_a1515e45.rmeta obj/third_party/rust/serde_json_lenient/v0_2/wrapper/wrapper.rustflags.json obj/third_party/rust/serde_json_lenient/v0_2/wrapper/wrapper.rsp.rust
[1439/51034] CXX obj/components/cbor/cbor/diagnostic_writer.o
[1440/51034] ACTION //crypto:buildflags(//build/toolchain/linux:clang_x64)
[1441/51034] CXX obj/components/cbor/cbor/writer.o
[1442/51034] ACTION //net/cert:root_store_proto_full_gen(//build/toolchain/linux:clang_x64)
[1443/51034] ACTION //third_party/devtools-frontend/src/front_end/models/issues_manager:devtools_entrypoint-bundle-copy(//build/toolchain/linux:clang_x64)
[1444/51034] ACTION //third_party/devtools-frontend/src/front_end/panels/linear_memory_inspector/components:devtools_entrypoint-bundle-copy(//build/toolchain/linux:clang_x64)
[1445/51034] ACTION //third_party/devtools-frontend/src/front_end/ui/legacy/components/quick_open:css_files(//build/toolchain/linux:clang_x64)
[1446/51034] CXX obj/components/cbor/cbor/values.o
[1447/51034] ACTION //base:i18n_transliterator(//build/toolchain/linux:clang_x64)
[1448/51034] ACTION //third_party/devtools-frontend/src/front_end/panels/mobile_throttling:devtools_entrypoint-bundle-copy(//build/toolchain/linux:clang_x64)
[1449/51034] ACTION //third_party/devtools-frontend/src/front_end/ui/components/icon_button:devtools_entrypoint-bundle-copy(//build/toolchain/linux:clang_x64)
[1450/51034] ACTION //third_party/devtools-frontend/src/front_end/ui/components/panel_feedback:devtools_entrypoint-bundle-copy(//build/toolchain/linux:clang_x64)
[1451/51034] ACTION //third_party/devtools-frontend/src/front_end/ui/components/panel_introduction_steps:devtools_entrypoint-bundle-copy(//build/toolchain/linux:clang_x64)
[1452/51034] ACTION //third_party/devtools-frontend/src/front_end/ui/legacy/components/color_picker:devtools_entrypoint-bundle-copy(//build/toolchain/linux:clang_x64)
[1453/51034] CXX obj/components/cbor/cbor/reader.o
[1454/51034] ACTION //third_party/devtools-frontend/src/front_end/ui/legacy/components/data_grid:devtools_entrypoint-bundle-copy(//build/toolchain/linux:clang_x64)
[1455/51034] ACTION //third_party/devtools-frontend/src/front_end/ui/legacy/components/object_ui:devtools_entrypoint-bundle-copy(//build/toolchain/linux:clang_x64)
[1456/51034] ACTION //third_party/devtools-frontend/src/front_end/ui/legacy/components/quick_open:quick_open(//build/toolchain/linux:clang_x64)
[1457/51034] CXX obj/crypto/crypto/aes_cbc.o
[1458/51034] CXX obj/crypto/crypto/aes_ctr.o
[1459/51034] CXX obj/crypto/crypto/aead.o
[1460/51034] CXX obj/crypto/crypto/ecdsa_utils.o
[1461/51034] CXX obj/crypto/crypto/evp.o
[1462/51034] CXX obj/crypto/crypto/cose.o
[1463/51034] CXX obj/crypto/crypto/hkdf.o
[1464/51034] CXX obj/crypto/crypto/features.o
[1465/51034] CXX obj/crypto/crypto/kdf.o
[1466/51034] CXX obj/crypto/crypto/kex.o
[1467/51034] CXX obj/crypto/crypto/hmac.o
[1468/51034] CXX obj/crypto/crypto/hash.o
[1469/51034] CXX obj/crypto/crypto/md5.o
[1470/51034] CXX obj/crypto/crypto/sha1.o
[1471/51034] CXX obj/crypto/crypto/openssl_util.o
[1472/51034] CXX obj/crypto/crypto/keypair.o
[1473/51034] CXX obj/crypto/crypto/process_bound_string.o
[1474/51034] CXX obj/crypto/crypto/secure_util.o
[1475/51034] CXX obj/crypto/crypto/random.o
[1476/51034] CXX obj/crypto/crypto/secure_hash.o
[1477/51034] CXX obj/crypto/crypto/sha2.o
[1478/51034] CXX obj/crypto/crypto/subtle_passkey.o
[1479/51034] CXX obj/crypto/crypto/sign.o
[1480/51034] CXX obj/crypto/crypto/pem.o
[1481/51034] CXX obj/crypto/crypto/signature_verifier.o
[1482/51034] CXX obj/crypto/crypto/unexportable_key.o
[1483/51034] CXX obj/crypto/crypto/unexportable_key_software_unsecure.o
[1484/51034] CXX obj/crypto/crypto/user_verifying_key.o
[1485/51034] CXX obj/crypto/crypto/unexportable_key_metrics.o
[1486/51034] CXX obj/crypto/crypto/nss_key_util.o
[1487/51034] CXX obj/third_party/ced/ced/compact_enc_det_hint_code.o
[1488/51034] CXX obj/third_party/ced/ced/encodings.o
[1489/51034] CXX obj/third_party/ced/ced/languages.o
[1490/51034] CXX obj/third_party/ced/ced/compact_enc_det.o
[1491/51034] ACTION //third_party/rust/rustversion/v1:rustversion_lib_v1_build_script_write_rustflags(//build/toolchain/linux:clang_x64_for_rust_host_build_tools)
[1492/51034] CXX obj/crypto/crypto/nss_util.o
[1493/51034] ACTION //third_party/devtools-frontend/src/front_end/models/issues_manager:devtools_entrypoint-bundle-tsconfig(//build/toolchain/linux:clang_x64)
[1494/51034] CXX obj/base/i18n/base_i18n_switches.o
[1495/51034] ACTION //third_party/devtools-frontend/src/front_end/panels/linear_memory_inspector/components:devtools_entrypoint-bundle-tsconfig(//build/toolchain/linux:clang_x64)
[1496/51034] ACTION //third_party/devtools-frontend/src/front_end/panels/mobile_throttling:devtools_entrypoint-bundle-tsconfig(//build/toolchain/linux:clang_x64)
[1497/51034] ACTION //third_party/devtools-frontend/src/front_end/ui/components/icon_button:devtools_entrypoint-bundle-tsconfig(//build/toolchain/linux:clang_x64)
[1498/51034] ACTION //third_party/devtools-frontend/src/front_end/ui/components/panel_feedback:devtools_entrypoint-bundle-tsconfig(//build/toolchain/linux:clang_x64)
[1499/51034] RUST(BIN) clang_x64_for_rust_host_build_tools/rustversion_lib_v1_build_script clang_x64_for_rust_host_build_tools/obj/third_party/rust/rustversion/v1/rustversion_lib_v1_build_script.rustflags.json clang_x64_for_rust_host_build_tools/obj/third_party/rust/rustversion/v1/rustversion_lib_v1_build_script.rsp.rust
[1500/51034] ACTION //third_party/devtools-frontend/src/front_end/ui/components/panel_introduction_steps:devtools_entrypoint-bundle-tsconfig(//build/toolchain/linux:clang_x64)
[1501/51034] ACTION //third_party/devtools-frontend/src/front_end/ui/legacy/components/color_picker:devtools_entrypoint-bundle-tsconfig(//build/toolchain/linux:clang_x64)
[1502/51034] CXX obj/base/i18n/break_iterator.o
[1503/51034] ACTION //third_party/devtools-frontend/src/front_end/ui/legacy/components/data_grid:devtools_entrypoint-bundle-tsconfig(//build/toolchain/linux:clang_x64)
[1504/51034] SOLINK ./libthird_party_boringssl.so
[1505/51034] ACTION //third_party/devtools-frontend/src/front_end/ui/legacy/components/object_ui:devtools_entrypoint-bundle-tsconfig(//build/toolchain/linux:clang_x64)
[1506/51034] ACTION //third_party/devtools-frontend/src/front_end/ui/legacy/components/quick_open:devtools_entrypoint-bundle-copy(//build/toolchain/linux:clang_x64)
[1507/51034] CXX obj/base/i18n/char_iterator.o
[1508/51034] CXX obj/base/i18n/character_encoding.o
[1509/51034] CXX obj/base/i18n/encoding_detection.o
[1510/51034] CXX obj/base/i18n/i18n_constants.o
[1511/51034] CXX obj/base/i18n/case_conversion.o
[1512/51034] CXX obj/base/i18n/icu_string_conversions.o
[1513/51034] CXX obj/base/i18n/file_util_icu.o
[1514/51034] CXX obj/net/cert/root_store_proto_full/root_store.pb.o
[1515/51034] CXX obj/base/i18n/message_formatter.o
[1516/51034] CXX obj/base/i18n/icu_util.o
[1517/51034] CXX obj/base/i18n/streaming_utf8_validator.o
[1518/51034] CXX obj/base/i18n/string_compare.o
[1519/51034] CXX obj/base/i18n/number_formatting.o
[1520/51034] CXX obj/base/i18n/string_search.o
[1521/51034] CXX obj/base/i18n/timezone.o
[1522/51034] CXX obj/base/i18n/utf8_validator_tables.o
[1523/51034] ACTION //net:cronet_buildflags(//build/toolchain/linux:clang_x64)
[1524/51034] AR obj/net/cert/libroot_store_proto_full.a
[1525/51034] CXX obj/base/i18n/time_formatting.o
[1526/51034] CXX obj/base/i18n/rtl.o
[1527/51034] CXX obj/net/tools/huffman_trie/huffman_trie_generator_sources/bit_writer.o
[1528/51034] CXX obj/base/i18n/transliterator.o
[1529/51034] CXX obj/net/tools/huffman_trie/huffman_trie_generator_sources/trie_entry.o
[1530/51034] CXX obj/net/tools/huffman_trie/huffman_trie_generator_sources/trie_bit_buffer.o
[1531/51034] CXX obj/net/tools/huffman_trie/huffman_trie_generator_sources/huffman_builder.o
[1532/51034] CXX obj/net/tools/huffman_trie/huffman_trie_generator_sources/trie_writer.o
[1533/51034] CXX obj/net/tools/transport_security_state_generator/transport_security_state_generator_sources/cert_util.o
[1534/51034] CXX obj/net/tools/transport_security_state_generator/transport_security_state_generator/transport_security_state_generator.o
[1535/51034] CXX obj/net/tools/transport_security_state_generator/transport_security_state_generator_sources/pinset.o
[1536/51034] CXX obj/net/tools/transport_security_state_generator/transport_security_state_generator_sources/pinsets.o
[1537/51034] CXX obj/net/tools/transport_security_state_generator/transport_security_state_generator_sources/preloaded_state_generator.o
[1538/51034] CXX obj/net/tools/transport_security_state_generator/transport_security_state_generator_sources/input_file_parsers.o
[1539/51034] CXX obj/net/tools/transport_security_state_generator/transport_security_state_generator_sources/spki_hash.o
[1540/51034] AR obj/third_party/ced/libced.a
[1541/51034] ACTION //sql:sql_name_variants(//build/toolchain/linux:clang_x64)
[1542/51034] CXX obj/net/tools/transport_security_state_generator/transport_security_state_generator_sources/transport_security_state_entry.o
[1543/51034] ACTION //tools/grit:grit_sources(//build/toolchain/linux:clang_x64)
[1544/51034] ACTION //third_party/devtools-frontend/src/front_end/models/issues_manager:devtools_entrypoint-bundle-bundle(//build/toolchain/linux:clang_x64)
[1545/51034] ACTION //third_party/devtools-frontend/src/front_end/panels/linear_memory_inspector/components:devtools_entrypoint-bundle-bundle(//build/toolchain/linux:clang_x64)
[1546/51034] ACTION //third_party/devtools-frontend/src/front_end/panels/mobile_throttling:devtools_entrypoint-bundle-bundle(//build/toolchain/linux:clang_x64)
[1547/51034] ACTION //third_party/devtools-frontend/src/front_end/ui/components/icon_button:devtools_entrypoint-bundle-bundle(//build/toolchain/linux:clang_x64)
[1548/51034] ACTION //third_party/devtools-frontend/src/front_end/ui/components/panel_feedback:devtools_entrypoint-bundle-bundle(//build/toolchain/linux:clang_x64)
[1549/51034] ACTION //third_party/devtools-frontend/src/front_end/ui/components/panel_introduction_steps:devtools_entrypoint-bundle-bundle(//build/toolchain/linux:clang_x64)
[1550/51034] ACTION //third_party/devtools-frontend/src/front_end/ui/legacy/components/color_picker:devtools_entrypoint-bundle-bundle(//build/toolchain/linux:clang_x64)
[1551/51034] ACTION //third_party/devtools-frontend/src/front_end/ui/legacy/components/data_grid:devtools_entrypoint-bundle-bundle(//build/toolchain/linux:clang_x64)
[1552/51034] ACTION //third_party/devtools-frontend/src/front_end/ui/legacy/components/quick_open:devtools_entrypoint-bundle-tsconfig(//build/toolchain/linux:clang_x64)
[1553/51034] ACTION //third_party/devtools-frontend/src/front_end/ui/legacy/components/object_ui:devtools_entrypoint-bundle-bundle(//build/toolchain/linux:clang_x64)
[1554/51034] ACTION //base:build_date_internal(//build/toolchain/linux:clang_x64)
[1555/51034] ACTION //base/version_info:generate_version_info_action(//build/toolchain/linux:clang_x64)
[1556/51034] ACTION //third_party/rust/rustversion/v1:rustversion_lib_v1_build_script_output(//build/toolchain/linux:clang_x64_for_rust_host_build_tools)
[1557/51034] CXX obj/net/tools/root_store_tool/root_store_tool/root_store_tool.o
[1558/51034] ACTION //net:device_bound_sessions_storage_proto_gen(//build/toolchain/linux:clang_x64)
[1559/51034] ACTION //net:isolation_info_proto_gen(//build/toolchain/linux:clang_x64)
[1560/51034] ACTION //net/cert:root_store_proto_lite_gen(//build/toolchain/linux:clang_x64)
[1561/51034] ACTION //net/third_party/quiche:net_quic_proto_gen(//build/toolchain/linux:clang_x64)
[1562/51034] CXX obj/net/third_party/uri_template/uri_template/uri_template.o
[1563/51034] CXX obj/sql/sql/error_delegate_util.o
[1564/51034] CC obj/third_party/sqlite/chromium_sqlite3/sqlite3_shim.o
[1565/51034] CXX obj/sql/sql/database_memory_dump_provider.o
[1566/51034] CXX obj/sql/sql/initialization.o
[1567/51034] CXX obj/sql/sql/meta_table.o
[1568/51034] CXX obj/sql/sql/sandboxed_vfs.o
[1569/51034] CXX obj/sql/sql/sandboxed_vfs_file.o
[1570/51034] CXX obj/sql/sql/recovery.o
[1571/51034] CXX obj/sql/sql/sqlite_result_code_values.o
[1572/51034] CXX obj/sql/sql/sqlite_result_code.o
[1573/51034] CXX obj/sql/sql/streaming_blob_handle.o
[1574/51034] CXX obj/sql/sql/sql_memory_dump_provider.o
[1575/51034] CXX obj/sql/sql/vfs_wrapper.o
[1576/51034] CC obj/third_party/brotli/common/constants.o
[1577/51034] CXX obj/sql/sql/database.o
[1578/51034] CC obj/third_party/brotli/common/context.o
[1579/51034] CC obj/third_party/brotli/common/platform.o
[1580/51034] CC obj/third_party/brotli/common/shared_dictionary.o
[1581/51034] CC obj/third_party/brotli/common/transform.o
[1582/51034] CC obj/third_party/brotli/common/dictionary.o
[1583/51034] CXX obj/sql/sql/transaction.o
[1584/51034] CXX obj/third_party/protobuf/protobuf_lite/arena.o
[1585/51034] CXX obj/third_party/protobuf/protobuf_lite/arenaz_sampler.o
[1586/51034] CXX obj/sql/sql/statement.o
[1587/51034] CXX obj/third_party/protobuf/protobuf_lite/any_lite.o
[1588/51034] CXX obj/third_party/protobuf/protobuf_lite/arenastring.o
[1589/51034] CXX obj/third_party/protobuf/protobuf_lite/generated_enum_util.o
[1590/51034] CXX obj/third_party/protobuf/protobuf_lite/generated_message_util.o
[1591/51034] CXX obj/third_party/protobuf/protobuf_lite/extension_set.o
[1592/51034] CXX obj/third_party/protobuf/protobuf_lite/implicit_weak_message.o
[1593/51034] CXX obj/third_party/protobuf/protobuf_lite/io_win32.o
[1594/51034] CXX obj/third_party/protobuf/protobuf_lite/generated_message_tctable_lite.o
[1595/51034] CXX obj/third_party/protobuf/protobuf_lite/coded_stream.o
[1596/51034] CXX obj/third_party/protobuf/protobuf_lite/inlined_string_field.o
[1597/51034] CXX obj/third_party/protobuf/protobuf_lite/strtod.o
[1598/51034] CXX obj/third_party/protobuf/protobuf_lite/zero_copy_sink.o
[1599/51034] CXX obj/third_party/protobuf/protobuf_lite/tokenizer.o
[1600/51034] CXX obj/third_party/protobuf/protobuf_lite/zero_copy_stream.o
[1601/51034] CXX obj/third_party/protobuf/protobuf_lite/zero_copy_stream_impl.o
[1602/51034] CXX obj/third_party/protobuf/protobuf_lite/zero_copy_stream_impl_lite.o
[1603/51034] CXX obj/third_party/protobuf/protobuf_lite/printer.o
[1604/51034] CXX obj/third_party/protobuf/protobuf_lite/micro_string.o
[1605/51034] CXX obj/third_party/protobuf/protobuf_lite/map.o
[1606/51034] CXX obj/third_party/protobuf/protobuf_lite/raw_ptr.o
[1607/51034] CXX obj/third_party/protobuf/protobuf_lite/port.o
[1608/51034] CXX obj/third_party/protobuf/protobuf_lite/message_lite.o
[1609/51034] CXX obj/third_party/protobuf/protobuf_lite/parse_context.o
[1610/51034] CXX obj/third_party/protobuf/protobuf_lite/repeated_field.o
[1611/51034] CXX obj/third_party/protobuf/protobuf_lite/common.o
[1612/51034] CXX obj/third_party/protobuf/protobuf_lite/repeated_ptr_field.o
[1613/51034] CXX obj/url/url/gurl_debug.o
[1614/51034] CXX obj/third_party/protobuf/protobuf_lite/wire_format_lite.o
[1615/51034] CXX obj/url/url/origin_debug.o
[1616/51034] CXX obj/url/url/url_parse.o
[1617/51034] CXX obj/url/url/scheme_host_port.o
[1618/51034] CXX obj/url/url/gurl.o
[1619/51034] CXX obj/url/url/url_canon.o
[1620/51034] CXX obj/url/url/url_canon_etc.o
[1621/51034] CXX obj/url/url/url_canon_filesystemurl.o
[1622/51034] CXX obj/url/url/url_canon_fileurl.o
[1623/51034] CXX obj/url/url/origin.o
[1624/51034] CXX obj/url/url/url_canon_host.o
[1625/51034] CXX obj/url/url/url_canon_internal.o
[1626/51034] CXX obj/url/url/url_canon_ip.o
[1627/51034] CXX obj/url/url/url_canon_mailtourl.o
[1628/51034] CXX obj/url/url/url_canon_path.o
[1629/51034] CXX obj/url/url/url_canon_non_special_url.o
[1630/51034] CXX obj/url/url/url_canon_pathurl.o
[1631/51034] CXX obj/url/url/url_canon_stdstring.o
[1632/51034] CXX obj/url/url/url_canon_query.o
[1633/51034] CXX obj/url/url/url_parse_file.o
[1634/51034] CXX obj/url/url/url_features.o
[1635/51034] CXX obj/url/url/url_canon_stdurl.o
[1636/51034] CXX obj/url/url/url_canon_relative.o
[1637/51034] CXX obj/url/url/url_canon_icu.o
[1638/51034] COPY gen/base/generated_build_date_internal.h gen/base/generated_build_date.h
[1639/51034] CXX obj/url/url/url_idna_icu.o
[1640/51034] CXX obj/url/url/url_util.o
[1641/51034] CXX obj/components/network_time/time_tracker/time_tracker/time_tracker.o
[1642/51034] CXX obj/base/version_info/version_info/version_info.o
[1643/51034] RUST(MACRO) clang_x64_for_rust_host_build_tools/libbytemuck_derive_v1_lib.so clang_x64_for_rust_host_build_tools/obj/third_party/rust/bytemuck_derive/v1/lib__proc_macro.rustflags.json clang_x64_for_rust_host_build_tools/obj/third_party/rust/bytemuck_derive/v1/lib__proc_macro.rsp.rust
[1644/51034] CXX obj/components/performance_manager/scenario_api/scenario_api/performance_scenarios.o
[1645/51034] SOLINK ./libbase.so
[1646/51034] SOLINK ./libthird_party_sqlite_chromium_sqlite3.so
[1647/51034] SOLINK ./libcomponents_cbor.so
[1648/51034] SOLINK ./libbase_i18n.so
[1649/51034] SOLINK ./libcrcrypto.so
[1650/51034] CXX obj/components/performance_manager/scenario_api/scenario_api/performance_scenario_memory.o
[1651/51034] LINK ./transport_security_state_generator
[1652/51034] CXX obj/components/performance_manager/scenario_api/scenario_api/performance_scenario_observer.o
[1653/51034] CXX obj/components/sqlite_proto/sqlite_proto/key_value_table.o
[1654/51034] LINK ./root_store_tool
[1655/51034] CXX obj/components/sqlite_proto/sqlite_proto/proto_table_manager.o
[1656/51034] CXX obj/components/unexportable_keys/unexportable_keys/background_task_priority.o
[1657/51034] CXX obj/components/unexportable_keys/unexportable_keys/background_task_type.o
[1658/51034] RUST(MACRO) clang_x64_for_rust_host_build_tools/librustversion_v1_lib.so clang_x64_for_rust_host_build_tools/obj/third_party/rust/rustversion/v1/lib__proc_macro.rustflags.json clang_x64_for_rust_host_build_tools/obj/third_party/rust/rustversion/v1/lib__proc_macro.rsp.rust
[1659/51034] CXX obj/components/unexportable_keys/unexportable_keys/features.o
[1660/51034] CXX obj/components/sqlite_proto/sqlite_proto/table_manager.o
[1661/51034] CXX obj/components/unexportable_keys/unexportable_keys/ref_counted_unexportable_signing_key.o
[1662/51034] CXX obj/components/unexportable_keys/unexportable_keys/unexportable_key_loader.o
[1663/51034] CXX obj/components/unexportable_keys/unexportable_keys/background_long_task_scheduler.o
[1664/51034] ACTION //mojo:buildflags(//build/toolchain/linux:clang_x64)
[1665/51034] ACTION //third_party/devtools-frontend/src/front_end/models/issues_manager:bundle(//build/toolchain/linux:clang_x64)
[1666/51034] ACTION //third_party/devtools-frontend/src/front_end/panels/linear_memory_inspector/components:bundle(//build/toolchain/linux:clang_x64)
[1667/51034] ACTION //third_party/devtools-frontend/src/front_end/panels/mobile_throttling:bundle(//build/toolchain/linux:clang_x64)
[1668/51034] ACTION //third_party/devtools-frontend/src/front_end/ui/components/icon_button:bundle(//build/toolchain/linux:clang_x64)
[1669/51034] ACTION //third_party/devtools-frontend/src/front_end/ui/components/panel_feedback:bundle(//build/toolchain/linux:clang_x64)
[1670/51034] ACTION //third_party/devtools-frontend/src/front_end/ui/components/panel_introduction_steps:bundle(//build/toolchain/linux:clang_x64)
[1671/51034] ACTION //third_party/devtools-frontend/src/front_end/ui/legacy/components/color_picker:bundle(//build/toolchain/linux:clang_x64)
[1672/51034] ACTION //third_party/devtools-frontend/src/front_end/ui/legacy/components/data_grid:bundle(//build/toolchain/linux:clang_x64)
[1673/51034] ACTION //third_party/devtools-frontend/src/front_end/ui/legacy/components/object_ui:bundle(//build/toolchain/linux:clang_x64)
[1674/51034] CXX obj/components/unexportable_keys/unexportable_keys/unexportable_key_task_manager.o
[1675/51034] ACTION //third_party/devtools-frontend/src/front_end/ui/legacy/components/quick_open:devtools_entrypoint-bundle-bundle(//build/toolchain/linux:clang_x64)
[1676/51034] ACTION //net:buildflags(//build/toolchain/linux:clang_x64)
[1677/51034] CXX obj/components/unexportable_keys/unexportable_keys/unexportable_key_service_impl.o
[1678/51034] ACTION //net:disk_cache_buildflags(//build/toolchain/linux:clang_x64)
[1679/51034] CXX obj/net/device_bound_sessions_storage_proto/storage.pb.o
[1680/51034] ACTION //net:net_nqe_proto_gen(//build/toolchain/linux:clang_x64)
[1681/51034] CXX obj/components/unexportable_keys/unexportable_keys/unexportable_key_tasks.o
[1682/51034] CXX obj/net/preload_decoder/decoder.o
[1683/51034] CXX obj/net/isolation_info_proto/isolation_info.pb.o
[1684/51034] ACTION //net/data/ssl/chrome_root_store:gen_root_store_inc(//build/toolchain/linux:clang_x64)
[1685/51034] ACTION //net/base/registry_controlled_domains:generate_effective_tld_names_reversed_dafsa(//build/toolchain/linux:clang_x64)
[1686/51034] CXX obj/net/cert/root_store_proto_lite/root_store.pb.o
[1687/51034] CXX obj/net/third_party/quiche/net_quic_proto/cached_network_parameters.pb.o
[1688/51034] CXX obj/net/third_party/quiche/net_quic_proto/crypto_server_config.pb.o
[1689/51034] ACTION //net/third_party/quiche:net_quic_test_tools_proto_gen(//build/toolchain/linux:clang_x64)
[1690/51034] CXX obj/net/third_party/quiche/quiche/quiche_stack_trace_impl.o
[1691/51034] ACTION //tools/gritsettings:default_resource_ids(//build/toolchain/linux:clang_x64)
[1692/51034] CXX obj/net/third_party/quiche/quiche/quiche_flags_impl.o
[1693/51034] CXX obj/net/third_party/quiche/quiche/quiche_time_utils_impl.o
[1694/51034] CXX obj/net/third_party/quiche/net_quic_proto/source_address_token.pb.o
[1695/51034] CXX obj/net/third_party/quiche/quiche/bug_utils.o
[1696/51034] CXX obj/net/third_party/quiche/quiche/quiche_url_utils_impl.o
[1697/51034] CXX obj/net/third_party/quiche/quiche/http_header_storage.o
[1698/51034] CXX obj/net/third_party/quiche/quiche/http_header_block.o
[1699/51034] CXX obj/net/third_party/quiche/quiche/internet_checksum.o
[1700/51034] CXX obj/net/third_party/quiche/quiche/capsule.o
[1701/51034] CXX obj/net/third_party/quiche/quiche/connect_ip_datagram_payload.o
[1702/51034] CXX obj/net/third_party/quiche/quiche/connect_udp_datagram_payload.o
[1703/51034] CXX obj/net/third_party/quiche/quiche/moq_varint.o
[1704/51034] CXX obj/net/third_party/quiche/quiche/status_code_mapping.o
[1705/51034] CXX obj/net/third_party/quiche/quiche/quiche_buffer_allocator.o
[1706/51034] CXX obj/net/third_party/quiche/quiche/quiche_hostname_utils.o
[1707/51034] CXX obj/net/third_party/quiche/quiche/quiche_data_reader.o
[1708/51034] CXX obj/net/third_party/quiche/quiche/quiche_data_writer.o
[1709/51034] CXX obj/net/third_party/quiche/quiche/quiche_crypto_logging.o
[1710/51034] ACTION //net/http:generate_transport_security_state(//build/toolchain/linux:clang_x64)
[1711/51034] CXX obj/net/third_party/quiche/quiche/quiche_ip_address_family.o
[1712/51034] CXX obj/net/third_party/quiche/quiche/quiche_mem_slice.o
[1713/51034] CXX obj/net/third_party/quiche/quiche/quiche_ip_address.o
[1714/51034] CXX obj/net/third_party/quiche/quiche/quiche_random.o
[1715/51034] CXX obj/net/third_party/quiche/quiche/quiche_simple_arena.o
[1716/51034] CXX obj/net/third_party/quiche/quiche/quiche_socket_address.o
[1717/51034] CXX obj/net/third_party/quiche/quiche/simple_buffer_allocator.o
[1718/51034] CXX obj/net/third_party/quiche/quiche/vectorized_io_utils.o
[1719/51034] CXX obj/net/third_party/quiche/quiche/quiche_text_utils.o
[1720/51034] CXX obj/net/third_party/quiche/quiche/chunked_buffer.o
[1721/51034] CXX obj/net/third_party/quiche/quiche/quiche_mem_slice_storage.o
[1722/51034] CXX obj/net/third_party/quiche/quiche/http2_protocol.o
[1723/51034] CXX obj/net/third_party/quiche/quiche/event_forwarder.o
[1724/51034] CXX obj/net/third_party/quiche/quiche/header_validator.o
[1725/51034] CXX obj/net/third_party/quiche/quiche/noop_header_validator.o
[1726/51034] CXX obj/net/third_party/quiche/quiche/http2_util.o
[1727/51034] CXX obj/net/third_party/quiche/quiche/structured_headers.o
[1728/51034] CXX obj/net/third_party/quiche/quiche/window_manager.o
[1729/51034] CXX obj/net/third_party/quiche/quiche/array_output_buffer.o
[1730/51034] CXX obj/net/third_party/quiche/quiche/oghttp2_util.o
[1731/51034] CXX obj/net/third_party/quiche/quiche/oghttp2_adapter.o
[1732/51034] CXX obj/net/third_party/quiche/quiche/http2_constants.o
[1733/51034] CXX obj/net/third_party/quiche/quiche/http2_structures.o
[1734/51034] CXX obj/net/third_party/quiche/quiche/http2_frame_decoder_adapter.o
[1735/51034] CXX obj/net/third_party/quiche/quiche/oghttp2_session.o
[1736/51034] CXX obj/net/third_party/quiche/quiche/http2_trace_logging.o
[1737/51034] CXX obj/net/third_party/quiche/quiche/spdy_alt_svc_wire_format.o
[1738/51034] CXX obj/net/third_party/quiche/quiche/recording_headers_handler.o
[1739/51034] CXX obj/net/third_party/quiche/quiche/spdy_frame_builder.o
[1740/51034] CXX obj/net/third_party/quiche/quiche/decode_buffer.o
[1741/51034] CXX obj/net/third_party/quiche/quiche/spdy_no_op_visitor.o
[1742/51034] CXX obj/net/third_party/quiche/quiche/spdy_framer.o
[1743/51034] CXX obj/net/third_party/quiche/quiche/decode_status.o
[1744/51034] CXX obj/net/third_party/quiche/quiche/spdy_protocol.o
[1745/51034] CXX obj/net/third_party/quiche/quiche/decode_http2_structures.o
[1746/51034] CXX obj/net/third_party/quiche/quiche/frame_decoder_state.o
[1747/51034] CXX obj/net/third_party/quiche/quiche/http2_frame_decoder.o
[1748/51034] CXX obj/net/third_party/quiche/quiche/http2_frame_decoder_listener.o
[1749/51034] CXX obj/net/third_party/quiche/quiche/http2_structure_decoder.o
[1750/51034] CXX obj/net/third_party/quiche/quiche/altsvc_payload_decoder.o
[1751/51034] CXX obj/net/third_party/quiche/quiche/continuation_payload_decoder.o
[1752/51034] CXX obj/net/third_party/quiche/quiche/data_payload_decoder.o
[1753/51034] CXX obj/net/third_party/quiche/quiche/goaway_payload_decoder.o
[1754/51034] CXX obj/net/third_party/quiche/quiche/headers_payload_decoder.o
[1755/51034] CXX obj/net/third_party/quiche/quiche/ping_payload_decoder.o
[1756/51034] CXX obj/net/third_party/quiche/quiche/priority_payload_decoder.o
[1757/51034] CXX obj/net/third_party/quiche/quiche/priority_update_payload_decoder.o
[1758/51034] CXX obj/net/third_party/quiche/quiche/push_promise_payload_decoder.o
[1759/51034] CXX obj/net/third_party/quiche/quiche/rst_stream_payload_decoder.o
[1760/51034] CXX obj/net/third_party/quiche/quiche/settings_payload_decoder.o
[1761/51034] CXX obj/net/third_party/quiche/quiche/hpack_block_decoder.o
[1762/51034] CXX obj/net/third_party/quiche/quiche/hpack_decoder_listener.o
[1763/51034] CXX obj/net/third_party/quiche/quiche/unknown_payload_decoder.o
[1764/51034] CXX obj/net/third_party/quiche/quiche/hpack_decoder_string_buffer.o
[1765/51034] CXX obj/net/third_party/quiche/quiche/window_update_payload_decoder.o
[1766/51034] CXX obj/net/third_party/quiche/quiche/hpack_decoding_error.o
[1767/51034] CXX obj/net/third_party/quiche/quiche/hpack_entry_decoder.o
[1768/51034] CXX obj/net/third_party/quiche/quiche/hpack_decoder.o
[1769/51034] CXX obj/net/third_party/quiche/quiche/hpack_entry_decoder_listener.o
[1770/51034] CXX obj/net/third_party/quiche/quiche/hpack_decoder_state.o
[1771/51034] CXX obj/net/third_party/quiche/quiche/hpack_entry_type_decoder.o
[1772/51034] CXX obj/net/third_party/quiche/quiche/hpack_string_decoder.o
[1773/51034] CXX obj/net/third_party/quiche/quiche/hpack_string_decoder_listener.o
[1774/51034] CXX obj/net/third_party/quiche/quiche/hpack_whole_entry_listener.o
[1775/51034] CXX obj/net/third_party/quiche/quiche/hpack_decoder_tables.o
[1776/51034] CXX obj/net/third_party/quiche/quiche/hpack_whole_entry_buffer.o
[1777/51034] CXX obj/net/third_party/quiche/quiche/hpack_entry.o
[1778/51034] CXX obj/net/third_party/quiche/quiche/hpack_constants.o
[1779/51034] CXX obj/net/third_party/quiche/quiche/hpack_output_stream.o
[1780/51034] CXX obj/net/third_party/quiche/quiche/hpack_decoder_adapter.o
[1781/51034] CXX obj/net/third_party/quiche/quiche/hpack_encoder.o
[1782/51034] CXX obj/net/third_party/quiche/quiche/http2_hpack_constants.o
[1783/51034] CXX obj/net/third_party/quiche/quiche/hpack_huffman_encoder.o
[1784/51034] CXX obj/net/third_party/quiche/quiche/huffman_spec_tables.o
[1785/51034] CXX obj/net/third_party/quiche/quiche/hpack_huffman_decoder.o
[1786/51034] CXX obj/net/third_party/quiche/quiche/hpack_header_table.o
[1787/51034] CXX obj/net/third_party/quiche/quiche/hpack_varint_encoder.o
[1788/51034] CXX obj/net/third_party/quiche/quiche/hpack_varint_decoder.o
[1789/51034] CXX obj/net/third_party/quiche/quiche/hpack_static_table.o
[1790/51034] CXX obj/net/third_party/quiche/quiche/chlo_extractor.o
[1791/51034] CXX obj/net/third_party/quiche/quiche/bbr2_drain.o
[1792/51034] CXX obj/net/third_party/quiche/quiche/bandwidth_sampler.o
[1793/51034] CXX obj/net/third_party/quiche/quiche/bbr2_misc.o
[1794/51034] CXX obj/net/third_party/quiche/quiche/bbr2_probe_bw.o
[1795/51034] CXX obj/net/third_party/quiche/quiche/bbr2_probe_rtt.o
[1796/51034] CXX obj/net/third_party/quiche/quiche/bbr2_sender.o
[1797/51034] CXX obj/net/third_party/quiche/quiche/bbr2_startup.o
[1798/51034] CXX obj/net/third_party/quiche/quiche/cubic_bytes.o
[1799/51034] CXX obj/net/third_party/quiche/quiche/bbr_sender.o
[1800/51034] CXX obj/net/third_party/quiche/quiche/hybrid_slow_start.o
[1801/51034] CXX obj/net/third_party/quiche/quiche/general_loss_algorithm.o
[1802/51034] CXX obj/net/third_party/quiche/quiche/prr_sender.o
[1803/51034] CXX obj/net/third_party/quiche/quiche/pacing_sender.o
[1804/51034] CXX obj/net/third_party/quiche/quiche/prague_sender.o
[1805/51034] CXX obj/net/third_party/quiche/quiche/rtt_stats.o
[1806/51034] CXX obj/net/third_party/quiche/quiche/aead_base_decrypter.o
[1807/51034] CXX obj/net/third_party/quiche/quiche/send_algorithm_interface.o
[1808/51034] CXX obj/net/third_party/quiche/quiche/tcp_cubic_sender_bytes.o
[1809/51034] CXX obj/net/third_party/quiche/quiche/uber_loss_algorithm.o
[1810/51034] CXX obj/net/third_party/quiche/quiche/aead_base_encrypter.o
[1811/51034] CXX obj/net/third_party/quiche/quiche/aes_128_gcm_12_decrypter.o
[1812/51034] CXX obj/net/third_party/quiche/quiche/aes_128_gcm_12_encrypter.o
[1813/51034] CXX obj/net/third_party/quiche/quiche/aes_128_gcm_decrypter.o
[1814/51034] CXX obj/net/third_party/quiche/quiche/aes_128_gcm_encrypter.o
[1815/51034] CXX obj/net/third_party/quiche/quiche/aes_256_gcm_decrypter.o
[1816/51034] CXX obj/net/third_party/quiche/quiche/aes_256_gcm_encrypter.o
[1817/51034] CXX obj/net/third_party/quiche/quiche/aes_base_decrypter.o
[1818/51034] CXX obj/net/third_party/quiche/quiche/aes_base_encrypter.o
[1819/51034] CXX obj/net/third_party/quiche/quiche/certificate_util.o
[1820/51034] CXX obj/net/third_party/quiche/quiche/cert_compressor.o
[1821/51034] CXX obj/net/third_party/quiche/quiche/certificate_view.o
[1822/51034] CXX obj/net/third_party/quiche/quiche/chacha20_poly1305_decrypter.o
[1823/51034] CXX obj/net/third_party/quiche/quiche/chacha20_poly1305_encrypter.o
[1824/51034] CXX obj/net/third_party/quiche/quiche/chacha20_poly1305_tls_decrypter.o
[1825/51034] CXX obj/net/third_party/quiche/quiche/chacha20_poly1305_tls_encrypter.o
[1826/51034] CXX obj/net/third_party/quiche/quiche/chacha_base_decrypter.o
[1827/51034] CXX obj/net/third_party/quiche/quiche/chacha_base_encrypter.o
[1828/51034] CXX obj/net/third_party/quiche/quiche/crypto_handshake.o
[1829/51034] CXX obj/net/third_party/quiche/quiche/crypto_framer.o
[1830/51034] CXX obj/net/third_party/quiche/quiche/client_proof_source.o
[1831/51034] CXX obj/net/third_party/quiche/quiche/crypto_secret_boxer.o
[1832/51034] CXX obj/net/third_party/quiche/quiche/curve25519_key_exchange.o
[1833/51034] CXX obj/net/third_party/quiche/quiche/key_exchange.o
[1834/51034] CXX obj/net/third_party/quiche/quiche/crypto_handshake_message.o
[1835/51034] CXX obj/net/third_party/quiche/quiche/p256_key_exchange.o
[1836/51034] CXX obj/net/third_party/quiche/quiche/null_decrypter.o
[1837/51034] CXX obj/net/third_party/quiche/quiche/null_encrypter.o
[1838/51034] CXX obj/net/third_party/quiche/quiche/crypto_utils.o
[1839/51034] CXX obj/net/third_party/quiche/quiche/proof_source.o
[1840/51034] CXX obj/net/third_party/quiche/quiche/quic_crypter.o
[1841/51034] CXX obj/net/third_party/quiche/quiche/proof_source_x509.o
[1842/51034] CXX obj/net/third_party/quiche/quiche/quic_compressed_certs_cache.o
[1843/51034] CXX obj/net/third_party/quiche/quiche/quic_crypto_proof.o
[1844/51034] CXX obj/net/third_party/quiche/quiche/quic_client_session_cache.o
[1845/51034] CXX obj/net/third_party/quiche/quiche/quic_encrypter.o
[1846/51034] CXX obj/net/third_party/quiche/quiche/quic_decrypter.o
[1847/51034] CXX obj/net/third_party/quiche/quiche/quic_hkdf.o
[1848/51034] CXX obj/net/third_party/quiche/quiche/quic_crypto_client_config.o
[1849/51034] CXX obj/net/third_party/quiche/quiche/tls_client_connection.o
[1850/51034] CXX obj/net/third_party/quiche/quiche/tls_connection.o
[1851/51034] CXX obj/net/third_party/quiche/quiche/tls_server_connection.o
[1852/51034] CXX obj/net/third_party/quiche/quiche/web_transport_fingerprint_proof_verifier.o
[1853/51034] CXX obj/net/third_party/quiche/quiche/quic_crypto_server_config.o
[1854/51034] CXX obj/net/third_party/quiche/quiche/deterministic_connection_id_generator.o
[1855/51034] CXX obj/net/third_party/quiche/quiche/transport_parameters.o
[1856/51034] CXX obj/net/third_party/quiche/quiche/quic_ack_frequency_frame.o
[1857/51034] CXX obj/net/third_party/quiche/quiche/quic_ack_frame.o
[1858/51034] CXX obj/net/third_party/quiche/quiche/quic_blocked_frame.o
[1859/51034] CXX obj/net/third_party/quiche/quiche/quic_connection_close_frame.o
[1860/51034] CXX obj/net/third_party/quiche/quiche/quic_crypto_frame.o
[1861/51034] CXX obj/net/third_party/quiche/quiche/quic_datagram_frame.o
[1862/51034] CXX obj/net/third_party/quiche/quiche/quic_goaway_frame.o
[1863/51034] CXX obj/net/third_party/quiche/quiche/quic_frame.o
[1864/51034] CXX obj/net/third_party/quiche/quiche/quic_handshake_done_frame.o
[1865/51034] CXX obj/net/third_party/quiche/quiche/quic_immediate_ack_frame.o
[1866/51034] CXX obj/net/third_party/quiche/quiche/quic_max_streams_frame.o
[1867/51034] CXX obj/net/third_party/quiche/quiche/quic_new_connection_id_frame.o
[1868/51034] CXX obj/net/third_party/quiche/quiche/quic_new_token_frame.o
[1869/51034] CXX obj/net/third_party/quiche/quiche/quic_padding_frame.o
[1870/51034] CXX obj/net/third_party/quiche/quiche/quic_path_challenge_frame.o
[1871/51034] CXX obj/net/third_party/quiche/quiche/quic_path_response_frame.o
[1872/51034] CXX obj/net/third_party/quiche/quiche/quic_ping_frame.o
[1873/51034] CXX obj/net/third_party/quiche/quiche/quic_reset_stream_at_frame.o
[1874/51034] CXX obj/net/third_party/quiche/quiche/quic_retire_connection_id_frame.o
[1875/51034] CXX obj/net/third_party/quiche/quiche/quic_rst_stream_frame.o
[1876/51034] CXX obj/net/third_party/quiche/quiche/quic_stop_sending_frame.o
[1877/51034] CXX obj/net/third_party/quiche/quiche/quic_stop_waiting_frame.o
[1878/51034] CXX obj/net/third_party/quiche/quiche/quic_stream_frame.o
[1879/51034] CXX obj/net/third_party/quiche/quiche/quic_streams_blocked_frame.o
[1880/51034] CXX obj/net/third_party/quiche/quiche/quic_window_update_frame.o
[1881/51034] CXX obj/net/third_party/quiche/quiche/http_constants.o
[1882/51034] CXX obj/net/third_party/quiche/quiche/metadata_decoder.o
[1883/51034] CXX obj/net/third_party/quiche/quiche/http_encoder.o
[1884/51034] CXX obj/net/third_party/quiche/quiche/http_decoder.o
[1885/51034] CXX obj/net/third_party/quiche/quiche/quic_header_list.o
[1886/51034] CXX obj/net/third_party/quiche/quiche/quic_connection_migration_manager.o
[1887/51034] CXX obj/net/third_party/quiche/quiche/quic_receive_control_stream.o
[1888/51034] CXX obj/net/third_party/quiche/quiche/quic_headers_stream.o
[1889/51034] CXX obj/net/third_party/quiche/quiche/quic_send_control_stream.o
[1890/51034] CXX obj/net/third_party/quiche/quiche/quic_server_initiated_spdy_stream.o
[1891/51034] CXX obj/net/third_party/quiche/quiche/quic_server_session_base.o
[1892/51034] CXX obj/net/third_party/quiche/quiche/quic_spdy_client_session.o
[1893/51034] CXX obj/net/third_party/quiche/quiche/quic_spdy_client_session_base.o
[1894/51034] CXX obj/net/third_party/quiche/quiche/quic_spdy_client_session_with_migration.o
[1895/51034] CXX obj/net/third_party/quiche/quiche/quic_spdy_server_stream_base.o
[1896/51034] CXX obj/net/third_party/quiche/quiche/quic_spdy_client_stream.o
[1897/51034] CXX obj/net/third_party/quiche/quiche/quic_spdy_stream_body_manager.o
[1898/51034] CXX obj/net/third_party/quiche/quiche/spdy_utils.o
[1899/51034] CXX obj/net/third_party/quiche/quiche/quic_spdy_session.o
[1900/51034] CXX obj/net/third_party/quiche/quiche/quic_spdy_stream.o
[1901/51034] CXX obj/net/third_party/quiche/quiche/web_transport_http3.o
[1902/51034] CXX obj/net/third_party/quiche/quiche/web_transport_only_dispatcher.o
[1903/51034] CXX obj/net/third_party/quiche/quiche/web_transport_only_server_session.o
[1904/51034] CXX obj/net/third_party/quiche/quiche/qpack_decoded_headers_accumulator.o
[1905/51034] CXX obj/net/third_party/quiche/quiche/web_transport_stream_adapter.o
[1906/51034] CXX obj/net/third_party/quiche/quiche/new_qpack_blocking_manager.o
[1907/51034] CXX obj/net/third_party/quiche/quiche/qpack_decoder_stream_receiver.o
[1908/51034] CXX obj/net/third_party/quiche/quiche/qpack_decoder_stream_sender.o
[1909/51034] CXX obj/net/third_party/quiche/quiche/qpack_decoder.o
[1910/51034] CXX obj/net/third_party/quiche/quiche/qpack_encoder_stream_receiver.o
[1911/51034] CXX obj/net/third_party/quiche/quiche/legacy_quic_stream_id_manager.o
[1912/51034] CXX obj/net/third_party/quiche/quiche/qpack_index_conversions.o
[1913/51034] CXX obj/net/third_party/quiche/quiche/qpack_instruction_decoder.o
[1914/51034] CXX obj/net/third_party/quiche/quiche/qpack_encoder_stream_sender.o
[1915/51034] CXX obj/net/third_party/quiche/quiche/qpack_instruction_encoder.o
[1916/51034] CXX obj/net/third_party/quiche/quiche/qpack_instructions.o
[1917/51034] CXX obj/net/third_party/quiche/quiche/qpack_header_table.o
[1918/51034] CXX obj/net/third_party/quiche/quiche/qpack_required_insert_count.o
[1919/51034] CXX obj/net/third_party/quiche/quiche/qpack_encoder.o
[1920/51034] CXX obj/net/third_party/quiche/quiche/qpack_progressive_decoder.o
[1921/51034] CXX obj/net/third_party/quiche/quiche/qpack_static_table.o
[1922/51034] CXX obj/net/third_party/quiche/quiche/value_splitting_header_list.o
[1923/51034] CXX obj/net/third_party/quiche/quiche/quic_alarm.o
[1924/51034] CXX obj/net/third_party/quiche/quiche/quic_ack_listener_interface.o
[1925/51034] CXX obj/net/third_party/quiche/quiche/qpack_receive_stream.o
[1926/51034] CXX obj/net/third_party/quiche/quiche/quic_bandwidth.o
[1927/51034] CXX obj/net/third_party/quiche/quiche/qpack_send_stream.o
[1928/51034] CXX obj/net/third_party/quiche/quiche/quic_blocked_writer_list.o
[1929/51034] CXX obj/net/third_party/quiche/quiche/quic_chaos_protector.o
[1930/51034] CXX obj/net/third_party/quiche/quiche/quic_coalesced_packet.o
[1931/51034] CXX obj/net/third_party/quiche/quiche/quic_buffered_packet_store.o
[1932/51034] CXX obj/net/third_party/quiche/quiche/quic_config.o
[1933/51034] CXX obj/net/third_party/quiche/quiche/quic_connection_alarms.o
[1934/51034] CXX obj/net/third_party/quiche/quiche/quic_connection_context.o
[1935/51034] CXX obj/net/third_party/quiche/quiche/quic_connection_id.o
[1936/51034] CXX obj/net/third_party/quiche/quiche/quic_connection_stats.o
[1937/51034] CXX obj/net/third_party/quiche/quiche/quic_constants.o
[1938/51034] CXX obj/net/third_party/quiche/quiche/quic_connection_id_manager.o
[1939/51034] CXX obj/net/third_party/quiche/quiche/quic_connection.o
[1940/51034] CXX obj/net/third_party/quiche/quiche/quic_control_frame_manager.o
[1941/51034] CXX obj/net/third_party/quiche/quiche/quic_crypto_client_handshaker.o
[1942/51034] CXX obj/net/third_party/quiche/quiche/quic_crypto_client_stream.o
[1943/51034] CXX obj/net/third_party/quiche/quiche/quic_crypto_handshaker.o
[1944/51034] CXX obj/net/third_party/quiche/quiche/quic_data_reader.o
[1945/51034] CXX obj/net/third_party/quiche/quiche/quic_crypto_server_stream.o
[1946/51034] CXX obj/net/third_party/quiche/quiche/quic_data_writer.o
[1947/51034] CXX obj/net/third_party/quiche/quiche/quic_crypto_server_stream_base.o
[1948/51034] CXX obj/net/third_party/quiche/quiche/quic_default_clock.o
[1949/51034] CXX obj/net/third_party/quiche/quiche/quic_crypto_stream.o
[1950/51034] CXX obj/net/third_party/quiche/quiche/quic_dispatcher_stats.o
[1951/51034] CXX obj/net/third_party/quiche/quiche/quic_error_codes.o
[1952/51034] CXX obj/net/third_party/quiche/quiche/quic_force_blockable_packet_writer.o
[1953/51034] CXX obj/net/third_party/quiche/quiche/quic_datagram_queue.o
[1954/51034] CXX obj/net/third_party/quiche/quiche/quic_flow_controller.o
[1955/51034] CXX obj/net/third_party/quiche/quiche/quic_dispatcher.o
[1956/51034] CXX obj/net/third_party/quiche/quiche/quic_framer.o
[1957/51034] CXX obj/net/third_party/quiche/quiche/quic_idle_network_detector.o
[1958/51034] CXX obj/net/third_party/quiche/quiche/quic_network_blackhole_detector.o
[1959/51034] CXX obj/net/third_party/quiche/quiche/quic_mtu_discovery.o
[1960/51034] CXX obj/net/third_party/quiche/quiche/quic_packet_number.o
[1961/51034] CXX obj/net/third_party/quiche/quiche/quic_generic_session.o
[1962/51034] CXX obj/net/third_party/quiche/quiche/quic_packet_writer_wrapper.o
[1963/51034] CXX obj/net/third_party/quiche/quiche/quic_packet_creator.o
[1964/51034] CXX obj/net/third_party/quiche/quiche/quic_packets.o
[1965/51034] CXX obj/net/third_party/quiche/quiche/quic_ping_manager.o
[1966/51034] CXX obj/net/third_party/quiche/quiche/quic_path_validator.o
[1967/51034] CXX obj/net/third_party/quiche/quiche/quic_queue_alarm_factory.o
[1968/51034] CXX obj/net/third_party/quiche/quiche/quic_server_id.o
[1969/51034] CXX obj/net/third_party/quiche/quiche/quic_socket_address_coder.o
[1970/51034] CXX obj/net/third_party/quiche/quiche/quic_received_packet_manager.o
[1971/51034] CXX obj/net/third_party/quiche/quiche/quic_sent_packet_manager.o
[1972/51034] CXX obj/net/third_party/quiche/quiche/quic_stream_priority.o
[1973/51034] CXX obj/net/third_party/quiche/quiche/quic_stream_id_manager.o
[1974/51034] CXX obj/net/third_party/quiche/quiche/quic_stream_send_buffer.o
[1975/51034] CXX obj/net/third_party/quiche/quiche/quic_stream.o
[1976/51034] CXX obj/net/third_party/quiche/quiche/quic_session.o
[1977/51034] CXX obj/net/third_party/quiche/quiche/quic_stream_send_buffer_base.o
[1978/51034] CXX obj/net/third_party/quiche/quiche/quic_stream_send_buffer_inlining.o
[1979/51034] CXX obj/net/third_party/quiche/quiche/quic_sustained_bandwidth_recorder.o
[1980/51034] CXX obj/net/third_party/quiche/quiche/quic_stream_sequencer_buffer.o
[1981/51034] CXX obj/net/third_party/quiche/quiche/quic_stream_sequencer.o
[1982/51034] CXX obj/net/third_party/quiche/quiche/quic_time.o
[1983/51034] CXX obj/net/third_party/quiche/quiche/quic_tag.o
[1984/51034] CXX obj/net/third_party/quiche/quiche/quic_transmission_info.o
[1985/51034] CXX obj/net/third_party/quiche/quiche/quic_types.o
[1986/51034] CXX obj/net/third_party/quiche/quiche/quic_version_manager.o
[1987/51034] CXX obj/net/third_party/quiche/quiche/quic_unacked_packet_map.o
[1988/51034] CXX obj/net/third_party/quiche/quiche/quic_utils.o
[1989/51034] CXX obj/net/third_party/quiche/quiche/quic_versions.o
[1990/51034] CXX obj/net/third_party/quiche/quiche/quic_time_wait_list_manager.o
[1991/51034] CXX obj/net/third_party/quiche/quiche/tls_chlo_extractor.o
[1992/51034] CXX obj/net/third_party/quiche/quiche/quic_write_blocked_list.o
[1993/51034] CXX obj/net/third_party/quiche/quiche/tls_client_handshaker.o
[1994/51034] CXX obj/net/third_party/quiche/quiche/uber_quic_stream_id_manager.o
[1995/51034] CXX obj/net/third_party/quiche/quiche/tls_handshaker.o
[1996/51034] CXX obj/net/third_party/quiche/quiche/tls_server_handshaker.o
[1997/51034] CXX obj/net/third_party/quiche/quiche/uber_received_packet_manager.o
[1998/51034] CXX obj/net/third_party/quiche/quiche/complete_buffer_visitor.o
[1999/51034] CXX obj/net/third_party/quiche/quiche/web_transport_headers.o
[2000/51034] CXX obj/net/third_party/quiche/quiche/web_transport_stats.o
[2001/51034] CXX obj/net/third_party/quiche/quiche/encapsulated_web_transport.o
[2002/51034] CXX obj/net/third_party/quiche/quiche/web_transport_write_blocked_list.o
[2003/51034] CXX obj/net/third_party/quiche/quiche/oblivious_http_request.o
[2004/51034] CXX obj/net/third_party/quiche/quiche/oblivious_http_response.o
[2005/51034] CXX obj/net/third_party/quiche/quiche/binary_http_message.o
[2006/51034] CXX obj/net/third_party/quiche/quiche/web_transport_priority_scheduler.o
[2007/51034] SOLINK ./libnet_third_party_uri_template.so
[2008/51034] AR obj/third_party/brotli/libcommon.a
[2009/51034] CC obj/third_party/brotli/dec/bit_reader.o
[2010/51034] CXX obj/net/third_party/quiche/quiche/oblivious_http_gateway.o
[2011/51034] CXX obj/net/third_party/quiche/quiche/oblivious_http_client.o
[2012/51034] CC obj/third_party/brotli/dec/prefix.o
[2013/51034] CC obj/third_party/brotli/dec/state.o
[2014/51034] CC obj/third_party/brotli/dec/huffman.o
[2015/51034] CC obj/third_party/brotli/dec/static_init.o
[2016/51034] CC obj/third_party/brotli/dec/decode.o
[2017/51034] ACTION //third_party/devtools-frontend/src/front_end/panels/network/forward:forward(//build/toolchain/linux:clang_x64)
[2018/51034] ACTION //third_party/devtools-frontend/src/front_end/services/trace_bounds:trace_bounds(//build/toolchain/linux:clang_x64)
[2019/51034] ACTION //third_party/devtools-frontend/src/front_end/panels/timeline/utils:utils(//build/toolchain/linux:clang_x64)
[2020/51034] CXX obj/net/third_party/quiche/quiche/oblivious_http_header_key_config.o
[2021/51034] ACTION //third_party/devtools-frontend/src/front_end/panels/css_overview:css_files(//build/toolchain/linux:clang_x64)
[2022/51034] ACTION //third_party/devtools-frontend/src/front_end/ui/components/issue_counter:issue_counter(//build/toolchain/linux:clang_x64)
[2023/51034] ACTION //third_party/devtools-frontend/src/front_end/ui/components/diff_view:css_files(//build/toolchain/linux:clang_x64)
[2024/51034] ACTION //third_party/devtools-frontend/src/front_end/ui/components/settings:settings(//build/toolchain/linux:clang_x64)
[2025/51034] ACTION //third_party/devtools-frontend/src/front_end/ui/components/issue_counter:css_files(//build/toolchain/linux:clang_x64)
[2026/51034] ACTION //third_party/devtools-frontend/src/front_end/ui/legacy/components/quick_open:bundle(//build/toolchain/linux:clang_x64)
[2027/51034] ACTION //third_party/devtools-frontend/src/front_end/panels/css_overview:css_overview(//build/toolchain/linux:clang_x64)
[2028/51034] ACTION //third_party/devtools-frontend/src/front_end/ui/legacy/components/source_frame:source_frame(//build/toolchain/linux:clang_x64)
[2029/51034] SOLINK ./libthird_party_protobuf_protobuf_lite.so
[2030/51034] ACTION //third_party/devtools-frontend/src/front_end/ui/components/settings:css_files(//build/toolchain/linux:clang_x64)
[2031/51034] ACTION //third_party/devtools-frontend/src/front_end/ui/legacy/components/source_frame:css_files(//build/toolchain/linux:clang_x64)
[2032/51034] CXX obj/third_party/re2/re2/bitmap256.o
[2033/51034] CXX obj/third_party/re2/re2/bitstate.o
[2034/51034] CXX obj/third_party/re2/re2/mimics_pcre.o
[2035/51034] CXX obj/third_party/re2/re2/compile.o
[2036/51034] CXX obj/third_party/re2/re2/filtered_re2.o
[2037/51034] CXX obj/third_party/re2/re2/nfa.o
[2038/51034] CXX obj/third_party/re2/re2/perl_groups.o
[2039/51034] CXX obj/third_party/re2/re2/dfa.o
[2040/51034] CXX obj/third_party/re2/re2/onepass.o
[2041/51034] CXX obj/third_party/re2/re2/parse.o
[2042/51034] CXX obj/third_party/re2/re2/prefilter.o
[2043/51034] CXX obj/third_party/re2/re2/re2.o
[2044/51034] CXX obj/third_party/re2/re2/prog.o
[2045/51034] CXX obj/third_party/re2/re2/prefilter_tree.o
[2046/51034] CXX obj/third_party/re2/re2/simplify.o
[2047/51034] CXX obj/third_party/re2/re2/unicode_casefold.o
[2048/51034] CXX obj/third_party/re2/re2/set.o
[2049/51034] CXX obj/third_party/re2/re2/rune.o
[2050/51034] CXX obj/third_party/re2/re2/unicode_groups.o
[2051/51034] CXX obj/third_party/re2/re2/strutil.o
[2052/51034] ACTION //url:buildflags(//build/toolchain/linux:clang_x64)
[2053/51034] RUST obj/third_party/rust/bytemuck/v1/lib/libbytemuck_lib.rlib obj/third_party/rust/bytemuck/v1/lib/libbytemuck_lib.rmeta obj/third_party/rust/bytemuck/v1/lib.rustflags.json obj/third_party/rust/bytemuck/v1/lib.rsp.rust
[2054/51034] CXX obj/third_party/re2/re2/tostring.o
[2055/51034] AR obj/base/version_info/libversion_info.a
[2056/51034] AR obj/components/network_time/time_tracker/libtime_tracker.a
[2057/51034] ACTION //net:net_resources_grit(//build/toolchain/linux:clang_x64)
[2058/51034] AR obj/net/libdevice_bound_sessions_storage_proto.a
[2059/51034] AR obj/net/libisolation_info_proto.a
[2060/51034] SOLINK ./liburl.so
[2061/51034] CXX obj/third_party/re2/re2/regexp.o
[2062/51034] AR obj/net/libpreload_decoder.a
[2063/51034] AR obj/net/cert/libroot_store_proto_lite.a
[2064/51034] SOLINK ./libsql.so
[2065/51034] SOLINK ./libcomponents_performance_manager_scenario_api.so
[2066/51034] AR obj/components/sqlite_proto/libsqlite_proto.a
[2067/51034] SOLINK ./libcomponents_unexportable_keys.so
[2068/51034] CXX obj/mojo/core/embedder/features/features.o
[2069/51034] AR obj/third_party/brotli/libdec.a
[2070/51034] AR obj/third_party/re2/libre2.a
[2071/51034] SOLINK ./libnet_third_party_quiche.so
[2072/51034] CC obj/third_party/zstd/common/debug.o
[2073/51034] CC obj/third_party/zstd/common/entropy_common.o
[2074/51034] CC obj/third_party/zstd/common/error_private.o
[2075/51034] CC obj/third_party/zstd/common/fse_decompress.o
[2076/51034] CC obj/third_party/zstd/common/pool.o
[2077/51034] CC obj/third_party/zstd/common/threading.o
[2078/51034] CC obj/third_party/zstd/common/xxhash.o
[2079/51034] CC obj/third_party/zstd/common/zstd_common.o
[2080/51034] RUST obj/third_party/rust/font_types/v0_11/lib/libfont_types_lib.rlib obj/third_party/rust/font_types/v0_11/lib/libfont_types_lib.rmeta obj/third_party/rust/font_types/v0_11/lib.rustflags.json obj/third_party/rust/font_types/v0_11/lib.rsp.rust
[2081/51034] CC obj/third_party/zstd/decompress/zstd_ddict.o
[2082/51034] CC obj/third_party/zstd/decompress/huf_decompress.o
[2083/51034] CC obj/third_party/zstd/decompress/zstd_decompress.o
[2084/51034] ASM obj/third_party/zstd/decompress/huf_decompress_amd64.o
[2085/51034] CC obj/third_party/zstd/decompress/zstd_decompress_block.o
[2086/51034] CXX obj/net/net_nqe_proto/network_id_proto.pb.o
[2087/51034] CXX obj/net/third_party/quiche/net_quic_test_tools_proto/send_algorithm_test_result.pb.o
[2088/51034] CXX obj/ui/base/glib/glib/scoped_gsignal.o
[2089/51034] CXX obj/ui/base/glib/glib/gsettings.o
[2090/51034] CXX obj/net/net/auth.o
[2091/51034] CXX obj/net/net/backoff_entry.o
[2092/51034] CXX obj/net/net/address_family.o
[2093/51034] CXX obj/net/net/backoff_entry_serializer.o
[2094/51034] CXX obj/net/net/base64.o
[2095/51034] CXX obj/net/net/connection_migration_information.o
[2096/51034] CXX obj/net/net/address_list.o
[2097/51034] CXX obj/net/net/connection_endpoint_metadata.o
[2098/51034] CXX obj/net/net/chunked_upload_data_stream.o
[2099/51034] CXX obj/net/net/does_url_match_filter.o
[2100/51034] CXX obj/net/net/data_url.o
[2101/51034] CXX obj/net/net/elements_upload_data_stream.o
[2102/51034] CXX obj/net/net/filename_util.o
[2103/51034] CXX obj/net/net/file_stream.o
[2104/51034] CXX obj/net/net/hash_value.o
[2105/51034] CXX obj/net/net/features.o
[2106/51034] CXX obj/net/net/filename_util_internal.o
[2107/51034] CXX obj/net/net/file_stream_context.o
[2108/51034] CXX obj/net/net/hex_utils.o
[2109/51034] CXX obj/net/net/host_mapping_rules.o
[2110/51034] CXX obj/net/net/io_buffer.o
[2111/51034] CXX obj/net/net/host_port_pair.o
[2112/51034] CXX obj/net/net/ip_address_util.o
[2113/51034] CXX obj/net/net/ip_endpoint.o
[2114/51034] CXX obj/net/net/ip_address.o
[2115/51034] CXX obj/net/net/load_timing_info.o
[2116/51034] CXX obj/net/net/load_timing_internal_info.o
[2117/51034] CXX obj/net/net/load_flags_to_string.o
[2118/51034] CXX obj/net/net/lookup_string_in_fixed_set.o
[2119/51034] CXX obj/net/net/mime_sniffer.o
[2120/51034] CXX obj/net/net/net_errors.o
[2121/51034] CXX obj/net/net/net_module.o
[2122/51034] CXX obj/net/net/mime_util.o
[2123/51034] CXX obj/net/net/logging_network_change_observer.o
[2124/51034] CXX obj/net/net/network_activity_monitor.o
[2125/51034] CXX obj/net/net/isolation_info.o
[2126/51034] CXX obj/net/net/net_platform_api_util.o
[2127/51034] CXX obj/net/net/network_anonymization_key.o
[2128/51034] CXX obj/net/net/network_delegate_impl.o
[2129/51034] CXX obj/net/net/network_interfaces.o
[2130/51034] CXX obj/net/net/network_isolation_partition.o
[2131/51034] CXX obj/net/net/network_isolation_key.o
[2132/51034] CXX obj/net/net/parse_number.o
[2133/51034] CXX obj/net/net/prioritized_dispatcher.o
[2134/51034] CXX obj/net/net/prioritized_task_runner.o
[2135/51034] CXX obj/net/net/network_delegate.o
[2136/51034] CXX obj/net/net/privacy_mode.o
[2137/51034] CXX obj/net/net/port_util.o
[2138/51034] CXX obj/net/net/proxy_chain.o
[2139/51034] CXX obj/net/net/proxy_delegate.o
[2140/51034] CXX obj/net/net/proxy_server.o
[2141/51034] CXX obj/net/net/reconnect_notifier.o
[2142/51034] CXX obj/net/net/request_priority.o
[2143/51034] CXX obj/net/net/proxy_string_util.o
[2144/51034] CXX obj/net/net/network_change_notifier.o
[2145/51034] CXX obj/net/net/registry_controlled_domain.o
[2146/51034] CXX obj/net/net/sockaddr_storage.o
[2147/51034] CXX obj/net/net/task_runner.o
[2148/51034] CXX obj/net/net/schemeful_site.o
[2149/51034] CXX obj/net/net/scheme_host_port_matcher.o
[2150/51034] CXX obj/net/net/scheme_host_port_matcher_rule.o
[2151/51034] CXX obj/net/net/upload_element_reader.o
[2152/51034] CXX obj/net/net/upload_data_stream.o
[2153/51034] CXX obj/net/net/upload_bytes_element_reader.o
[2154/51034] CXX obj/net/net/transport_info.o
[2155/51034] CXX obj/net/net/url_unescape_iterator.o
[2156/51034] CXX obj/net/net/url_search_params.o
[2157/51034] CXX obj/net/net/upload_file_element_reader.o
[2158/51034] CXX obj/net/net/url_search_params_view.o
[2159/51034] CXX obj/net/net/asn1_util.o
[2160/51034] CXX obj/net/net/cert_status_flags.o
[2161/51034] CXX obj/net/net/cert_database.o
[2162/51034] CXX obj/net/net/url_util.o
[2163/51034] CXX obj/net/net/caching_cert_verifier.o
[2164/51034] CXX obj/net/net/cert_verifier.o
[2165/51034] CXX obj/net/net/cert_verify_result.o
[2166/51034] CXX obj/net/net/cert_verify_proc.o
[2167/51034] CXX obj/net/net/cert_verify_proc_builtin.o
[2168/51034] CXX obj/net/net/coalescing_cert_verifier.o
[2169/51034] CXX obj/net/net/ct_log_response_parser.o
[2170/51034] CXX obj/net/net/ct_log_verifier_util.o
[2171/51034] CXX obj/net/net/ct_log_verifier.o
[2172/51034] CXX obj/net/net/ct_policy_status.o
[2173/51034] CXX obj/net/net/ct_policy_enforcer.o
[2174/51034] CXX obj/net/net/crl_set.o
[2175/51034] CXX obj/net/net/ct_sct_to_string.o
[2176/51034] CXX obj/net/net/ct_objects_extractor.o
[2177/51034] CXX obj/net/net/ct_serialization.o
[2178/51034] CXX obj/net/net/do_nothing_ct_verifier.o
[2179/51034] CXX obj/net/net/ct_signed_certificate_timestamp_log_param.o
[2180/51034] CXX obj/net/net/platform_trust_store.o
[2181/51034] CXX obj/net/net/ev_root_ca_metadata.o
[2182/51034] CXX obj/net/net/cert_issuer_source_aia.o
[2183/51034] CXX obj/net/net/merkle_audit_proof.o
[2184/51034] CXX obj/net/net/known_roots.o
[2185/51034] CXX obj/net/net/merkle_consistency_proof.o
[2186/51034] CXX obj/net/net/revocation_checker.o
[2187/51034] CXX obj/net/net/merkle_tree_leaf.o
[2188/51034] CXX obj/net/net/qwac.o
[2189/51034] CXX obj/net/net/system_trust_store.o
[2190/51034] CXX obj/net/net/sct_status_flags.o
[2191/51034] CXX obj/net/net/multi_log_ct_verifier.o
[2192/51034] CXX obj/net/net/require_ct_delegate.o
[2193/51034] CXX obj/net/net/signed_certificate_timestamp_and_status.o
[2194/51034] CXX obj/net/net/signed_certificate_timestamp.o
[2195/51034] CXX obj/net/net/time_conversions.o
[2196/51034] CXX obj/net/net/signed_tree_head.o
[2197/51034] CXX obj/net/net/x509_cert_types.o
[2198/51034] CXX obj/net/net/test_root_certs.o
[2199/51034] CXX obj/net/net/x509_certificate_net_log_param.o
[2200/51034] CXX obj/net/net/two_qwac.o
[2201/51034] CXX obj/net/net/multi_threaded_cert_verifier.o
[2202/51034] CXX obj/net/net/x509_util.o
[2203/51034] CXX obj/net/net/x509_certificate.o
[2204/51034] CXX obj/net/net/cookie_access_result.o
[2205/51034] CXX obj/net/net/cookie_access_delegate.o
[2206/51034] CXX obj/net/net/canonical_cookie.o
[2207/51034] CXX obj/net/net/cookie_base.o
[2208/51034] CXX obj/net/net/cert_net_fetcher_url_request.o
[2209/51034] CXX obj/net/net/cookie_constants.o
[2210/51034] CXX obj/net/net/cookie_change_dispatcher.o
[2211/51034] CXX obj/net/net/cookie_inclusion_status.o
[2212/51034] CXX obj/net/net/cookie_deletion_info.o
[2213/51034] CXX obj/net/net/cookie_options.o
[2214/51034] CXX obj/net/net/cookie_monster_change_dispatcher.o
[2215/51034] CXX obj/net/net/cookie_monster_netlog_params.o
[2216/51034] CXX obj/net/net/cookie_partition_key.o
[2217/51034] CXX obj/net/net/cookie_store.o
[2218/51034] CXX obj/net/net/cookie_partition_key_collection.o
[2219/51034] CXX obj/net/net/ref_unique_cookie_key.o
[2220/51034] CXX obj/net/net/cookie_monster.o
[2221/51034] CXX obj/net/net/parsed_cookie.o
[2222/51034] CXX obj/net/net/cookie_util.o
[2223/51034] CXX obj/net/net/site_for_cookies.o
[2224/51034] CXX obj/net/net/static_cookie_policy.o
[2225/51034] CXX obj/net/net/cookie_craving_display.o
[2226/51034] CXX obj/net/net/failed_request.o
[2227/51034] CXX obj/net/net/unique_cookie_key.o
[2228/51034] CXX obj/net/net/session_access.o
[2229/51034] CXX obj/net/net/session_inclusion_rules_display.o
[2230/51034] CXX obj/net/net/session_display.o
[2231/51034] CXX obj/net/net/session_event.o
[2232/51034] CXX obj/net/net/session_params.o
[2233/51034] CXX obj/net/net/session_key.o
[2234/51034] CXX obj/net/net/url_rule_display.o
[2235/51034] CXX obj/net/net/session_usage.o
[2236/51034] CXX obj/net/net/basic_cache_file.o
[2237/51034] CXX obj/net/net/backend_experiment.o
[2238/51034] CXX obj/net/net/addr.o
[2239/51034] CXX obj/net/net/backend_cleanup_tracker.o
[2240/51034] CXX obj/net/net/disk_format.o
[2241/51034] CXX obj/net/net/bitmap.o
[2242/51034] CXX obj/net/net/block_files.o
[2243/51034] CXX obj/net/net/file.o
[2244/51034] CXX obj/net/net/file_lock.o
[2245/51034] CXX obj/net/net/entry_impl.o
[2246/51034] CXX obj/net/net/eviction.o
[2247/51034] CXX obj/net/net/in_flight_io.o
[2248/51034] CXX obj/net/net/in_flight_backend_io.o
[2249/51034] CXX obj/net/net/mapped_file.o
[2250/51034] CXX obj/net/net/backend_impl.o
[2251/51034] CXX obj/net/net/stats.o
[2252/51034] CXX obj/net/net/rankings.o
[2253/51034] CXX obj/net/net/cache_util.o
[2254/51034] CXX obj/net/net/sparse_control.o
[2255/51034] CXX obj/net/net/net_log_parameters.o
[2256/51034] CXX obj/net/net/mem_backend_impl.o
[2257/51034] CXX obj/net/net/post_operation_waiter.o
[2258/51034] CXX obj/net/net/simple_entry_format.o
[2259/51034] CXX obj/net/net/mem_entry_impl.o
[2260/51034] CXX obj/net/net/disk_cache.o
[2261/51034] CXX obj/net/net/simple_file_enumerator.o
[2262/51034] CXX obj/net/net/simple_entry_operation.o
[2263/51034] CXX obj/net/net/simple_file_tracker.o
[2264/51034] CXX obj/net/net/simple_backend_impl.o
[2265/51034] CXX obj/net/net/simple_net_log_parameters.o
[2266/51034] CXX obj/net/net/simple_entry_impl.o
[2267/51034] CXX obj/net/net/simple_index.o
[2268/51034] CXX obj/net/net/simple_index_file.o
[2269/51034] CXX obj/net/net/trivial_cache_entry_hasher.o
[2270/51034] CXX obj/net/net/simple_util.o
[2271/51034] CXX obj/net/net/gzip_header.o
[2272/51034] CXX obj/net/net/simple_version_upgrade.o
[2273/51034] CXX obj/net/net/source_stream.o
[2274/51034] CXX obj/net/net/simple_synchronous_entry.o
[2275/51034] CXX obj/net/net/addition_overlaps_union_find.o
[2276/51034] CXX obj/net/net/gzip_source_stream.o
[2277/51034] CXX obj/net/net/first_party_set_entry.o
[2278/51034] CXX obj/net/net/first_party_set_entry_override.o
[2279/51034] CXX obj/net/net/first_party_set_metadata.o
[2280/51034] CXX obj/net/net/first_party_sets_cache_filter.o
[2281/51034] CXX obj/net/net/filter_source_stream.o
[2282/51034] CXX obj/net/net/first_party_sets_validator.o
[2283/51034] CXX obj/net/net/first_party_sets_context_config.o
[2284/51034] CXX obj/net/net/local_set_declaration.o
[2285/51034] CXX obj/net/net/sets_mutation.o
[2286/51034] CXX obj/net/net/global_first_party_sets.o
[2287/51034] CXX obj/net/net/bidirectional_stream_impl.o
[2288/51034] CXX obj/net/net/bidirectional_stream_request_info.o
[2289/51034] CXX obj/net/net/alternative_service.o
[2290/51034] CXX obj/net/net/http_auth_cache.o
[2291/51034] CXX obj/net/net/http_auth.o
[2292/51034] CXX obj/net/net/broken_alternative_services.o
[2293/51034] CXX obj/net/net/http_auth_challenge_tokenizer.o
[2294/51034] CXX obj/net/net/http_auth_filter.o
[2295/51034] CXX obj/net/net/http_auth_handler.o
[2296/51034] CXX obj/net/net/http_auth_handler_basic.o
[2297/51034] CXX obj/net/net/bidirectional_stream.o
[2298/51034] CXX obj/net/net/http_auth_handler_digest.o
[2299/51034] CXX obj/net/net/http_auth_multi_round_parse.o
[2300/51034] CXX obj/net/net/http_auth_handler_ntlm.o
[2301/51034] CXX obj/net/net/http_auth_handler_factory.o
[2302/51034] CXX obj/net/net/http_auth_preferences.o
[2303/51034] CXX obj/net/net/http_byte_range.o
[2304/51034] CXX obj/net/net/http_basic_state.o
[2305/51034] CXX obj/net/net/http_auth_controller.o
[2306/51034] CXX obj/net/net/http_cache_util.o
[2307/51034] CXX obj/net/net/http_basic_stream.o
[2308/51034] CXX obj/net/net/http_chunked_decoder.o
[2309/51034] CXX obj/net/net/http_connection_info.o
[2310/51034] CXX obj/net/net/http_content_disposition.o
[2311/51034] CXX obj/net/net/http_cache.o
[2312/51034] CXX obj/net/net/http_cache_writers.o
[2313/51034] CXX obj/net/net/http_cookie_indices.o
[2314/51034] CXX obj/net/net/http_cache_transaction.o
[2315/51034] CXX obj/net/net/http_log_util.o
[2316/51034] CXX obj/net/net/http_network_layer.o
[2317/51034] CXX obj/net/net/http_network_session.o
[2318/51034] CXX obj/net/net/http_network_session_peer.o
[2319/51034] CXX obj/net/net/http_no_vary_search_data.o
[2320/51034] CXX obj/net/net/http_raw_request_headers.o
[2321/51034] CXX obj/net/net/http_request_headers.o
[2322/51034] CXX obj/net/net/http_network_transaction.o
[2323/51034] CXX obj/net/net/http_request_info.o
[2324/51034] CXX obj/net/net/http_response_headers.o
[2325/51034] CXX obj/net/net/http_proxy_client_socket.o
[2326/51034] CXX obj/net/net/http_security_headers.o
[2327/51034] CXX obj/net/net/http_proxy_connect_job.o
[2328/51034] CXX obj/net/net/http_response_info.o
[2329/51034] CXX obj/net/net/http_status_code.o
[2330/51034] CXX obj/net/net/http_stream.o
[2331/51034] CXX obj/net/net/http_response_body_drainer.o
[2332/51034] CXX obj/net/net/http_server_properties_manager.o
[2333/51034] CXX obj/net/net/http_server_properties.o
[2334/51034] CXX obj/net/net/http_stream_factory.o
[2335/51034] CXX obj/net/net/http_stream_factory_job.o
[2336/51034] CXX obj/net/net/http_stream_key.o
[2337/51034] CXX obj/net/net/http_stream_factory_job_controller.o
[2338/51034] CXX obj/net/net/http_stream_parser.o
[2339/51034] CXX obj/net/net/http_stream_pool.o
[2340/51034] CXX obj/net/net/http_stream_pool_attempt.o
[2341/51034] CXX obj/net/net/http_stream_pool_group.o
[2342/51034] CXX obj/net/net/http_stream_pool_attempt_manager.o
[2343/51034] CXX obj/net/net/http_stream_pool_handle.o
[2344/51034] CXX obj/net/net/http_stream_pool_ip_endpoint_state_tracker.o
[2345/51034] CXX obj/net/net/http_stream_pool_job.o
[2346/51034] CXX obj/net/net/http_stream_pool_request_info.o
[2347/51034] CXX obj/net/net/http_stream_pool_job_controller.o
[2348/51034] CXX obj/net/net/http_util.o
[2349/51034] CXX obj/net/net/http_stream_pool_quic_attempt.o
[2350/51034] CXX obj/net/net/http_vary_data.o
[2351/51034] CXX obj/net/net/http_stream_pool_tcp_based_attempt.o
[2352/51034] CXX obj/net/net/http_stream_request.o
[2353/51034] CXX obj/net/net/no_vary_search_cache.o
[2354/51034] CXX obj/net/net/partial_data.o
[2355/51034] CXX obj/net/net/no_vary_search_cache_storage_file_operations.o
[2356/51034] CXX obj/net/net/no_vary_search_cache_storage.o
[2357/51034] CXX obj/net/net/proxy_fallback.o
[2358/51034] CXX obj/net/net/url_security_manager.o
[2359/51034] CXX obj/net/net/proxy_client_socket.o
[2360/51034] CXX obj/net/net/transport_security_persister.o
[2361/51034] CXX obj/net/net/net_log.o
[2362/51034] CXX obj/net/net/net_log_event_type.o
[2363/51034] CXX obj/net/net/net_log_capture_mode.o
[2364/51034] CXX obj/net/net/net_log_entry.o
[2365/51034] CXX obj/net/net/net_log_source.o
[2366/51034] CXX obj/net/net/net_log_values.o
[2367/51034] CXX obj/net/net/net_log_with_source.o
[2368/51034] CXX obj/net/net/cached_network_quality.o
[2369/51034] CXX obj/net/net/effective_connection_type.o
[2370/51034] CXX obj/net/net/event_creator.o
[2371/51034] CXX obj/net/net/file_net_log_observer.o
[2372/51034] CXX obj/net/net/trace_net_log_observer.o
[2373/51034] CXX obj/net/net/network_quality.o
[2374/51034] CXX obj/net/net/network_qualities_prefs_manager.o
[2375/51034] CXX obj/net/net/network_id.o
[2376/51034] CXX obj/net/net/network_quality_estimator_params.o
[2377/51034] CXX obj/net/net/network_quality_observation.o
[2378/51034] CXX obj/net/net/network_quality_store.o
[2379/51034] CXX obj/net/net/network_quality_estimator_util.o
[2380/51034] CXX obj/net/net/pref_names.o
[2381/51034] CXX obj/net/net/network_quality_estimator.o
[2382/51034] CXX obj/net/net/socket_watcher_factory.o
[2383/51034] CXX obj/net/net/socket_watcher.o
[2384/51034] CXX obj/net/net/net_log_util.o
[2385/51034] CXX obj/net/net/observation_buffer.o
[2386/51034] CXX obj/net/net/dhcp_pac_file_fetcher.o
[2387/51034] CXX obj/net/net/throughput_analyzer.o
[2388/51034] CXX obj/net/net/multi_threaded_proxy_resolver.o
[2389/51034] CXX obj/net/net/configured_proxy_resolution_request.o
[2390/51034] CXX obj/net/net/pac_file_data.o
[2391/51034] CXX obj/net/net/network_delegate_error_observer.o
[2392/51034] CXX obj/net/net/pac_file_fetcher.o
[2393/51034] CXX obj/net/net/configured_proxy_resolution_service.o
[2394/51034] CXX obj/net/net/polling_proxy_config_service.o
[2395/51034] CXX obj/net/net/proxy_config.o
[2396/51034] CXX obj/net/net/proxy_config_service.o
[2397/51034] CXX obj/net/net/pac_file_decider.o
[2398/51034] CXX obj/net/net/pac_file_fetcher_impl.o
[2399/51034] CXX obj/net/net/proxy_config_service_fixed.o
[2400/51034] CXX obj/net/net/proxy_config_with_annotation.o
[2401/51034] CXX obj/net/net/proxy_info.o
[2402/51034] CXX obj/net/net/proxy_host_matching_rules.o
[2403/51034] CXX obj/net/net/proxy_list.o
[2404/51034] CXX obj/net/net/proxy_resolver_factory.o
[2405/51034] CXX obj/net/net/proxy_resolution_service.o
[2406/51034] CXX obj/net/net/resolve_host_request.o
[2407/51034] CXX obj/net/net/proof_source_chromium.o
[2408/51034] CXX obj/net/net/network_connection.o
[2409/51034] CXX obj/net/net/quic_chromium_clock.o
[2410/51034] CXX obj/net/net/proof_verifier_chromium.o
[2411/51034] CXX obj/net/net/quic_address_mismatch.o
[2412/51034] CXX obj/net/net/bidirectional_stream_quic_impl.o
[2413/51034] CXX obj/net/net/quic_chromium_alarm_factory.o
[2414/51034] CXX obj/net/net/properties_based_quic_server_info.o
[2415/51034] CXX obj/net/net/quic_chromium_connection_helper.o
[2416/51034] CXX obj/net/net/quic_chromium_packet_reader.o
[2417/51034] CXX obj/net/net/dedicated_web_transport_http3_client.o
[2418/51034] CXX obj/net/net/quic_clock_skew_detector.o
[2419/51034] CXX obj/net/net/quic_chromium_client_stream.o
[2420/51034] CXX obj/net/net/quic_chromium_packet_writer.o
[2421/51034] CXX obj/net/net/quic_chromium_client_session.o
[2422/51034] CXX obj/net/net/quic_crypto_client_config_handle.o
[2423/51034] CXX obj/net/net/quic_connection_logger.o
[2424/51034] CXX obj/net/net/quic_endpoint.o
[2425/51034] CXX obj/net/net/quic_context.o
[2426/51034] CXX obj/net/net/quic_connectivity_monitor.o
[2427/51034] CXX obj/net/net/quic_event_logger.o
[2428/51034] CXX obj/net/net/quic_crypto_client_stream_factory.o
[2429/51034] CXX obj/net/net/quic_http3_logger.o
[2430/51034] CXX obj/net/net/quic_http_utils.o
[2431/51034] CXX obj/net/net/quic_server_info.o
[2432/51034] CXX obj/net/net/quic_session_alias_key.o
[2433/51034] CXX obj/net/net/quic_http_stream.o
[2434/51034] CXX obj/net/net/quic_proxy_client_socket.o
[2435/51034] CXX obj/net/net/quic_proxy_datagram_client_socket.o
[2436/51034] CXX obj/net/net/quic_session_key.o
[2437/51034] CXX obj/net/net/quic_session_attempt.o
[2438/51034] CXX obj/net/net/quic_session_attempt_manager.o
[2439/51034] CXX obj/net/net/quic_session_attempt_request.o
[2440/51034] CXX obj/net/net/quic_session_pool.o
[2441/51034] CXX obj/net/net/set_quic_flag.o
[2442/51034] CXX obj/net/net/quic_session_pool_direct_job.o
[2443/51034] CXX obj/net/net/web_transport_error.o
[2444/51034] CXX obj/net/net/quic_session_pool_job.o
[2445/51034] CXX obj/net/net/shared_dictionary_header_checker_source_stream.o
[2446/51034] CXX obj/net/net/shared_dictionary_isolation_key.o
[2447/51034] CXX obj/net/net/quic_session_pool_proxy_job.o
[2448/51034] CXX obj/net/net/web_transport_client.o
[2449/51034] CXX obj/net/net/client_socket_factory.o
[2450/51034] CXX obj/net/net/shared_dictionary_network_transaction_factory.o
[2451/51034] CXX obj/net/net/shared_dictionary_network_transaction.o
[2452/51034] CXX obj/net/net/client_socket_handle.o
[2453/51034] CXX obj/net/net/client_socket_pool.o
[2454/51034] CXX obj/net/net/client_socket_pool_manager.o
[2455/51034] CXX obj/net/net/client_socket_pool_manager_impl.o
[2456/51034] CXX obj/net/net/connect_job.o
[2457/51034] CXX obj/net/net/connect_job_factory.o
[2458/51034] CXX obj/net/net/next_proto.o
[2459/51034] CXX obj/net/net/server_socket.o
[2460/51034] CXX obj/net/net/network_binding_client_socket_factory.o
[2461/51034] CXX obj/net/net/socket.o
[2462/51034] CXX obj/net/net/socket_descriptor.o
[2463/51034] CXX obj/net/net/socket_bio_adapter.o
[2464/51034] CXX obj/net/net/connect_job_params.o
[2465/51034] CXX obj/net/net/socket_net_log_params.o
[2466/51034] CXX obj/net/net/socket_tag.o
[2467/51034] CXX obj/net/net/socket_options.o
[2468/51034] CXX obj/net/net/socket_pool_additional_capacity.o
[2469/51034] CXX obj/net/net/connect_job_params_factory.o
[2470/51034] CXX obj/net/net/socks5_client_socket.o
[2471/51034] CXX obj/net/net/socks_client_socket.o
[2472/51034] CXX obj/net/net/ssl_client_socket.o
[2473/51034] CXX obj/net/net/socks_connect_job.o
[2474/51034] CXX obj/net/net/ssl_client_socket_impl.o
[2475/51034] CXX obj/net/net/ssl_server_socket_impl.o
[2476/51034] CXX obj/net/net/stream_socket_close_reason.o
[2477/51034] CXX obj/net/net/stream_socket.o
[2478/51034] CXX obj/net/net/stream_socket_handle.o
[2479/51034] CXX obj/net/net/tcp_client_socket.o
[2480/51034] CXX obj/net/net/ssl_connect_job.o
[2481/51034] CXX obj/net/net/tcp_server_socket.o
[2482/51034] CXX obj/net/net/stream_attempt.o
[2483/51034] CXX obj/net/net/tcp_connect_job.o
[2484/51034] CXX obj/net/net/transport_client_socket.o
[2485/51034] CXX obj/net/net/tcp_connect_job_connector.o
[2486/51034] CXX obj/net/net/tcp_stream_attempt.o
[2487/51034] CXX obj/net/net/tls_stream_attempt.o
[2488/51034] CXX obj/net/net/udp_client_socket.o
[2489/51034] CXX obj/net/net/udp_net_log_parameters.o
[2490/51034] CXX obj/net/net/transport_connect_sub_job.o
[2491/51034] CXX obj/net/net/udp_socket_global_limits.o
[2492/51034] CXX obj/net/net/udp_server_socket.o
[2493/51034] CXX obj/net/net/transport_connect_job.o
[2494/51034] CXX obj/net/net/transport_client_socket_pool.o
[2495/51034] CXX obj/net/net/websocket_endpoint_lock_manager.o
[2496/51034] CXX obj/net/net/websocket_stream_socket.o
[2497/51034] CXX obj/net/net/alps_decoder.o
[2498/51034] CXX obj/net/net/buffered_spdy_framer.o
[2499/51034] CXX obj/net/net/header_coalescer.o
[2500/51034] CXX obj/net/net/http2_priority_dependencies.o
[2501/51034] CXX obj/net/net/websocket_transport_client_socket_pool.o
[2502/51034] CXX obj/net/net/multiplexed_http_stream.o
[2503/51034] CXX obj/net/net/multiplexed_session.o
[2504/51034] CXX obj/net/net/bidirectional_stream_spdy_impl.o
[2505/51034] CXX obj/net/net/spdy_buffer.o
[2506/51034] CXX obj/net/net/spdy_buffer_producer.o
[2507/51034] CXX obj/net/net/spdy_log_util.o
[2508/51034] CXX obj/net/net/spdy_read_queue.o
[2509/51034] CXX obj/net/net/spdy_http_utils.o
[2510/51034] CXX obj/net/net/spdy_session_key.o
[2511/51034] CXX obj/net/net/spdy_http_stream.o
[2512/51034] CXX obj/net/net/spdy_proxy_client_socket.o
[2513/51034] CXX obj/net/net/spdy_write_queue.o
[2514/51034] CXX obj/net/net/cert_compression.o
[2515/51034] CXX obj/net/net/spdy_stream.o
[2516/51034] CXX obj/net/net/client_cert_identity.o
[2517/51034] CXX obj/net/net/client_cert_store_empty.o
[2518/51034] CXX obj/net/net/client_cert_matcher.o
[2519/51034] CXX obj/net/net/openssl_private_key.o
[2520/51034] CXX obj/net/net/ssl_cert_request_info.o
[2521/51034] CXX obj/net/net/openssl_ssl_util.o
[2522/51034] CXX obj/net/net/ssl_cipher_suite_names.o
[2523/51034] CXX obj/net/net/spdy_session.o
[2524/51034] CXX obj/net/net/ssl_client_auth_cache.o
[2525/51034] CXX obj/net/net/spdy_session_pool.o
[2526/51034] CXX obj/net/net/ssl_client_session_cache.o
[2527/51034] CXX obj/net/net/ssl_info.o
[2528/51034] CXX obj/net/net/ssl_key_logger.o
[2529/51034] CXX obj/net/net/ssl_config.o
[2530/51034] CXX obj/net/net/ssl_config_service.o
[2531/51034] CXX obj/net/net/ssl_config_service_defaults.o
[2532/51034] CXX obj/net/net/ssl_platform_key_util.o
[2533/51034] CXX obj/net/net/ssl_key_logger_impl.o
[2534/51034] CXX obj/net/net/clear_site_data.o
[2535/51034] CXX obj/net/net/ssl_private_key.o
[2536/51034] CXX obj/net/net/threaded_ssl_private_key.o
[2537/51034] CXX obj/net/net/redirect_util.o
[2538/51034] CXX obj/net/net/referrer_policy.o
[2539/51034] CXX obj/net/net/static_http_user_agent_settings.o
[2540/51034] CXX obj/net/net/ssl_server_config.o
[2541/51034] CXX obj/net/net/redirect_info.o
[2542/51034] CXX obj/net/net/url_request.o
[2543/51034] CXX obj/net/net/url_request_context_getter.o
[2544/51034] CXX obj/net/net/url_request_error_job.o
[2545/51034] CXX obj/net/net/url_request_interceptor.o
[2546/51034] CXX obj/net/net/url_request_context.o
[2547/51034] CXX obj/net/net/url_request_job.o
[2548/51034] CXX obj/net/net/url_request_context_builder.o
[2549/51034] CXX obj/net/net/url_request_netlog_params.o
[2550/51034] CXX obj/net/net/websocket_handshake_userdata_key.o
[2551/51034] CXX obj/net/net/url_request_job_factory.o
[2552/51034] CXX obj/net/net/net_errors_posix.o
[2553/51034] CXX obj/net/net/reporting_browsing_data_remover.o
[2554/51034] CXX obj/net/net/url_request_redirect_job.o
[2555/51034] CXX obj/net/net/url_request_http_job.o
[2556/51034] CXX obj/net/net/network_error_logging_service.o
[2557/51034] CXX obj/net/net/reporting_cache.o
[2558/51034] CXX obj/net/net/reporting_cache_observer.o
[2559/51034] CXX obj/net/net/reporting_context.o
[2560/51034] CXX obj/net/net/reporting_endpoint.o
[2561/51034] CXX obj/net/net/reporting_delivery_agent.o
[2562/51034] CXX obj/net/net/reporting_delegate.o
[2563/51034] CXX obj/net/net/reporting_cache_impl.o
[2564/51034] CXX obj/net/net/reporting_endpoint_manager.o
[2565/51034] CXX obj/net/net/reporting_policy.o
[2566/51034] CXX obj/net/net/reporting_garbage_collector.o
[2567/51034] CXX obj/net/net/reporting_header_parser.o
[2568/51034] CXX obj/net/net/reporting_report.o
[2569/51034] CXX obj/net/net/reporting_network_change_observer.o
[2570/51034] CXX obj/net/net/reporting_service.o
[2571/51034] CXX obj/net/net/host_patterns.o
[2572/51034] CXX obj/net/net/jwk_utils.o
[2573/51034] CXX obj/net/net/reporting_uploader.o
[2574/51034] CXX obj/net/net/dbsc_request.o
[2575/51034] CXX obj/net/net/cookie_craving.o
[2576/51034] CXX obj/net/net/registration_request_param.o
[2577/51034] CXX obj/net/net/registration_fetcher_param.o
[2578/51034] CXX obj/net/net/registration_fetcher.o
[2579/51034] CXX obj/net/net/registration_result.o
[2580/51034] CXX obj/net/net/session_binding_utils.o
[2581/51034] CXX obj/net/net/session_error.o
[2582/51034] CXX obj/net/net/session_challenge_param.o
[2583/51034] CXX obj/net/net/session_json_utils.o
[2584/51034] CXX obj/net/net/session.o
[2585/51034] CXX obj/net/net/session_inclusion_rules.o
[2586/51034] CXX obj/net/net/session_service.o
[2587/51034] CXX obj/net/net/unexportable_key_service_factory.o
[2588/51034] CXX obj/net/net/session_store.o
[2589/51034] CXX obj/net/net/session_service_impl.o
[2590/51034] CXX obj/net/net/session_store_impl.o
[2591/51034] CXX obj/net/net/url_fetcher.o
[2592/51034] CXX obj/net/net/address_map_linux.o
[2593/51034] CXX obj/net/net/network_change_notifier_linux.o
[2594/51034] CXX obj/net/net/platform_mime_util_linux.o
[2595/51034] CXX obj/net/net/proxy_config_service_linux.o
[2596/51034] CXX obj/net/net/address_map_cache_linux.o
[2597/51034] CXX obj/net/net/file_stream_context_posix.o
[2598/51034] CXX obj/net/net/network_interfaces_linux.o
[2599/51034] CXX obj/net/net/sockaddr_util_posix.o
[2600/51034] CXX obj/net/net/address_tracker_linux.o
[2601/51034] CXX obj/net/net/http_auth_handler_negotiate.o
[2602/51034] CXX obj/net/net/simple_util_posix.o
[2603/51034] CXX obj/net/net/network_interfaces_posix.o
[2604/51034] CXX obj/net/net/cache_util_posix.o
[2605/51034] CXX obj/net/net/url_security_manager_posix.o
