ninja: Entering directory `out/Default'
[1/1168] COPY ../../../third_party/libc++/src/include/__algorithm/adjacent_find.h gen/third_party/libc++/src/include/__algorithm/adjacent_find.h
[2/1168] COPY ../../../third_party/libc++/src/include/__algorithm/all_of.h gen/third_party/libc++/src/include/__algorithm/all_of.h
[3/1168] COPY ../../../third_party/libc++/src/include/__algorithm/any_of.h gen/third_party/libc++/src/include/__algorithm/any_of.h
[4/1168] COPY ../../../third_party/libc++/src/include/__algorithm/binary_search.h gen/third_party/libc++/src/include/__algorithm/binary_search.h
[5/1168] COPY ../../../third_party/libc++/src/include/__algorithm/clamp.h gen/third_party/libc++/src/include/__algorithm/clamp.h
[6/1168] COPY ../../../third_party/libc++/src/include/__algorithm/comp.h gen/third_party/libc++/src/include/__algorithm/comp.h
[7/1168] COPY ../../../third_party/libc++/src/include/__algorithm/comp_ref_type.h gen/third_party/libc++/src/include/__algorithm/comp_ref_type.h
[8/1168] COPY ../../../third_party/libc++/src/include/__algorithm/copy.h gen/third_party/libc++/src/include/__algorithm/copy.h
[9/1168] COPY ../../../third_party/libc++/src/include/__algorithm/copy_backward.h gen/third_party/libc++/src/include/__algorithm/copy_backward.h
[10/1168] COPY ../../../third_party/libc++/src/include/__algorithm/copy_if.h gen/third_party/libc++/src/include/__algorithm/copy_if.h
[11/1168] COPY ../../../third_party/libc++/src/include/__algorithm/copy_move_common.h gen/third_party/libc++/src/include/__algorithm/copy_move_common.h
[12/1168] COPY ../../../third_party/libc++/src/include/__algorithm/copy_n.h gen/third_party/libc++/src/include/__algorithm/copy_n.h
[13/1168] COPY ../../../third_party/libc++/src/include/__algorithm/count.h gen/third_party/libc++/src/include/__algorithm/count.h
[14/1168] COPY ../../../third_party/libc++/src/include/__algorithm/count_if.h gen/third_party/libc++/src/include/__algorithm/count_if.h
[15/1168] COPY ../../../third_party/libc++/src/include/__algorithm/equal.h gen/third_party/libc++/src/include/__algorithm/equal.h
[16/1168] COPY ../../../third_party/libc++/src/include/__algorithm/equal_range.h gen/third_party/libc++/src/include/__algorithm/equal_range.h
[17/1168] COPY ../../../third_party/libc++/src/include/__algorithm/fill.h gen/third_party/libc++/src/include/__algorithm/fill.h
[18/1168] COPY ../../../third_party/libc++/src/include/__algorithm/fill_n.h gen/third_party/libc++/src/include/__algorithm/fill_n.h
[19/1168] COPY ../../../third_party/libc++/src/include/__algorithm/find.h gen/third_party/libc++/src/include/__algorithm/find.h
[20/1168] COPY ../../../third_party/libc++/src/include/__algorithm/find_end.h gen/third_party/libc++/src/include/__algorithm/find_end.h
[21/1168] COPY ../../../third_party/libc++/src/include/__algorithm/find_first_of.h gen/third_party/libc++/src/include/__algorithm/find_first_of.h
[22/1168] COPY ../../../third_party/libc++/src/include/__algorithm/find_if.h gen/third_party/libc++/src/include/__algorithm/find_if.h
[23/1168] COPY ../../../third_party/libc++/src/include/__algorithm/find_if_not.h gen/third_party/libc++/src/include/__algorithm/find_if_not.h
[24/1168] COPY ../../../third_party/libc++/src/include/__algorithm/find_segment_if.h gen/third_party/libc++/src/include/__algorithm/find_segment_if.h
[25/1168] COPY ../../../third_party/libc++/src/include/__algorithm/for_each.h gen/third_party/libc++/src/include/__algorithm/for_each.h
[26/1168] COPY ../../../third_party/libc++/src/include/__algorithm/for_each_n.h gen/third_party/libc++/src/include/__algorithm/for_each_n.h
[27/1168] COPY ../../../third_party/libc++/src/include/__algorithm/for_each_n_segment.h gen/third_party/libc++/src/include/__algorithm/for_each_n_segment.h
[28/1168] COPY ../../../third_party/libc++/src/include/__algorithm/for_each_segment.h gen/third_party/libc++/src/include/__algorithm/for_each_segment.h
[29/1168] COPY ../../../third_party/libc++/src/include/__algorithm/generate.h gen/third_party/libc++/src/include/__algorithm/generate.h
[30/1168] COPY ../../../third_party/libc++/src/include/__algorithm/generate_n.h gen/third_party/libc++/src/include/__algorithm/generate_n.h
[31/1168] COPY ../../../third_party/libc++/src/include/__algorithm/half_positive.h gen/third_party/libc++/src/include/__algorithm/half_positive.h
[32/1168] COPY ../../../third_party/libc++/src/include/__algorithm/in_found_result.h gen/third_party/libc++/src/include/__algorithm/in_found_result.h
[33/1168] COPY ../../../third_party/libc++/src/include/__algorithm/in_fun_result.h gen/third_party/libc++/src/include/__algorithm/in_fun_result.h
[34/1168] COPY ../../../third_party/libc++/src/include/__algorithm/in_in_out_result.h gen/third_party/libc++/src/include/__algorithm/in_in_out_result.h
[35/1168] COPY ../../../third_party/libc++/src/include/__algorithm/in_in_result.h gen/third_party/libc++/src/include/__algorithm/in_in_result.h
[36/1168] COPY ../../../third_party/libc++/src/include/__algorithm/in_out_out_result.h gen/third_party/libc++/src/include/__algorithm/in_out_out_result.h
[37/1168] COPY ../../../third_party/libc++/src/include/__algorithm/in_out_result.h gen/third_party/libc++/src/include/__algorithm/in_out_result.h
[38/1168] COPY ../../../third_party/libc++/src/include/__algorithm/includes.h gen/third_party/libc++/src/include/__algorithm/includes.h
[39/1168] COPY ../../../third_party/libc++/src/include/__algorithm/inplace_merge.h gen/third_party/libc++/src/include/__algorithm/inplace_merge.h
[40/1168] COPY ../../../third_party/libc++/src/include/__algorithm/is_heap.h gen/third_party/libc++/src/include/__algorithm/is_heap.h
[41/1168] COPY ../../../third_party/libc++/src/include/__algorithm/is_heap_until.h gen/third_party/libc++/src/include/__algorithm/is_heap_until.h
[42/1168] COPY ../../../third_party/libc++/src/include/__algorithm/is_permutation.h gen/third_party/libc++/src/include/__algorithm/is_permutation.h
[43/1168] COPY ../../../third_party/libc++/src/include/__algorithm/is_partitioned.h gen/third_party/libc++/src/include/__algorithm/is_partitioned.h
[44/1168] COPY ../../../buildtools/third_party/libc++/__assertion_handler gen/third_party/libc++/src/include/__assertion_handler
[45/1168] COPY ../../../buildtools/third_party/libc++/__config_site gen/third_party/libc++/src/include/__config_site
[46/1168] COPY ../../../third_party/libc++/src/include/__algorithm/is_sorted.h gen/third_party/libc++/src/include/__algorithm/is_sorted.h
[47/1168] COPY ../../../third_party/libc++/src/include/__algorithm/is_sorted_until.h gen/third_party/libc++/src/include/__algorithm/is_sorted_until.h
[48/1168] COPY ../../../third_party/libc++/src/include/__algorithm/iter_swap.h gen/third_party/libc++/src/include/__algorithm/iter_swap.h
[49/1168] COPY ../../../third_party/libc++/src/include/__algorithm/lexicographical_compare.h gen/third_party/libc++/src/include/__algorithm/lexicographical_compare.h
[50/1168] COPY ../../../third_party/libc++/src/include/__algorithm/iterator_operations.h gen/third_party/libc++/src/include/__algorithm/iterator_operations.h
[51/1168] COPY ../../../third_party/libc++/src/include/__algorithm/lexicographical_compare_three_way.h gen/third_party/libc++/src/include/__algorithm/lexicographical_compare_three_way.h
[52/1168] COPY ../../../third_party/libc++/src/include/__algorithm/lower_bound.h gen/third_party/libc++/src/include/__algorithm/lower_bound.h
[53/1168] COPY ../../../third_party/libc++/src/include/__algorithm/make_heap.h gen/third_party/libc++/src/include/__algorithm/make_heap.h
[54/1168] COPY ../../../third_party/libc++/src/include/__algorithm/make_projected.h gen/third_party/libc++/src/include/__algorithm/make_projected.h
[55/1168] COPY ../../../third_party/libc++/src/include/__algorithm/max.h gen/third_party/libc++/src/include/__algorithm/max.h
[56/1168] COPY ../../../third_party/libc++/src/include/__algorithm/max_element.h gen/third_party/libc++/src/include/__algorithm/max_element.h
[57/1168] COPY ../../../third_party/libc++/src/include/__algorithm/merge.h gen/third_party/libc++/src/include/__algorithm/merge.h
[58/1168] COPY ../../../third_party/libc++/src/include/__algorithm/min.h gen/third_party/libc++/src/include/__algorithm/min.h
[59/1168] COPY ../../../third_party/libc++/src/include/__algorithm/min_element.h gen/third_party/libc++/src/include/__algorithm/min_element.h
[60/1168] COPY ../../../third_party/libc++/src/include/__algorithm/min_max_result.h gen/third_party/libc++/src/include/__algorithm/min_max_result.h
[61/1168] COPY ../../../third_party/libc++/src/include/__algorithm/minmax.h gen/third_party/libc++/src/include/__algorithm/minmax.h
[62/1168] COPY ../../../third_party/libc++/src/include/__algorithm/minmax_element.h gen/third_party/libc++/src/include/__algorithm/minmax_element.h
[63/1168] COPY ../../../third_party/libc++/src/include/__algorithm/mismatch.h gen/third_party/libc++/src/include/__algorithm/mismatch.h
[64/1168] COPY ../../../third_party/libc++/src/include/__algorithm/move.h gen/third_party/libc++/src/include/__algorithm/move.h
[65/1168] COPY ../../../third_party/libc++/src/include/__algorithm/move_backward.h gen/third_party/libc++/src/include/__algorithm/move_backward.h
[66/1168] COPY ../../../third_party/libc++/src/include/__algorithm/next_permutation.h gen/third_party/libc++/src/include/__algorithm/next_permutation.h
[67/1168] COPY ../../../third_party/libc++/src/include/__algorithm/none_of.h gen/third_party/libc++/src/include/__algorithm/none_of.h
[68/1168] COPY ../../../third_party/libc++/src/include/__algorithm/nth_element.h gen/third_party/libc++/src/include/__algorithm/nth_element.h
[69/1168] COPY ../../../third_party/libc++/src/include/__algorithm/out_value_result.h gen/third_party/libc++/src/include/__algorithm/out_value_result.h
[70/1168] COPY ../../../third_party/libc++/src/include/__algorithm/partial_sort.h gen/third_party/libc++/src/include/__algorithm/partial_sort.h
[71/1168] COPY ../../../third_party/libc++/src/include/__algorithm/partial_sort_copy.h gen/third_party/libc++/src/include/__algorithm/partial_sort_copy.h
[72/1168] COPY ../../../third_party/libc++/src/include/__algorithm/partition.h gen/third_party/libc++/src/include/__algorithm/partition.h
[73/1168] COPY ../../../third_party/libc++/src/include/__algorithm/partition_copy.h gen/third_party/libc++/src/include/__algorithm/partition_copy.h
[74/1168] COPY ../../../third_party/libc++/src/include/__algorithm/partition_point.h gen/third_party/libc++/src/include/__algorithm/partition_point.h
[75/1168] COPY ../../../third_party/libc++/src/include/__algorithm/pop_heap.h gen/third_party/libc++/src/include/__algorithm/pop_heap.h
[76/1168] COPY ../../../third_party/libc++/src/include/__algorithm/prev_permutation.h gen/third_party/libc++/src/include/__algorithm/prev_permutation.h
[77/1168] COPY ../../../third_party/libc++/src/include/__algorithm/pstl.h gen/third_party/libc++/src/include/__algorithm/pstl.h
[78/1168] COPY ../../../third_party/libc++/src/include/__algorithm/push_heap.h gen/third_party/libc++/src/include/__algorithm/push_heap.h
[79/1168] COPY ../../../third_party/libc++/src/include/__algorithm/radix_sort.h gen/third_party/libc++/src/include/__algorithm/radix_sort.h
[80/1168] COPY ../../../third_party/libc++/src/include/__algorithm/ranges_adjacent_find.h gen/third_party/libc++/src/include/__algorithm/ranges_adjacent_find.h
[81/1168] COPY ../../../third_party/libc++/src/include/__algorithm/ranges_all_of.h gen/third_party/libc++/src/include/__algorithm/ranges_all_of.h
[82/1168] COPY ../../../third_party/libc++/src/include/__algorithm/ranges_any_of.h gen/third_party/libc++/src/include/__algorithm/ranges_any_of.h
[83/1168] COPY ../../../third_party/libc++/src/include/__algorithm/ranges_binary_search.h gen/third_party/libc++/src/include/__algorithm/ranges_binary_search.h
[84/1168] COPY ../../../third_party/libc++/src/include/__algorithm/ranges_clamp.h gen/third_party/libc++/src/include/__algorithm/ranges_clamp.h
[85/1168] COPY ../../../third_party/libc++/src/include/__algorithm/ranges_contains.h gen/third_party/libc++/src/include/__algorithm/ranges_contains.h
[86/1168] COPY ../../../third_party/libc++/src/include/__algorithm/ranges_contains_subrange.h gen/third_party/libc++/src/include/__algorithm/ranges_contains_subrange.h
[87/1168] COPY ../../../third_party/libc++/src/include/__algorithm/ranges_copy.h gen/third_party/libc++/src/include/__algorithm/ranges_copy.h
[88/1168] COPY ../../../third_party/libc++/src/include/__algorithm/ranges_copy_backward.h gen/third_party/libc++/src/include/__algorithm/ranges_copy_backward.h
[89/1168] COPY ../../../third_party/libc++/src/include/__algorithm/ranges_copy_if.h gen/third_party/libc++/src/include/__algorithm/ranges_copy_if.h
[90/1168] COPY ../../../third_party/libc++/src/include/__algorithm/ranges_copy_n.h gen/third_party/libc++/src/include/__algorithm/ranges_copy_n.h
[91/1168] COPY ../../../third_party/libc++/src/include/__algorithm/ranges_count.h gen/third_party/libc++/src/include/__algorithm/ranges_count.h
[92/1168] COPY ../../../third_party/libc++/src/include/__algorithm/ranges_count_if.h gen/third_party/libc++/src/include/__algorithm/ranges_count_if.h
[93/1168] COPY ../../../third_party/libc++/src/include/__algorithm/ranges_ends_with.h gen/third_party/libc++/src/include/__algorithm/ranges_ends_with.h
[94/1168] COPY ../../../third_party/libc++/src/include/__algorithm/ranges_equal.h gen/third_party/libc++/src/include/__algorithm/ranges_equal.h
[95/1168] COPY ../../../third_party/libc++/src/include/__algorithm/ranges_equal_range.h gen/third_party/libc++/src/include/__algorithm/ranges_equal_range.h
[96/1168] COPY ../../../third_party/libc++/src/include/__algorithm/ranges_fill.h gen/third_party/libc++/src/include/__algorithm/ranges_fill.h
[97/1168] COPY ../../../third_party/libc++/src/include/__algorithm/ranges_fill_n.h gen/third_party/libc++/src/include/__algorithm/ranges_fill_n.h
[98/1168] COPY ../../../third_party/libc++/src/include/__algorithm/ranges_find.h gen/third_party/libc++/src/include/__algorithm/ranges_find.h
[99/1168] COPY ../../../third_party/libc++/src/include/__algorithm/ranges_find_end.h gen/third_party/libc++/src/include/__algorithm/ranges_find_end.h
[100/1168] COPY ../../../third_party/libc++/src/include/__algorithm/ranges_find_first_of.h gen/third_party/libc++/src/include/__algorithm/ranges_find_first_of.h
[101/1168] COPY ../../../third_party/libc++/src/include/__algorithm/ranges_find_if.h gen/third_party/libc++/src/include/__algorithm/ranges_find_if.h
[102/1168] COPY ../../../third_party/libc++/src/include/__algorithm/ranges_find_if_not.h gen/third_party/libc++/src/include/__algorithm/ranges_find_if_not.h
[103/1168] COPY ../../../third_party/libc++/src/include/__algorithm/ranges_find_last.h gen/third_party/libc++/src/include/__algorithm/ranges_find_last.h
[104/1168] COPY ../../../third_party/libc++/src/include/__algorithm/ranges_fold.h gen/third_party/libc++/src/include/__algorithm/ranges_fold.h
[105/1168] COPY ../../../third_party/libc++/src/include/__algorithm/ranges_for_each.h gen/third_party/libc++/src/include/__algorithm/ranges_for_each.h
[106/1168] COPY ../../../third_party/libc++/src/include/__algorithm/ranges_for_each_n.h gen/third_party/libc++/src/include/__algorithm/ranges_for_each_n.h
[107/1168] COPY ../../../third_party/libc++/src/include/__algorithm/ranges_generate.h gen/third_party/libc++/src/include/__algorithm/ranges_generate.h
[108/1168] COPY ../../../third_party/libc++/src/include/__algorithm/ranges_generate_n.h gen/third_party/libc++/src/include/__algorithm/ranges_generate_n.h
[109/1168] COPY ../../../third_party/libc++/src/include/__algorithm/ranges_includes.h gen/third_party/libc++/src/include/__algorithm/ranges_includes.h
[110/1168] COPY ../../../third_party/libc++/src/include/__algorithm/ranges_inplace_merge.h gen/third_party/libc++/src/include/__algorithm/ranges_inplace_merge.h
[111/1168] COPY ../../../third_party/libc++/src/include/__algorithm/ranges_is_heap.h gen/third_party/libc++/src/include/__algorithm/ranges_is_heap.h
[112/1168] COPY ../../../third_party/libc++/src/include/__algorithm/ranges_is_heap_until.h gen/third_party/libc++/src/include/__algorithm/ranges_is_heap_until.h
[113/1168] COPY ../../../third_party/libc++/src/include/__algorithm/ranges_is_partitioned.h gen/third_party/libc++/src/include/__algorithm/ranges_is_partitioned.h
[114/1168] COPY ../../../third_party/libc++/src/include/__algorithm/ranges_is_permutation.h gen/third_party/libc++/src/include/__algorithm/ranges_is_permutation.h
[115/1168] COPY ../../../third_party/libc++/src/include/__algorithm/ranges_is_sorted.h gen/third_party/libc++/src/include/__algorithm/ranges_is_sorted.h
[116/1168] COPY ../../../third_party/libc++/src/include/__algorithm/ranges_is_sorted_until.h gen/third_party/libc++/src/include/__algorithm/ranges_is_sorted_until.h
[117/1168] COPY ../../../third_party/libc++/src/include/__algorithm/ranges_iterator_concept.h gen/third_party/libc++/src/include/__algorithm/ranges_iterator_concept.h
[118/1168] COPY ../../../third_party/libc++/src/include/__algorithm/ranges_lexicographical_compare.h gen/third_party/libc++/src/include/__algorithm/ranges_lexicographical_compare.h
[119/1168] COPY ../../../third_party/libc++/src/include/__algorithm/ranges_lower_bound.h gen/third_party/libc++/src/include/__algorithm/ranges_lower_bound.h
[120/1168] COPY ../../../third_party/libc++/src/include/__algorithm/ranges_make_heap.h gen/third_party/libc++/src/include/__algorithm/ranges_make_heap.h
[121/1168] COPY ../../../third_party/libc++/src/include/__algorithm/ranges_max.h gen/third_party/libc++/src/include/__algorithm/ranges_max.h
[122/1168] COPY ../../../third_party/libc++/src/include/__algorithm/ranges_max_element.h gen/third_party/libc++/src/include/__algorithm/ranges_max_element.h
[123/1168] COPY ../../../third_party/libc++/src/include/__algorithm/ranges_merge.h gen/third_party/libc++/src/include/__algorithm/ranges_merge.h
[124/1168] COPY ../../../third_party/libc++/src/include/__algorithm/ranges_min.h gen/third_party/libc++/src/include/__algorithm/ranges_min.h
[125/1168] COPY ../../../third_party/libc++/src/include/__algorithm/ranges_min_element.h gen/third_party/libc++/src/include/__algorithm/ranges_min_element.h
[126/1168] COPY ../../../third_party/libc++/src/include/__algorithm/ranges_minmax.h gen/third_party/libc++/src/include/__algorithm/ranges_minmax.h
[127/1168] COPY ../../../third_party/libc++/src/include/__algorithm/ranges_minmax_element.h gen/third_party/libc++/src/include/__algorithm/ranges_minmax_element.h
[128/1168] COPY ../../../third_party/libc++/src/include/__algorithm/ranges_mismatch.h gen/third_party/libc++/src/include/__algorithm/ranges_mismatch.h
[129/1168] COPY ../../../third_party/libc++/src/include/__algorithm/ranges_move.h gen/third_party/libc++/src/include/__algorithm/ranges_move.h
[130/1168] COPY ../../../third_party/libc++/src/include/__algorithm/ranges_move_backward.h gen/third_party/libc++/src/include/__algorithm/ranges_move_backward.h
[131/1168] COPY ../../../third_party/libc++/src/include/__algorithm/ranges_next_permutation.h gen/third_party/libc++/src/include/__algorithm/ranges_next_permutation.h
[132/1168] COPY ../../../third_party/libc++/src/include/__algorithm/ranges_none_of.h gen/third_party/libc++/src/include/__algorithm/ranges_none_of.h
[133/1168] COPY ../../../third_party/libc++/src/include/__algorithm/ranges_nth_element.h gen/third_party/libc++/src/include/__algorithm/ranges_nth_element.h
[134/1168] COPY ../../../third_party/libc++/src/include/__algorithm/ranges_partial_sort.h gen/third_party/libc++/src/include/__algorithm/ranges_partial_sort.h
[135/1168] COPY ../../../third_party/libc++/src/include/__algorithm/ranges_partial_sort_copy.h gen/third_party/libc++/src/include/__algorithm/ranges_partial_sort_copy.h
[136/1168] COPY ../../../third_party/libc++/src/include/__algorithm/ranges_partition.h gen/third_party/libc++/src/include/__algorithm/ranges_partition.h
[137/1168] COPY ../../../third_party/libc++/src/include/__algorithm/ranges_partition_copy.h gen/third_party/libc++/src/include/__algorithm/ranges_partition_copy.h
[138/1168] COPY ../../../third_party/libc++/src/include/__algorithm/ranges_partition_point.h gen/third_party/libc++/src/include/__algorithm/ranges_partition_point.h
[139/1168] COPY ../../../third_party/libc++/src/include/__algorithm/ranges_pop_heap.h gen/third_party/libc++/src/include/__algorithm/ranges_pop_heap.h
[140/1168] COPY ../../../third_party/libc++/src/include/__algorithm/ranges_prev_permutation.h gen/third_party/libc++/src/include/__algorithm/ranges_prev_permutation.h
[141/1168] COPY ../../../third_party/libc++/src/include/__algorithm/ranges_push_heap.h gen/third_party/libc++/src/include/__algorithm/ranges_push_heap.h
[142/1168] COPY ../../../third_party/libc++/src/include/__algorithm/ranges_remove.h gen/third_party/libc++/src/include/__algorithm/ranges_remove.h
[143/1168] COPY ../../../third_party/libc++/src/include/__algorithm/ranges_remove_copy.h gen/third_party/libc++/src/include/__algorithm/ranges_remove_copy.h
[144/1168] COPY ../../../third_party/libc++/src/include/__algorithm/ranges_remove_copy_if.h gen/third_party/libc++/src/include/__algorithm/ranges_remove_copy_if.h
[145/1168] COPY ../../../third_party/libc++/src/include/__algorithm/ranges_remove_if.h gen/third_party/libc++/src/include/__algorithm/ranges_remove_if.h
[146/1168] COPY ../../../third_party/libc++/src/include/__algorithm/ranges_replace.h gen/third_party/libc++/src/include/__algorithm/ranges_replace.h
[147/1168] COPY ../../../third_party/libc++/src/include/__algorithm/ranges_replace_copy.h gen/third_party/libc++/src/include/__algorithm/ranges_replace_copy.h
[148/1168] COPY ../../../third_party/libc++/src/include/__algorithm/ranges_replace_copy_if.h gen/third_party/libc++/src/include/__algorithm/ranges_replace_copy_if.h
[149/1168] COPY ../../../third_party/libc++/src/include/__algorithm/ranges_replace_if.h gen/third_party/libc++/src/include/__algorithm/ranges_replace_if.h
[150/1168] COPY ../../../third_party/libc++/src/include/__algorithm/ranges_reverse.h gen/third_party/libc++/src/include/__algorithm/ranges_reverse.h
[151/1168] COPY ../../../third_party/libc++/src/include/__algorithm/ranges_reverse_copy.h gen/third_party/libc++/src/include/__algorithm/ranges_reverse_copy.h
[152/1168] COPY ../../../third_party/libc++/src/include/__algorithm/ranges_rotate.h gen/third_party/libc++/src/include/__algorithm/ranges_rotate.h
[153/1168] COPY ../../../third_party/libc++/src/include/__algorithm/ranges_rotate_copy.h gen/third_party/libc++/src/include/__algorithm/ranges_rotate_copy.h
[154/1168] COPY ../../../third_party/libc++/src/include/__algorithm/ranges_sample.h gen/third_party/libc++/src/include/__algorithm/ranges_sample.h
[155/1168] COPY ../../../third_party/libc++/src/include/__algorithm/ranges_search.h gen/third_party/libc++/src/include/__algorithm/ranges_search.h
[156/1168] COPY ../../../third_party/libc++/src/include/__algorithm/ranges_search_n.h gen/third_party/libc++/src/include/__algorithm/ranges_search_n.h
[157/1168] COPY ../../../third_party/libc++/src/include/__algorithm/ranges_set_difference.h gen/third_party/libc++/src/include/__algorithm/ranges_set_difference.h
[158/1168] COPY ../../../third_party/libc++/src/include/__algorithm/ranges_set_intersection.h gen/third_party/libc++/src/include/__algorithm/ranges_set_intersection.h
[159/1168] COPY ../../../third_party/libc++/src/include/__algorithm/ranges_set_symmetric_difference.h gen/third_party/libc++/src/include/__algorithm/ranges_set_symmetric_difference.h
[160/1168] COPY ../../../third_party/libc++/src/include/__algorithm/ranges_set_union.h gen/third_party/libc++/src/include/__algorithm/ranges_set_union.h
[161/1168] COPY ../../../third_party/libc++/src/include/__algorithm/ranges_shuffle.h gen/third_party/libc++/src/include/__algorithm/ranges_shuffle.h
[162/1168] COPY ../../../third_party/libc++/src/include/__algorithm/ranges_sort.h gen/third_party/libc++/src/include/__algorithm/ranges_sort.h
[163/1168] COPY ../../../third_party/libc++/src/include/__algorithm/ranges_sort_heap.h gen/third_party/libc++/src/include/__algorithm/ranges_sort_heap.h
[164/1168] COPY ../../../third_party/libc++/src/include/__algorithm/ranges_stable_partition.h gen/third_party/libc++/src/include/__algorithm/ranges_stable_partition.h
[165/1168] COPY ../../../third_party/libc++/src/include/__algorithm/ranges_stable_sort.h gen/third_party/libc++/src/include/__algorithm/ranges_stable_sort.h
[166/1168] COPY ../../../third_party/libc++/src/include/__algorithm/ranges_starts_with.h gen/third_party/libc++/src/include/__algorithm/ranges_starts_with.h
[167/1168] COPY ../../../third_party/libc++/src/include/__algorithm/ranges_swap_ranges.h gen/third_party/libc++/src/include/__algorithm/ranges_swap_ranges.h
[168/1168] COPY ../../../third_party/libc++/src/include/__algorithm/ranges_transform.h gen/third_party/libc++/src/include/__algorithm/ranges_transform.h
[169/1168] COPY ../../../third_party/libc++/src/include/__algorithm/ranges_unique.h gen/third_party/libc++/src/include/__algorithm/ranges_unique.h
[170/1168] COPY ../../../third_party/libc++/src/include/__algorithm/ranges_unique_copy.h gen/third_party/libc++/src/include/__algorithm/ranges_unique_copy.h
[171/1168] COPY ../../../third_party/libc++/src/include/__algorithm/ranges_upper_bound.h gen/third_party/libc++/src/include/__algorithm/ranges_upper_bound.h
[172/1168] COPY ../../../third_party/libc++/src/include/__algorithm/remove.h gen/third_party/libc++/src/include/__algorithm/remove.h
[173/1168] COPY ../../../third_party/libc++/src/include/__algorithm/remove_copy.h gen/third_party/libc++/src/include/__algorithm/remove_copy.h
[174/1168] COPY ../../../third_party/libc++/src/include/__algorithm/remove_copy_if.h gen/third_party/libc++/src/include/__algorithm/remove_copy_if.h
[175/1168] COPY ../../../third_party/libc++/src/include/__algorithm/remove_if.h gen/third_party/libc++/src/include/__algorithm/remove_if.h
[176/1168] COPY ../../../third_party/libc++/src/include/__algorithm/replace.h gen/third_party/libc++/src/include/__algorithm/replace.h
[177/1168] COPY ../../../third_party/libc++/src/include/__algorithm/replace_copy.h gen/third_party/libc++/src/include/__algorithm/replace_copy.h
[178/1168] COPY ../../../third_party/libc++/src/include/__algorithm/replace_copy_if.h gen/third_party/libc++/src/include/__algorithm/replace_copy_if.h
[179/1168] COPY ../../../third_party/libc++/src/include/__algorithm/replace_if.h gen/third_party/libc++/src/include/__algorithm/replace_if.h
[180/1168] COPY ../../../third_party/libc++/src/include/__algorithm/reverse.h gen/third_party/libc++/src/include/__algorithm/reverse.h
[181/1168] COPY ../../../third_party/libc++/src/include/__algorithm/reverse_copy.h gen/third_party/libc++/src/include/__algorithm/reverse_copy.h
[182/1168] COPY ../../../third_party/libc++/src/include/__algorithm/rotate.h gen/third_party/libc++/src/include/__algorithm/rotate.h
[183/1168] COPY ../../../third_party/libc++/src/include/__algorithm/rotate_copy.h gen/third_party/libc++/src/include/__algorithm/rotate_copy.h
[184/1168] COPY ../../../third_party/libc++/src/include/__algorithm/sample.h gen/third_party/libc++/src/include/__algorithm/sample.h
[185/1168] COPY ../../../third_party/libc++/src/include/__algorithm/search.h gen/third_party/libc++/src/include/__algorithm/search.h
[186/1168] COPY ../../../third_party/libc++/src/include/__algorithm/search_n.h gen/third_party/libc++/src/include/__algorithm/search_n.h
[187/1168] COPY ../../../third_party/libc++/src/include/__algorithm/set_difference.h gen/third_party/libc++/src/include/__algorithm/set_difference.h
[188/1168] COPY ../../../third_party/libc++/src/include/__algorithm/set_intersection.h gen/third_party/libc++/src/include/__algorithm/set_intersection.h
[189/1168] COPY ../../../third_party/libc++/src/include/__algorithm/set_symmetric_difference.h gen/third_party/libc++/src/include/__algorithm/set_symmetric_difference.h
[190/1168] COPY ../../../third_party/libc++/src/include/__algorithm/set_union.h gen/third_party/libc++/src/include/__algorithm/set_union.h
[191/1168] COPY ../../../third_party/libc++/src/include/__algorithm/shift_left.h gen/third_party/libc++/src/include/__algorithm/shift_left.h
[192/1168] COPY ../../../third_party/libc++/src/include/__algorithm/shift_right.h gen/third_party/libc++/src/include/__algorithm/shift_right.h
[193/1168] COPY ../../../third_party/libc++/src/include/__algorithm/shuffle.h gen/third_party/libc++/src/include/__algorithm/shuffle.h
[194/1168] COPY ../../../third_party/libc++/src/include/__algorithm/sift_down.h gen/third_party/libc++/src/include/__algorithm/sift_down.h
[195/1168] COPY ../../../third_party/libc++/src/include/__algorithm/simd_utils.h gen/third_party/libc++/src/include/__algorithm/simd_utils.h
[196/1168] COPY ../../../third_party/libc++/src/include/__algorithm/sort_heap.h gen/third_party/libc++/src/include/__algorithm/sort_heap.h
[197/1168] COPY ../../../third_party/libc++/src/include/__algorithm/sort.h gen/third_party/libc++/src/include/__algorithm/sort.h
[198/1168] COPY ../../../third_party/libc++/src/include/__algorithm/specialized_algorithms.h gen/third_party/libc++/src/include/__algorithm/specialized_algorithms.h
[199/1168] COPY ../../../third_party/libc++/src/include/__algorithm/stable_partition.h gen/third_party/libc++/src/include/__algorithm/stable_partition.h
[200/1168] COPY ../../../third_party/libc++/src/include/__algorithm/stable_sort.h gen/third_party/libc++/src/include/__algorithm/stable_sort.h
[201/1168] COPY ../../../third_party/libc++/src/include/__algorithm/swap_ranges.h gen/third_party/libc++/src/include/__algorithm/swap_ranges.h
[202/1168] COPY ../../../third_party/libc++/src/include/__algorithm/three_way_comp_ref_type.h gen/third_party/libc++/src/include/__algorithm/three_way_comp_ref_type.h
[203/1168] COPY ../../../third_party/libc++/src/include/__algorithm/uniform_random_bit_generator_adaptor.h gen/third_party/libc++/src/include/__algorithm/uniform_random_bit_generator_adaptor.h
[204/1168] COPY ../../../third_party/libc++/src/include/__algorithm/transform.h gen/third_party/libc++/src/include/__algorithm/transform.h
[205/1168] COPY ../../../third_party/libc++/src/include/__algorithm/unique.h gen/third_party/libc++/src/include/__algorithm/unique.h
[206/1168] COPY ../../../third_party/libc++/src/include/__algorithm/unique_copy.h gen/third_party/libc++/src/include/__algorithm/unique_copy.h
[207/1168] COPY ../../../third_party/libc++/src/include/__algorithm/unwrap_iter.h gen/third_party/libc++/src/include/__algorithm/unwrap_iter.h
[208/1168] COPY ../../../third_party/libc++/src/include/__algorithm/unwrap_range.h gen/third_party/libc++/src/include/__algorithm/unwrap_range.h
[209/1168] COPY ../../../third_party/libc++/src/include/__algorithm/upper_bound.h gen/third_party/libc++/src/include/__algorithm/upper_bound.h
[210/1168] COPY ../../../third_party/libc++/src/include/__assert gen/third_party/libc++/src/include/__assert
[211/1168] COPY ../../../third_party/libc++/src/include/__atomic/aliases.h gen/third_party/libc++/src/include/__atomic/aliases.h
[212/1168] COPY ../../../third_party/libc++/src/include/__atomic/atomic.h gen/third_party/libc++/src/include/__atomic/atomic.h
[213/1168] COPY ../../../third_party/libc++/src/include/__atomic/atomic_init.h gen/third_party/libc++/src/include/__atomic/atomic_init.h
[214/1168] COPY ../../../third_party/libc++/src/include/__atomic/atomic_flag.h gen/third_party/libc++/src/include/__atomic/atomic_flag.h
[215/1168] COPY ../../../third_party/libc++/src/include/__atomic/atomic_lock_free.h gen/third_party/libc++/src/include/__atomic/atomic_lock_free.h
[216/1168] COPY ../../../third_party/libc++/src/include/__atomic/atomic_ref.h gen/third_party/libc++/src/include/__atomic/atomic_ref.h
[217/1168] COPY ../../../third_party/libc++/src/include/__atomic/atomic_sync.h gen/third_party/libc++/src/include/__atomic/atomic_sync.h
[218/1168] COPY ../../../third_party/libc++/src/include/__atomic/check_memory_order.h gen/third_party/libc++/src/include/__atomic/check_memory_order.h
[219/1168] COPY ../../../third_party/libc++/src/include/__atomic/contention_t.h gen/third_party/libc++/src/include/__atomic/contention_t.h
[220/1168] COPY ../../../third_party/libc++/src/include/__atomic/fence.h gen/third_party/libc++/src/include/__atomic/fence.h
[221/1168] COPY ../../../third_party/libc++/src/include/__atomic/floating_point_helper.h gen/third_party/libc++/src/include/__atomic/floating_point_helper.h
[222/1168] COPY ../../../third_party/libc++/src/include/__atomic/is_always_lock_free.h gen/third_party/libc++/src/include/__atomic/is_always_lock_free.h
[223/1168] COPY ../../../third_party/libc++/src/include/__atomic/kill_dependency.h gen/third_party/libc++/src/include/__atomic/kill_dependency.h
[224/1168] COPY ../../../third_party/libc++/src/include/__atomic/memory_order.h gen/third_party/libc++/src/include/__atomic/memory_order.h
[225/1168] COPY ../../../third_party/libc++/src/include/__atomic/support.h gen/third_party/libc++/src/include/__atomic/support.h
[226/1168] COPY ../../../third_party/libc++/src/include/__atomic/support/c11.h gen/third_party/libc++/src/include/__atomic/support/c11.h
[227/1168] COPY ../../../third_party/libc++/src/include/__atomic/support/gcc.h gen/third_party/libc++/src/include/__atomic/support/gcc.h
[228/1168] COPY ../../../third_party/libc++/src/include/__atomic/to_gcc_order.h gen/third_party/libc++/src/include/__atomic/to_gcc_order.h
[229/1168] COPY ../../../third_party/libc++/src/include/__bit/bit_cast.h gen/third_party/libc++/src/include/__bit/bit_cast.h
[230/1168] COPY ../../../third_party/libc++/src/include/__bit/bit_ceil.h gen/third_party/libc++/src/include/__bit/bit_ceil.h
[231/1168] COPY ../../../third_party/libc++/src/include/__bit/bit_floor.h gen/third_party/libc++/src/include/__bit/bit_floor.h
[232/1168] COPY ../../../third_party/libc++/src/include/__bit/bit_log2.h gen/third_party/libc++/src/include/__bit/bit_log2.h
[233/1168] COPY ../../../third_party/libc++/src/include/__bit/bit_width.h gen/third_party/libc++/src/include/__bit/bit_width.h
[234/1168] COPY ../../../third_party/libc++/src/include/__bit/blsr.h gen/third_party/libc++/src/include/__bit/blsr.h
[235/1168] COPY ../../../third_party/libc++/src/include/__bit/byteswap.h gen/third_party/libc++/src/include/__bit/byteswap.h
[236/1168] COPY ../../../third_party/libc++/src/include/__bit/countl.h gen/third_party/libc++/src/include/__bit/countl.h
[237/1168] COPY ../../../third_party/libc++/src/include/__bit/countr.h gen/third_party/libc++/src/include/__bit/countr.h
[238/1168] COPY ../../../third_party/libc++/src/include/__bit/endian.h gen/third_party/libc++/src/include/__bit/endian.h
[239/1168] COPY ../../../third_party/libc++/src/include/__bit/has_single_bit.h gen/third_party/libc++/src/include/__bit/has_single_bit.h
[240/1168] COPY ../../../third_party/libc++/src/include/__bit/invert_if.h gen/third_party/libc++/src/include/__bit/invert_if.h
[241/1168] COPY ../../../third_party/libc++/src/include/__bit/popcount.h gen/third_party/libc++/src/include/__bit/popcount.h
[242/1168] COPY ../../../third_party/libc++/src/include/__bit/rotate.h gen/third_party/libc++/src/include/__bit/rotate.h
[243/1168] COPY ../../../third_party/libc++/src/include/__bit_reference gen/third_party/libc++/src/include/__bit_reference
[244/1168] COPY ../../../third_party/libc++/src/include/__charconv/chars_format.h gen/third_party/libc++/src/include/__charconv/chars_format.h
[245/1168] COPY ../../../third_party/libc++/src/include/__charconv/from_chars_floating_point.h gen/third_party/libc++/src/include/__charconv/from_chars_floating_point.h
[246/1168] COPY ../../../third_party/libc++/src/include/__charconv/from_chars_integral.h gen/third_party/libc++/src/include/__charconv/from_chars_integral.h
[247/1168] COPY ../../../third_party/libc++/src/include/__charconv/from_chars_result.h gen/third_party/libc++/src/include/__charconv/from_chars_result.h
[248/1168] COPY ../../../third_party/libc++/src/include/__charconv/tables.h gen/third_party/libc++/src/include/__charconv/tables.h
[249/1168] COPY ../../../third_party/libc++/src/include/__charconv/to_chars.h gen/third_party/libc++/src/include/__charconv/to_chars.h
[250/1168] COPY ../../../third_party/libc++/src/include/__charconv/to_chars_base_10.h gen/third_party/libc++/src/include/__charconv/to_chars_base_10.h
[251/1168] COPY ../../../third_party/libc++/src/include/__charconv/to_chars_floating_point.h gen/third_party/libc++/src/include/__charconv/to_chars_floating_point.h
[252/1168] COPY ../../../third_party/libc++/src/include/__charconv/to_chars_integral.h gen/third_party/libc++/src/include/__charconv/to_chars_integral.h
[253/1168] COPY ../../../third_party/libc++/src/include/__charconv/to_chars_result.h gen/third_party/libc++/src/include/__charconv/to_chars_result.h
[254/1168] COPY ../../../third_party/libc++/src/include/__charconv/traits.h gen/third_party/libc++/src/include/__charconv/traits.h
[255/1168] COPY ../../../third_party/libc++/src/include/__chrono/calendar.h gen/third_party/libc++/src/include/__chrono/calendar.h
[256/1168] COPY ../../../third_party/libc++/src/include/__chrono/concepts.h gen/third_party/libc++/src/include/__chrono/concepts.h
[257/1168] COPY ../../../third_party/libc++/src/include/__chrono/convert_to_timespec.h gen/third_party/libc++/src/include/__chrono/convert_to_timespec.h
[258/1168] COPY ../../../third_party/libc++/src/include/__chrono/convert_to_tm.h gen/third_party/libc++/src/include/__chrono/convert_to_tm.h
[259/1168] COPY ../../../third_party/libc++/src/include/__chrono/day.h gen/third_party/libc++/src/include/__chrono/day.h
[260/1168] COPY ../../../third_party/libc++/src/include/__chrono/duration.h gen/third_party/libc++/src/include/__chrono/duration.h
[261/1168] COPY ../../../third_party/libc++/src/include/__chrono/exception.h gen/third_party/libc++/src/include/__chrono/exception.h
[262/1168] COPY ../../../third_party/libc++/src/include/__chrono/file_clock.h gen/third_party/libc++/src/include/__chrono/file_clock.h
[263/1168] COPY ../../../third_party/libc++/src/include/__chrono/formatter.h gen/third_party/libc++/src/include/__chrono/formatter.h
[264/1168] COPY ../../../third_party/libc++/src/include/__chrono/gps_clock.h gen/third_party/libc++/src/include/__chrono/gps_clock.h
[265/1168] COPY ../../../third_party/libc++/src/include/__chrono/hh_mm_ss.h gen/third_party/libc++/src/include/__chrono/hh_mm_ss.h
[266/1168] COPY ../../../third_party/libc++/src/include/__chrono/is_clock.h gen/third_party/libc++/src/include/__chrono/is_clock.h
[267/1168] COPY ../../../third_party/libc++/src/include/__chrono/high_resolution_clock.h gen/third_party/libc++/src/include/__chrono/high_resolution_clock.h
[268/1168] COPY ../../../third_party/libc++/src/include/__chrono/leap_second.h gen/third_party/libc++/src/include/__chrono/leap_second.h
[269/1168] COPY ../../../third_party/libc++/src/include/__chrono/literals.h gen/third_party/libc++/src/include/__chrono/literals.h
[270/1168] COPY ../../../third_party/libc++/src/include/__chrono/local_info.h gen/third_party/libc++/src/include/__chrono/local_info.h
[271/1168] COPY ../../../third_party/libc++/src/include/__chrono/month.h gen/third_party/libc++/src/include/__chrono/month.h
[272/1168] COPY ../../../third_party/libc++/src/include/__chrono/month_weekday.h gen/third_party/libc++/src/include/__chrono/month_weekday.h
[273/1168] COPY ../../../third_party/libc++/src/include/__chrono/monthday.h gen/third_party/libc++/src/include/__chrono/monthday.h
[274/1168] COPY ../../../third_party/libc++/src/include/__chrono/ostream.h gen/third_party/libc++/src/include/__chrono/ostream.h
[275/1168] COPY ../../../third_party/libc++/src/include/__chrono/parser_std_format_spec.h gen/third_party/libc++/src/include/__chrono/parser_std_format_spec.h
[276/1168] COPY ../../../third_party/libc++/src/include/__chrono/statically_widen.h gen/third_party/libc++/src/include/__chrono/statically_widen.h
[277/1168] COPY ../../../third_party/libc++/src/include/__chrono/steady_clock.h gen/third_party/libc++/src/include/__chrono/steady_clock.h
[278/1168] COPY ../../../third_party/libc++/src/include/__chrono/sys_info.h gen/third_party/libc++/src/include/__chrono/sys_info.h
[279/1168] COPY ../../../third_party/libc++/src/include/__chrono/system_clock.h gen/third_party/libc++/src/include/__chrono/system_clock.h
[280/1168] COPY ../../../third_party/libc++/src/include/__chrono/tai_clock.h gen/third_party/libc++/src/include/__chrono/tai_clock.h
[281/1168] COPY ../../../third_party/libc++/src/include/__chrono/time_point.h gen/third_party/libc++/src/include/__chrono/time_point.h
[282/1168] COPY ../../../third_party/libc++/src/include/__chrono/time_zone.h gen/third_party/libc++/src/include/__chrono/time_zone.h
[283/1168] COPY ../../../third_party/libc++/src/include/__chrono/time_zone_link.h gen/third_party/libc++/src/include/__chrono/time_zone_link.h
[284/1168] COPY ../../../third_party/libc++/src/include/__chrono/tzdb.h gen/third_party/libc++/src/include/__chrono/tzdb.h
[285/1168] COPY ../../../third_party/libc++/src/include/__chrono/tzdb_list.h gen/third_party/libc++/src/include/__chrono/tzdb_list.h
[286/1168] COPY ../../../third_party/libc++/src/include/__chrono/utc_clock.h gen/third_party/libc++/src/include/__chrono/utc_clock.h
[287/1168] COPY ../../../third_party/libc++/src/include/__chrono/weekday.h gen/third_party/libc++/src/include/__chrono/weekday.h
[288/1168] COPY ../../../third_party/libc++/src/include/__chrono/year.h gen/third_party/libc++/src/include/__chrono/year.h
[289/1168] COPY ../../../third_party/libc++/src/include/__chrono/year_month.h gen/third_party/libc++/src/include/__chrono/year_month.h
[290/1168] COPY ../../../third_party/libc++/src/include/__chrono/year_month_day.h gen/third_party/libc++/src/include/__chrono/year_month_day.h
[291/1168] COPY ../../../third_party/libc++/src/include/__chrono/year_month_weekday.h gen/third_party/libc++/src/include/__chrono/year_month_weekday.h
[292/1168] COPY ../../../third_party/libc++/src/include/__chrono/zoned_time.h gen/third_party/libc++/src/include/__chrono/zoned_time.h
[293/1168] COPY ../../../third_party/libc++/src/include/__compare/common_comparison_category.h gen/third_party/libc++/src/include/__compare/common_comparison_category.h
[294/1168] COPY ../../../third_party/libc++/src/include/__compare/compare_partial_order_fallback.h gen/third_party/libc++/src/include/__compare/compare_partial_order_fallback.h
[295/1168] COPY ../../../third_party/libc++/src/include/__compare/compare_strong_order_fallback.h gen/third_party/libc++/src/include/__compare/compare_strong_order_fallback.h
[296/1168] COPY ../../../third_party/libc++/src/include/__compare/compare_three_way.h gen/third_party/libc++/src/include/__compare/compare_three_way.h
[297/1168] COPY ../../../third_party/libc++/src/include/__compare/compare_three_way_result.h gen/third_party/libc++/src/include/__compare/compare_three_way_result.h
[298/1168] COPY ../../../third_party/libc++/src/include/__compare/compare_weak_order_fallback.h gen/third_party/libc++/src/include/__compare/compare_weak_order_fallback.h
[299/1168] COPY ../../../third_party/libc++/src/include/__compare/is_eq.h gen/third_party/libc++/src/include/__compare/is_eq.h
[300/1168] COPY ../../../third_party/libc++/src/include/__compare/ordering.h gen/third_party/libc++/src/include/__compare/ordering.h
[301/1168] COPY ../../../third_party/libc++/src/include/__compare/partial_order.h gen/third_party/libc++/src/include/__compare/partial_order.h
[302/1168] COPY ../../../third_party/libc++/src/include/__compare/strong_order.h gen/third_party/libc++/src/include/__compare/strong_order.h
[303/1168] COPY ../../../third_party/libc++/src/include/__compare/synth_three_way.h gen/third_party/libc++/src/include/__compare/synth_three_way.h
[304/1168] COPY ../../../third_party/libc++/src/include/__compare/three_way_comparable.h gen/third_party/libc++/src/include/__compare/three_way_comparable.h
[305/1168] COPY ../../../third_party/libc++/src/include/__compare/weak_order.h gen/third_party/libc++/src/include/__compare/weak_order.h
[306/1168] COPY ../../../third_party/libc++/src/include/__concepts/arithmetic.h gen/third_party/libc++/src/include/__concepts/arithmetic.h
[307/1168] COPY ../../../third_party/libc++/src/include/__concepts/assignable.h gen/third_party/libc++/src/include/__concepts/assignable.h
[308/1168] COPY ../../../third_party/libc++/src/include/__concepts/boolean_testable.h gen/third_party/libc++/src/include/__concepts/boolean_testable.h
[309/1168] COPY ../../../third_party/libc++/src/include/__concepts/class_or_enum.h gen/third_party/libc++/src/include/__concepts/class_or_enum.h
[310/1168] COPY ../../../third_party/libc++/src/include/__concepts/common_reference_with.h gen/third_party/libc++/src/include/__concepts/common_reference_with.h
[311/1168] COPY ../../../third_party/libc++/src/include/__concepts/common_with.h gen/third_party/libc++/src/include/__concepts/common_with.h
[312/1168] COPY ../../../third_party/libc++/src/include/__concepts/comparison_common_type.h gen/third_party/libc++/src/include/__concepts/comparison_common_type.h
[313/1168] COPY ../../../third_party/libc++/src/include/__concepts/constructible.h gen/third_party/libc++/src/include/__concepts/constructible.h
[314/1168] COPY ../../../third_party/libc++/src/include/__concepts/convertible_to.h gen/third_party/libc++/src/include/__concepts/convertible_to.h
[315/1168] COPY ../../../third_party/libc++/src/include/__concepts/copyable.h gen/third_party/libc++/src/include/__concepts/copyable.h
[316/1168] COPY ../../../third_party/libc++/src/include/__concepts/derived_from.h gen/third_party/libc++/src/include/__concepts/derived_from.h
[317/1168] COPY ../../../third_party/libc++/src/include/__concepts/destructible.h gen/third_party/libc++/src/include/__concepts/destructible.h
[318/1168] COPY ../../../third_party/libc++/src/include/__concepts/different_from.h gen/third_party/libc++/src/include/__concepts/different_from.h
[319/1168] COPY ../../../third_party/libc++/src/include/__concepts/equality_comparable.h gen/third_party/libc++/src/include/__concepts/equality_comparable.h
[320/1168] COPY ../../../third_party/libc++/src/include/__concepts/invocable.h gen/third_party/libc++/src/include/__concepts/invocable.h
[321/1168] COPY ../../../third_party/libc++/src/include/__concepts/movable.h gen/third_party/libc++/src/include/__concepts/movable.h
[322/1168] COPY ../../../third_party/libc++/src/include/__concepts/predicate.h gen/third_party/libc++/src/include/__concepts/predicate.h
[323/1168] COPY ../../../third_party/libc++/src/include/__concepts/regular.h gen/third_party/libc++/src/include/__concepts/regular.h
[324/1168] COPY ../../../third_party/libc++/src/include/__concepts/relation.h gen/third_party/libc++/src/include/__concepts/relation.h
[325/1168] COPY ../../../third_party/libc++/src/include/__concepts/same_as.h gen/third_party/libc++/src/include/__concepts/same_as.h
[326/1168] COPY ../../../third_party/libc++/src/include/__concepts/semiregular.h gen/third_party/libc++/src/include/__concepts/semiregular.h
[327/1168] COPY ../../../third_party/libc++/src/include/__concepts/swappable.h gen/third_party/libc++/src/include/__concepts/swappable.h
[328/1168] COPY ../../../third_party/libc++/src/include/__concepts/totally_ordered.h gen/third_party/libc++/src/include/__concepts/totally_ordered.h
[329/1168] COPY ../../../third_party/libc++/src/include/__condition_variable/condition_variable.h gen/third_party/libc++/src/include/__condition_variable/condition_variable.h
[330/1168] COPY ../../../third_party/libc++/src/include/__config gen/third_party/libc++/src/include/__config
[331/1168] COPY ../../../third_party/libc++/src/include/__config_site.in gen/third_party/libc++/src/include/__config_site.in
[332/1168] COPY ../../../third_party/libc++/src/include/__configuration/abi.h gen/third_party/libc++/src/include/__configuration/abi.h
[333/1168] COPY ../../../third_party/libc++/src/include/__configuration/availability.h gen/third_party/libc++/src/include/__configuration/availability.h
[334/1168] COPY ../../../third_party/libc++/src/include/__configuration/compiler.h gen/third_party/libc++/src/include/__configuration/compiler.h
[335/1168] COPY ../../../third_party/libc++/src/include/__configuration/experimental.h gen/third_party/libc++/src/include/__configuration/experimental.h
[336/1168] COPY ../../../third_party/libc++/src/include/__configuration/hardening.h gen/third_party/libc++/src/include/__configuration/hardening.h
[337/1168] COPY ../../../third_party/libc++/src/include/__configuration/language.h gen/third_party/libc++/src/include/__configuration/language.h
[338/1168] COPY ../../../third_party/libc++/src/include/__configuration/platform.h gen/third_party/libc++/src/include/__configuration/platform.h
[339/1168] COPY ../../../third_party/libc++/src/include/__coroutine/coroutine_handle.h gen/third_party/libc++/src/include/__coroutine/coroutine_handle.h
[340/1168] COPY ../../../third_party/libc++/src/include/__coroutine/coroutine_traits.h gen/third_party/libc++/src/include/__coroutine/coroutine_traits.h
[341/1168] COPY ../../../third_party/libc++/src/include/__coroutine/noop_coroutine_handle.h gen/third_party/libc++/src/include/__coroutine/noop_coroutine_handle.h
[342/1168] COPY ../../../third_party/libc++/src/include/__coroutine/trivial_awaitables.h gen/third_party/libc++/src/include/__coroutine/trivial_awaitables.h
[343/1168] COPY ../../../third_party/libc++/src/include/__cstddef/byte.h gen/third_party/libc++/src/include/__cstddef/byte.h
[344/1168] COPY ../../../third_party/libc++/src/include/__cstddef/max_align_t.h gen/third_party/libc++/src/include/__cstddef/max_align_t.h
[345/1168] COPY ../../../third_party/libc++/src/include/__cstddef/nullptr_t.h gen/third_party/libc++/src/include/__cstddef/nullptr_t.h
[346/1168] COPY ../../../third_party/libc++/src/include/__cstddef/ptrdiff_t.h gen/third_party/libc++/src/include/__cstddef/ptrdiff_t.h
[347/1168] COPY ../../../third_party/libc++/src/include/__cstddef/size_t.h gen/third_party/libc++/src/include/__cstddef/size_t.h
[348/1168] COPY ../../../third_party/libc++/src/include/__debug_utils/randomize_range.h gen/third_party/libc++/src/include/__debug_utils/randomize_range.h
[349/1168] COPY ../../../third_party/libc++/src/include/__exception/exception.h gen/third_party/libc++/src/include/__exception/exception.h
[350/1168] COPY ../../../third_party/libc++/src/include/__debug_utils/sanitizers.h gen/third_party/libc++/src/include/__debug_utils/sanitizers.h
[351/1168] COPY ../../../third_party/libc++/src/include/__debug_utils/strict_weak_ordering_check.h gen/third_party/libc++/src/include/__debug_utils/strict_weak_ordering_check.h
[352/1168] COPY ../../../third_party/libc++/src/include/__exception/exception_ptr.h gen/third_party/libc++/src/include/__exception/exception_ptr.h
[353/1168] COPY ../../../third_party/libc++/src/include/__exception/nested_exception.h gen/third_party/libc++/src/include/__exception/nested_exception.h
[354/1168] COPY ../../../third_party/libc++/src/include/__exception/terminate.h gen/third_party/libc++/src/include/__exception/terminate.h
[355/1168] COPY ../../../third_party/libc++/src/include/__exception/operations.h gen/third_party/libc++/src/include/__exception/operations.h
[356/1168] COPY ../../../third_party/libc++/src/include/__expected/bad_expected_access.h gen/third_party/libc++/src/include/__expected/bad_expected_access.h
[357/1168] COPY ../../../third_party/libc++/src/include/__expected/expected.h gen/third_party/libc++/src/include/__expected/expected.h
[358/1168] COPY ../../../third_party/libc++/src/include/__expected/unexpected.h gen/third_party/libc++/src/include/__expected/unexpected.h
[359/1168] COPY ../../../third_party/libc++/src/include/__expected/unexpect.h gen/third_party/libc++/src/include/__expected/unexpect.h
[360/1168] COPY ../../../third_party/libc++/src/include/__filesystem/copy_options.h gen/third_party/libc++/src/include/__filesystem/copy_options.h
[361/1168] COPY ../../../third_party/libc++/src/include/__filesystem/directory_entry.h gen/third_party/libc++/src/include/__filesystem/directory_entry.h
[362/1168] COPY ../../../third_party/libc++/src/include/__filesystem/directory_iterator.h gen/third_party/libc++/src/include/__filesystem/directory_iterator.h
[363/1168] COPY ../../../third_party/libc++/src/include/__filesystem/directory_options.h gen/third_party/libc++/src/include/__filesystem/directory_options.h
[364/1168] COPY ../../../third_party/libc++/src/include/__filesystem/file_status.h gen/third_party/libc++/src/include/__filesystem/file_status.h
[365/1168] COPY ../../../third_party/libc++/src/include/__filesystem/file_type.h gen/third_party/libc++/src/include/__filesystem/file_type.h
[366/1168] COPY ../../../third_party/libc++/src/include/__filesystem/filesystem_error.h gen/third_party/libc++/src/include/__filesystem/filesystem_error.h
[367/1168] COPY ../../../third_party/libc++/src/include/__filesystem/file_time_type.h gen/third_party/libc++/src/include/__filesystem/file_time_type.h
[368/1168] COPY ../../../third_party/libc++/src/include/__filesystem/operations.h gen/third_party/libc++/src/include/__filesystem/operations.h
[369/1168] COPY ../../../third_party/libc++/src/include/__filesystem/path.h gen/third_party/libc++/src/include/__filesystem/path.h
[370/1168] COPY ../../../third_party/libc++/src/include/__filesystem/path_iterator.h gen/third_party/libc++/src/include/__filesystem/path_iterator.h
[371/1168] COPY ../../../third_party/libc++/src/include/__filesystem/perm_options.h gen/third_party/libc++/src/include/__filesystem/perm_options.h
[372/1168] COPY ../../../third_party/libc++/src/include/__filesystem/perms.h gen/third_party/libc++/src/include/__filesystem/perms.h
[373/1168] COPY ../../../third_party/libc++/src/include/__filesystem/recursive_directory_iterator.h gen/third_party/libc++/src/include/__filesystem/recursive_directory_iterator.h
[374/1168] COPY ../../../third_party/libc++/src/include/__filesystem/space_info.h gen/third_party/libc++/src/include/__filesystem/space_info.h
[375/1168] COPY ../../../third_party/libc++/src/include/__filesystem/u8path.h gen/third_party/libc++/src/include/__filesystem/u8path.h
[376/1168] COPY ../../../third_party/libc++/src/include/__flat_map/flat_map.h gen/third_party/libc++/src/include/__flat_map/flat_map.h
[377/1168] COPY ../../../third_party/libc++/src/include/__flat_map/flat_multimap.h gen/third_party/libc++/src/include/__flat_map/flat_multimap.h
[378/1168] COPY ../../../third_party/libc++/src/include/__flat_map/key_value_iterator.h gen/third_party/libc++/src/include/__flat_map/key_value_iterator.h
[379/1168] COPY ../../../third_party/libc++/src/include/__flat_map/sorted_equivalent.h gen/third_party/libc++/src/include/__flat_map/sorted_equivalent.h
[380/1168] COPY ../../../third_party/libc++/src/include/__flat_map/sorted_unique.h gen/third_party/libc++/src/include/__flat_map/sorted_unique.h
[381/1168] COPY ../../../third_party/libc++/src/include/__flat_map/utils.h gen/third_party/libc++/src/include/__flat_map/utils.h
[382/1168] COPY ../../../third_party/libc++/src/include/__flat_set/flat_multiset.h gen/third_party/libc++/src/include/__flat_set/flat_multiset.h
[383/1168] COPY ../../../third_party/libc++/src/include/__flat_set/flat_set.h gen/third_party/libc++/src/include/__flat_set/flat_set.h
[384/1168] COPY ../../../third_party/libc++/src/include/__flat_set/ra_iterator.h gen/third_party/libc++/src/include/__flat_set/ra_iterator.h
[385/1168] COPY ../../../third_party/libc++/src/include/__flat_set/utils.h gen/third_party/libc++/src/include/__flat_set/utils.h
[386/1168] COPY ../../../third_party/libc++/src/include/__format/buffer.h gen/third_party/libc++/src/include/__format/buffer.h
[387/1168] COPY ../../../third_party/libc++/src/include/__format/concepts.h gen/third_party/libc++/src/include/__format/concepts.h
[388/1168] COPY ../../../third_party/libc++/src/include/__format/container_adaptor.h gen/third_party/libc++/src/include/__format/container_adaptor.h
[389/1168] COPY ../../../third_party/libc++/src/include/__format/enable_insertable.h gen/third_party/libc++/src/include/__format/enable_insertable.h
[390/1168] COPY ../../../third_party/libc++/src/include/__format/escaped_output_table.h gen/third_party/libc++/src/include/__format/escaped_output_table.h
[391/1168] COPY ../../../third_party/libc++/src/include/__format/extended_grapheme_cluster_table.h gen/third_party/libc++/src/include/__format/extended_grapheme_cluster_table.h
[392/1168] COPY ../../../third_party/libc++/src/include/__format/fmt_pair_like.h gen/third_party/libc++/src/include/__format/fmt_pair_like.h
[393/1168] COPY ../../../third_party/libc++/src/include/__format/format_arg.h gen/third_party/libc++/src/include/__format/format_arg.h
[394/1168] COPY ../../../third_party/libc++/src/include/__format/format_arg_store.h gen/third_party/libc++/src/include/__format/format_arg_store.h
[395/1168] COPY ../../../third_party/libc++/src/include/__format/format_args.h gen/third_party/libc++/src/include/__format/format_args.h
[396/1168] COPY ../../../third_party/libc++/src/include/__format/format_context.h gen/third_party/libc++/src/include/__format/format_context.h
[397/1168] COPY ../../../third_party/libc++/src/include/__format/format_error.h gen/third_party/libc++/src/include/__format/format_error.h
[398/1168] COPY ../../../third_party/libc++/src/include/__format/format_functions.h gen/third_party/libc++/src/include/__format/format_functions.h
[399/1168] COPY ../../../third_party/libc++/src/include/__format/format_parse_context.h gen/third_party/libc++/src/include/__format/format_parse_context.h
[400/1168] COPY ../../../third_party/libc++/src/include/__format/format_to_n_result.h gen/third_party/libc++/src/include/__format/format_to_n_result.h
[401/1168] COPY ../../../third_party/libc++/src/include/__format/format_string.h gen/third_party/libc++/src/include/__format/format_string.h
[402/1168] COPY ../../../third_party/libc++/src/include/__format/formatter.h gen/third_party/libc++/src/include/__format/formatter.h
[403/1168] COPY ../../../third_party/libc++/src/include/__format/formatter_bool.h gen/third_party/libc++/src/include/__format/formatter_bool.h
[404/1168] COPY ../../../third_party/libc++/src/include/__format/formatter_char.h gen/third_party/libc++/src/include/__format/formatter_char.h
[405/1168] COPY ../../../third_party/libc++/src/include/__format/formatter_floating_point.h gen/third_party/libc++/src/include/__format/formatter_floating_point.h
[406/1168] COPY ../../../third_party/libc++/src/include/__format/formatter_integer.h gen/third_party/libc++/src/include/__format/formatter_integer.h
[407/1168] COPY ../../../third_party/libc++/src/include/__format/formatter_integral.h gen/third_party/libc++/src/include/__format/formatter_integral.h
[408/1168] COPY ../../../third_party/libc++/src/include/__format/formatter_pointer.h gen/third_party/libc++/src/include/__format/formatter_pointer.h
[409/1168] COPY ../../../third_party/libc++/src/include/__format/formatter_output.h gen/third_party/libc++/src/include/__format/formatter_output.h
[410/1168] COPY ../../../third_party/libc++/src/include/__format/formatter_string.h gen/third_party/libc++/src/include/__format/formatter_string.h
[411/1168] COPY ../../../third_party/libc++/src/include/__format/formatter_tuple.h gen/third_party/libc++/src/include/__format/formatter_tuple.h
[412/1168] COPY ../../../third_party/libc++/src/include/__format/indic_conjunct_break_table.h gen/third_party/libc++/src/include/__format/indic_conjunct_break_table.h
[413/1168] COPY ../../../third_party/libc++/src/include/__format/range_default_formatter.h gen/third_party/libc++/src/include/__format/range_default_formatter.h
[414/1168] COPY ../../../third_party/libc++/src/include/__format/parser_std_format_spec.h gen/third_party/libc++/src/include/__format/parser_std_format_spec.h
[415/1168] COPY ../../../third_party/libc++/src/include/__format/range_format.h gen/third_party/libc++/src/include/__format/range_format.h
[416/1168] COPY ../../../third_party/libc++/src/include/__format/range_formatter.h gen/third_party/libc++/src/include/__format/range_formatter.h
[417/1168] COPY ../../../third_party/libc++/src/include/__format/unicode.h gen/third_party/libc++/src/include/__format/unicode.h
[418/1168] COPY ../../../third_party/libc++/src/include/__format/width_estimation_table.h gen/third_party/libc++/src/include/__format/width_estimation_table.h
[419/1168] COPY ../../../third_party/libc++/src/include/__format/write_escaped.h gen/third_party/libc++/src/include/__format/write_escaped.h
[420/1168] COPY ../../../third_party/libc++/src/include/__functional/binary_function.h gen/third_party/libc++/src/include/__functional/binary_function.h
[421/1168] COPY ../../../third_party/libc++/src/include/__functional/binary_negate.h gen/third_party/libc++/src/include/__functional/binary_negate.h
[422/1168] COPY ../../../third_party/libc++/src/include/__functional/bind.h gen/third_party/libc++/src/include/__functional/bind.h
[423/1168] COPY ../../../third_party/libc++/src/include/__functional/bind_back.h gen/third_party/libc++/src/include/__functional/bind_back.h
[424/1168] COPY ../../../third_party/libc++/src/include/__functional/bind_front.h gen/third_party/libc++/src/include/__functional/bind_front.h
[425/1168] COPY ../../../third_party/libc++/src/include/__functional/binder1st.h gen/third_party/libc++/src/include/__functional/binder1st.h
[426/1168] COPY ../../../third_party/libc++/src/include/__functional/binder2nd.h gen/third_party/libc++/src/include/__functional/binder2nd.h
[427/1168] COPY ../../../third_party/libc++/src/include/__functional/boyer_moore_searcher.h gen/third_party/libc++/src/include/__functional/boyer_moore_searcher.h
[428/1168] COPY ../../../third_party/libc++/src/include/__functional/compose.h gen/third_party/libc++/src/include/__functional/compose.h
[429/1168] COPY ../../../third_party/libc++/src/include/__functional/default_searcher.h gen/third_party/libc++/src/include/__functional/default_searcher.h
[430/1168] COPY ../../../third_party/libc++/src/include/__functional/function.h gen/third_party/libc++/src/include/__functional/function.h
[431/1168] COPY ../../../third_party/libc++/src/include/__functional/hash.h gen/third_party/libc++/src/include/__functional/hash.h
[432/1168] COPY ../../../third_party/libc++/src/include/__functional/identity.h gen/third_party/libc++/src/include/__functional/identity.h
[433/1168] COPY ../../../third_party/libc++/src/include/__functional/invoke.h gen/third_party/libc++/src/include/__functional/invoke.h
[434/1168] COPY ../../../third_party/libc++/src/include/__functional/is_transparent.h gen/third_party/libc++/src/include/__functional/is_transparent.h
[435/1168] COPY ../../../third_party/libc++/src/include/__functional/mem_fn.h gen/third_party/libc++/src/include/__functional/mem_fn.h
[436/1168] COPY ../../../third_party/libc++/src/include/__functional/mem_fun_ref.h gen/third_party/libc++/src/include/__functional/mem_fun_ref.h
[437/1168] COPY ../../../third_party/libc++/src/include/__functional/not_fn.h gen/third_party/libc++/src/include/__functional/not_fn.h
[438/1168] COPY ../../../third_party/libc++/src/include/__functional/operations.h gen/third_party/libc++/src/include/__functional/operations.h
[439/1168] COPY ../../../third_party/libc++/src/include/__functional/perfect_forward.h gen/third_party/libc++/src/include/__functional/perfect_forward.h
[440/1168] COPY ../../../third_party/libc++/src/include/__functional/pointer_to_binary_function.h gen/third_party/libc++/src/include/__functional/pointer_to_binary_function.h
[441/1168] COPY ../../../third_party/libc++/src/include/__functional/pointer_to_unary_function.h gen/third_party/libc++/src/include/__functional/pointer_to_unary_function.h
[442/1168] COPY ../../../third_party/libc++/src/include/__functional/ranges_operations.h gen/third_party/libc++/src/include/__functional/ranges_operations.h
[443/1168] COPY ../../../third_party/libc++/src/include/__functional/reference_wrapper.h gen/third_party/libc++/src/include/__functional/reference_wrapper.h
[444/1168] COPY ../../../third_party/libc++/src/include/__functional/unary_function.h gen/third_party/libc++/src/include/__functional/unary_function.h
[445/1168] COPY ../../../third_party/libc++/src/include/__functional/unary_negate.h gen/third_party/libc++/src/include/__functional/unary_negate.h
[446/1168] COPY ../../../third_party/libc++/src/include/__functional/weak_result_type.h gen/third_party/libc++/src/include/__functional/weak_result_type.h
[447/1168] COPY ../../../third_party/libc++/src/include/__fwd/array.h gen/third_party/libc++/src/include/__fwd/array.h
[448/1168] COPY ../../../third_party/libc++/src/include/__fwd/bit_reference.h gen/third_party/libc++/src/include/__fwd/bit_reference.h
[449/1168] COPY ../../../third_party/libc++/src/include/__fwd/byte.h gen/third_party/libc++/src/include/__fwd/byte.h
[450/1168] COPY ../../../third_party/libc++/src/include/__fwd/complex.h gen/third_party/libc++/src/include/__fwd/complex.h
[451/1168] COPY ../../../third_party/libc++/src/include/__fwd/deque.h gen/third_party/libc++/src/include/__fwd/deque.h
[452/1168] COPY ../../../third_party/libc++/src/include/__fwd/format.h gen/third_party/libc++/src/include/__fwd/format.h
[453/1168] COPY ../../../third_party/libc++/src/include/__fwd/fstream.h gen/third_party/libc++/src/include/__fwd/fstream.h
[454/1168] COPY ../../../third_party/libc++/src/include/__fwd/functional.h gen/third_party/libc++/src/include/__fwd/functional.h
[455/1168] COPY ../../../third_party/libc++/src/include/__fwd/get.h gen/third_party/libc++/src/include/__fwd/get.h
[456/1168] COPY ../../../third_party/libc++/src/include/__fwd/ios.h gen/third_party/libc++/src/include/__fwd/ios.h
[457/1168] COPY ../../../third_party/libc++/src/include/__fwd/istream.h gen/third_party/libc++/src/include/__fwd/istream.h
[458/1168] COPY ../../../third_party/libc++/src/include/__fwd/mdspan.h gen/third_party/libc++/src/include/__fwd/mdspan.h
[459/1168] COPY ../../../third_party/libc++/src/include/__fwd/memory.h gen/third_party/libc++/src/include/__fwd/memory.h
[460/1168] COPY ../../../third_party/libc++/src/include/__fwd/memory_resource.h gen/third_party/libc++/src/include/__fwd/memory_resource.h
[461/1168] COPY ../../../third_party/libc++/src/include/__fwd/ostream.h gen/third_party/libc++/src/include/__fwd/ostream.h
[462/1168] COPY ../../../third_party/libc++/src/include/__fwd/pair.h gen/third_party/libc++/src/include/__fwd/pair.h
[463/1168] COPY ../../../third_party/libc++/src/include/__fwd/queue.h gen/third_party/libc++/src/include/__fwd/queue.h
[464/1168] COPY ../../../third_party/libc++/src/include/__fwd/span.h gen/third_party/libc++/src/include/__fwd/span.h
[465/1168] COPY ../../../third_party/libc++/src/include/__fwd/sstream.h gen/third_party/libc++/src/include/__fwd/sstream.h
[466/1168] COPY ../../../third_party/libc++/src/include/__fwd/stack.h gen/third_party/libc++/src/include/__fwd/stack.h
[467/1168] COPY ../../../third_party/libc++/src/include/__fwd/streambuf.h gen/third_party/libc++/src/include/__fwd/streambuf.h
[468/1168] COPY ../../../third_party/libc++/src/include/__fwd/string.h gen/third_party/libc++/src/include/__fwd/string.h
[469/1168] COPY ../../../third_party/libc++/src/include/__fwd/string_view.h gen/third_party/libc++/src/include/__fwd/string_view.h
[470/1168] COPY ../../../third_party/libc++/src/include/__fwd/subrange.h gen/third_party/libc++/src/include/__fwd/subrange.h
[471/1168] COPY ../../../third_party/libc++/src/include/__fwd/tuple.h gen/third_party/libc++/src/include/__fwd/tuple.h
[472/1168] COPY ../../../third_party/libc++/src/include/__fwd/variant.h gen/third_party/libc++/src/include/__fwd/variant.h
[473/1168] COPY ../../../third_party/libc++/src/include/__fwd/vector.h gen/third_party/libc++/src/include/__fwd/vector.h
[474/1168] COPY ../../../third_party/libc++/src/include/__hash_table gen/third_party/libc++/src/include/__hash_table
[475/1168] COPY ../../../third_party/libc++/src/include/__ios/fpos.h gen/third_party/libc++/src/include/__ios/fpos.h
[476/1168] COPY ../../../third_party/libc++/src/include/__iterator/access.h gen/third_party/libc++/src/include/__iterator/access.h
[477/1168] COPY ../../../third_party/libc++/src/include/__iterator/advance.h gen/third_party/libc++/src/include/__iterator/advance.h
[478/1168] COPY ../../../third_party/libc++/src/include/__iterator/aliasing_iterator.h gen/third_party/libc++/src/include/__iterator/aliasing_iterator.h
[479/1168] COPY ../../../third_party/libc++/src/include/__iterator/back_insert_iterator.h gen/third_party/libc++/src/include/__iterator/back_insert_iterator.h
[480/1168] COPY ../../../third_party/libc++/src/include/__iterator/bounded_iter.h gen/third_party/libc++/src/include/__iterator/bounded_iter.h
[481/1168] COPY ../../../third_party/libc++/src/include/__iterator/common_iterator.h gen/third_party/libc++/src/include/__iterator/common_iterator.h
[482/1168] COPY ../../../third_party/libc++/src/include/__iterator/concepts.h gen/third_party/libc++/src/include/__iterator/concepts.h
[483/1168] COPY ../../../third_party/libc++/src/include/__iterator/counted_iterator.h gen/third_party/libc++/src/include/__iterator/counted_iterator.h
[484/1168] COPY ../../../third_party/libc++/src/include/__iterator/cpp17_iterator_concepts.h gen/third_party/libc++/src/include/__iterator/cpp17_iterator_concepts.h
[485/1168] COPY ../../../third_party/libc++/src/include/__iterator/data.h gen/third_party/libc++/src/include/__iterator/data.h
[486/1168] COPY ../../../third_party/libc++/src/include/__iterator/default_sentinel.h gen/third_party/libc++/src/include/__iterator/default_sentinel.h
[487/1168] COPY ../../../third_party/libc++/src/include/__iterator/distance.h gen/third_party/libc++/src/include/__iterator/distance.h
[488/1168] COPY ../../../third_party/libc++/src/include/__iterator/empty.h gen/third_party/libc++/src/include/__iterator/empty.h
[489/1168] COPY ../../../third_party/libc++/src/include/__iterator/erase_if_container.h gen/third_party/libc++/src/include/__iterator/erase_if_container.h
[490/1168] COPY ../../../third_party/libc++/src/include/__iterator/front_insert_iterator.h gen/third_party/libc++/src/include/__iterator/front_insert_iterator.h
[491/1168] COPY ../../../third_party/libc++/src/include/__iterator/incrementable_traits.h gen/third_party/libc++/src/include/__iterator/incrementable_traits.h
[492/1168] COPY ../../../third_party/libc++/src/include/__iterator/indirectly_comparable.h gen/third_party/libc++/src/include/__iterator/indirectly_comparable.h
[493/1168] COPY ../../../third_party/libc++/src/include/__iterator/insert_iterator.h gen/third_party/libc++/src/include/__iterator/insert_iterator.h
[494/1168] COPY ../../../third_party/libc++/src/include/__iterator/istream_iterator.h gen/third_party/libc++/src/include/__iterator/istream_iterator.h
[495/1168] COPY ../../../third_party/libc++/src/include/__iterator/istreambuf_iterator.h gen/third_party/libc++/src/include/__iterator/istreambuf_iterator.h
[496/1168] COPY ../../../third_party/libc++/src/include/__iterator/iter_move.h gen/third_party/libc++/src/include/__iterator/iter_move.h
[497/1168] COPY ../../../third_party/libc++/src/include/__iterator/iter_swap.h gen/third_party/libc++/src/include/__iterator/iter_swap.h
[498/1168] COPY ../../../third_party/libc++/src/include/__iterator/iterator.h gen/third_party/libc++/src/include/__iterator/iterator.h
[499/1168] COPY ../../../third_party/libc++/src/include/__iterator/iterator_traits.h gen/third_party/libc++/src/include/__iterator/iterator_traits.h
[500/1168] COPY ../../../third_party/libc++/src/include/__iterator/iterator_with_data.h gen/third_party/libc++/src/include/__iterator/iterator_with_data.h
[501/1168] COPY ../../../third_party/libc++/src/include/__iterator/mergeable.h gen/third_party/libc++/src/include/__iterator/mergeable.h
[502/1168] COPY ../../../third_party/libc++/src/include/__iterator/move_sentinel.h gen/third_party/libc++/src/include/__iterator/move_sentinel.h
[503/1168] COPY ../../../third_party/libc++/src/include/__iterator/next.h gen/third_party/libc++/src/include/__iterator/next.h
[504/1168] COPY ../../../third_party/libc++/src/include/__iterator/move_iterator.h gen/third_party/libc++/src/include/__iterator/move_iterator.h
[505/1168] COPY ../../../third_party/libc++/src/include/__iterator/ostream_iterator.h gen/third_party/libc++/src/include/__iterator/ostream_iterator.h
[506/1168] COPY ../../../third_party/libc++/src/include/__iterator/ostreambuf_iterator.h gen/third_party/libc++/src/include/__iterator/ostreambuf_iterator.h
[507/1168] COPY ../../../third_party/libc++/src/include/__iterator/permutable.h gen/third_party/libc++/src/include/__iterator/permutable.h
[508/1168] COPY ../../../third_party/libc++/src/include/__iterator/prev.h gen/third_party/libc++/src/include/__iterator/prev.h
[509/1168] COPY ../../../third_party/libc++/src/include/__iterator/product_iterator.h gen/third_party/libc++/src/include/__iterator/product_iterator.h
[510/1168] COPY ../../../third_party/libc++/src/include/__iterator/projected.h gen/third_party/libc++/src/include/__iterator/projected.h
[511/1168] COPY ../../../third_party/libc++/src/include/__iterator/ranges_iterator_traits.h gen/third_party/libc++/src/include/__iterator/ranges_iterator_traits.h
[512/1168] COPY ../../../third_party/libc++/src/include/__iterator/readable_traits.h gen/third_party/libc++/src/include/__iterator/readable_traits.h
[513/1168] COPY ../../../third_party/libc++/src/include/__iterator/reverse_access.h gen/third_party/libc++/src/include/__iterator/reverse_access.h
[514/1168] COPY ../../../third_party/libc++/src/include/__iterator/reverse_iterator.h gen/third_party/libc++/src/include/__iterator/reverse_iterator.h
[515/1168] COPY ../../../third_party/libc++/src/include/__iterator/segmented_iterator.h gen/third_party/libc++/src/include/__iterator/segmented_iterator.h
[516/1168] COPY ../../../third_party/libc++/src/include/__iterator/size.h gen/third_party/libc++/src/include/__iterator/size.h
[517/1168] COPY ../../../third_party/libc++/src/include/__iterator/sortable.h gen/third_party/libc++/src/include/__iterator/sortable.h
[518/1168] COPY ../../../third_party/libc++/src/include/__iterator/static_bounded_iter.h gen/third_party/libc++/src/include/__iterator/static_bounded_iter.h
[519/1168] COPY ../../../third_party/libc++/src/include/__iterator/unreachable_sentinel.h gen/third_party/libc++/src/include/__iterator/unreachable_sentinel.h
[520/1168] COPY ../../../third_party/libc++/src/include/__iterator/wrap_iter.h gen/third_party/libc++/src/include/__iterator/wrap_iter.h
[521/1168] COPY ../../../third_party/libc++/src/include/__locale gen/third_party/libc++/src/include/__locale
[522/1168] COPY ../../../third_party/libc++/src/include/__locale_dir/check_grouping.h gen/third_party/libc++/src/include/__locale_dir/check_grouping.h
[523/1168] COPY ../../../third_party/libc++/src/include/__locale_dir/get_c_locale.h gen/third_party/libc++/src/include/__locale_dir/get_c_locale.h
[524/1168] COPY ../../../third_party/libc++/src/include/__locale_dir/locale_base_api.h gen/third_party/libc++/src/include/__locale_dir/locale_base_api.h
[525/1168] COPY ../../../third_party/libc++/src/include/__locale_dir/locale_base_api/bsd_locale_fallbacks.h gen/third_party/libc++/src/include/__locale_dir/locale_base_api/bsd_locale_fallbacks.h
[526/1168] COPY ../../../third_party/libc++/src/include/__locale_dir/locale_base_api/ibm.h gen/third_party/libc++/src/include/__locale_dir/locale_base_api/ibm.h
[527/1168] COPY ../../../third_party/libc++/src/include/__locale_dir/locale_base_api/openbsd.h gen/third_party/libc++/src/include/__locale_dir/locale_base_api/openbsd.h
[528/1168] COPY ../../../third_party/libc++/src/include/__locale_dir/messages.h gen/third_party/libc++/src/include/__locale_dir/messages.h
[529/1168] COPY ../../../third_party/libc++/src/include/__locale_dir/money.h gen/third_party/libc++/src/include/__locale_dir/money.h
[530/1168] COPY ../../../third_party/libc++/src/include/__locale_dir/num.h gen/third_party/libc++/src/include/__locale_dir/num.h
[531/1168] COPY ../../../third_party/libc++/src/include/__locale_dir/pad_and_output.h gen/third_party/libc++/src/include/__locale_dir/pad_and_output.h
[532/1168] COPY ../../../third_party/libc++/src/include/__locale_dir/scan_keyword.h gen/third_party/libc++/src/include/__locale_dir/scan_keyword.h
[533/1168] COPY ../../../third_party/libc++/src/include/__locale_dir/support/aix.h gen/third_party/libc++/src/include/__locale_dir/support/aix.h
[534/1168] COPY ../../../third_party/libc++/src/include/__locale_dir/support/apple.h gen/third_party/libc++/src/include/__locale_dir/support/apple.h
[535/1168] COPY ../../../third_party/libc++/src/include/__locale_dir/support/freebsd.h gen/third_party/libc++/src/include/__locale_dir/support/freebsd.h
[536/1168] COPY ../../../third_party/libc++/src/include/__locale_dir/support/bsd_like.h gen/third_party/libc++/src/include/__locale_dir/support/bsd_like.h
[537/1168] COPY ../../../third_party/libc++/src/include/__locale_dir/support/fuchsia.h gen/third_party/libc++/src/include/__locale_dir/support/fuchsia.h
[538/1168] COPY ../../../third_party/libc++/src/include/__locale_dir/support/linux.h gen/third_party/libc++/src/include/__locale_dir/support/linux.h
[539/1168] COPY ../../../third_party/libc++/src/include/__locale_dir/support/netbsd.h gen/third_party/libc++/src/include/__locale_dir/support/netbsd.h
[540/1168] COPY ../../../third_party/libc++/src/include/__locale_dir/support/newlib.h gen/third_party/libc++/src/include/__locale_dir/support/newlib.h
[541/1168] COPY ../../../third_party/libc++/src/include/__locale_dir/support/no_locale/characters.h gen/third_party/libc++/src/include/__locale_dir/support/no_locale/characters.h
[542/1168] COPY ../../../third_party/libc++/src/include/__locale_dir/support/no_locale/strtonum.h gen/third_party/libc++/src/include/__locale_dir/support/no_locale/strtonum.h
[543/1168] COPY ../../../third_party/libc++/src/include/__locale_dir/time.h gen/third_party/libc++/src/include/__locale_dir/time.h
[544/1168] COPY ../../../third_party/libc++/src/include/__locale_dir/support/windows.h gen/third_party/libc++/src/include/__locale_dir/support/windows.h
[545/1168] COPY ../../../third_party/libc++/src/include/__locale_dir/wbuffer_convert.h gen/third_party/libc++/src/include/__locale_dir/wbuffer_convert.h
[546/1168] COPY ../../../third_party/libc++/src/include/__locale_dir/wstring_convert.h gen/third_party/libc++/src/include/__locale_dir/wstring_convert.h
[547/1168] COPY ../../../third_party/libc++/src/include/__log_hardening_failure gen/third_party/libc++/src/include/__log_hardening_failure
[548/1168] COPY ../../../third_party/libc++/src/include/__math/abs.h gen/third_party/libc++/src/include/__math/abs.h
[549/1168] COPY ../../../third_party/libc++/src/include/__math/copysign.h gen/third_party/libc++/src/include/__math/copysign.h
[550/1168] COPY ../../../third_party/libc++/src/include/__math/error_functions.h gen/third_party/libc++/src/include/__math/error_functions.h
[551/1168] COPY ../../../third_party/libc++/src/include/__math/exponential_functions.h gen/third_party/libc++/src/include/__math/exponential_functions.h
[552/1168] COPY ../../../third_party/libc++/src/include/__math/fdim.h gen/third_party/libc++/src/include/__math/fdim.h
[553/1168] COPY ../../../third_party/libc++/src/include/__math/fma.h gen/third_party/libc++/src/include/__math/fma.h
[554/1168] COPY ../../../third_party/libc++/src/include/__math/gamma.h gen/third_party/libc++/src/include/__math/gamma.h
[555/1168] COPY ../../../third_party/libc++/src/include/__math/hyperbolic_functions.h gen/third_party/libc++/src/include/__math/hyperbolic_functions.h
[556/1168] COPY ../../../third_party/libc++/src/include/__math/hypot.h gen/third_party/libc++/src/include/__math/hypot.h
[557/1168] COPY ../../../third_party/libc++/src/include/__math/inverse_hyperbolic_functions.h gen/third_party/libc++/src/include/__math/inverse_hyperbolic_functions.h
[558/1168] COPY ../../../third_party/libc++/src/include/__math/inverse_trigonometric_functions.h gen/third_party/libc++/src/include/__math/inverse_trigonometric_functions.h
[559/1168] COPY ../../../third_party/libc++/src/include/__math/logarithms.h gen/third_party/libc++/src/include/__math/logarithms.h
[560/1168] COPY ../../../third_party/libc++/src/include/__math/min_max.h gen/third_party/libc++/src/include/__math/min_max.h
[561/1168] COPY ../../../third_party/libc++/src/include/__math/modulo.h gen/third_party/libc++/src/include/__math/modulo.h
[562/1168] COPY ../../../third_party/libc++/src/include/__math/remainder.h gen/third_party/libc++/src/include/__math/remainder.h
[563/1168] COPY ../../../third_party/libc++/src/include/__math/roots.h gen/third_party/libc++/src/include/__math/roots.h
[564/1168] COPY ../../../third_party/libc++/src/include/__math/rounding_functions.h gen/third_party/libc++/src/include/__math/rounding_functions.h
[565/1168] COPY ../../../third_party/libc++/src/include/__math/special_functions.h gen/third_party/libc++/src/include/__math/special_functions.h
[566/1168] COPY ../../../third_party/libc++/src/include/__math/traits.h gen/third_party/libc++/src/include/__math/traits.h
[567/1168] COPY ../../../third_party/libc++/src/include/__math/trigonometric_functions.h gen/third_party/libc++/src/include/__math/trigonometric_functions.h
[568/1168] COPY ../../../third_party/libc++/src/include/__mbstate_t.h gen/third_party/libc++/src/include/__mbstate_t.h
[569/1168] COPY ../../../third_party/libc++/src/include/__mdspan/aligned_accessor.h gen/third_party/libc++/src/include/__mdspan/aligned_accessor.h
[570/1168] COPY ../../../third_party/libc++/src/include/__mdspan/default_accessor.h gen/third_party/libc++/src/include/__mdspan/default_accessor.h
[571/1168] COPY ../../../third_party/libc++/src/include/__mdspan/extents.h gen/third_party/libc++/src/include/__mdspan/extents.h
[572/1168] COPY ../../../third_party/libc++/src/include/__mdspan/layout_left.h gen/third_party/libc++/src/include/__mdspan/layout_left.h
[573/1168] COPY ../../../third_party/libc++/src/include/__mdspan/layout_right.h gen/third_party/libc++/src/include/__mdspan/layout_right.h
[574/1168] COPY ../../../third_party/libc++/src/include/__mdspan/layout_stride.h gen/third_party/libc++/src/include/__mdspan/layout_stride.h
[575/1168] COPY ../../../third_party/libc++/src/include/__mdspan/mdspan.h gen/third_party/libc++/src/include/__mdspan/mdspan.h
[576/1168] COPY ../../../third_party/libc++/src/include/__memory/addressof.h gen/third_party/libc++/src/include/__memory/addressof.h
[577/1168] COPY ../../../third_party/libc++/src/include/__memory/align.h gen/third_party/libc++/src/include/__memory/align.h
[578/1168] COPY ../../../third_party/libc++/src/include/__memory/allocate_at_least.h gen/third_party/libc++/src/include/__memory/allocate_at_least.h
[579/1168] COPY ../../../third_party/libc++/src/include/__memory/allocation_guard.h gen/third_party/libc++/src/include/__memory/allocation_guard.h
[580/1168] COPY ../../../third_party/libc++/src/include/__memory/allocator.h gen/third_party/libc++/src/include/__memory/allocator.h
[581/1168] COPY ../../../third_party/libc++/src/include/__memory/allocator_arg_t.h gen/third_party/libc++/src/include/__memory/allocator_arg_t.h
[582/1168] COPY ../../../third_party/libc++/src/include/__memory/allocator_destructor.h gen/third_party/libc++/src/include/__memory/allocator_destructor.h
[583/1168] COPY ../../../third_party/libc++/src/include/__memory/allocator_traits.h gen/third_party/libc++/src/include/__memory/allocator_traits.h
[584/1168] COPY ../../../third_party/libc++/src/include/__memory/array_cookie.h gen/third_party/libc++/src/include/__memory/array_cookie.h
[585/1168] COPY ../../../third_party/libc++/src/include/__memory/assume_aligned.h gen/third_party/libc++/src/include/__memory/assume_aligned.h
[586/1168] COPY ../../../third_party/libc++/src/include/__memory/auto_ptr.h gen/third_party/libc++/src/include/__memory/auto_ptr.h
[587/1168] COPY ../../../third_party/libc++/src/include/__memory/compressed_pair.h gen/third_party/libc++/src/include/__memory/compressed_pair.h
[588/1168] COPY ../../../third_party/libc++/src/include/__memory/concepts.h gen/third_party/libc++/src/include/__memory/concepts.h
[589/1168] COPY ../../../third_party/libc++/src/include/__memory/construct_at.h gen/third_party/libc++/src/include/__memory/construct_at.h
[590/1168] COPY ../../../third_party/libc++/src/include/__memory/destroy.h gen/third_party/libc++/src/include/__memory/destroy.h
[591/1168] COPY ../../../third_party/libc++/src/include/__memory/destruct_n.h gen/third_party/libc++/src/include/__memory/destruct_n.h
[592/1168] COPY ../../../third_party/libc++/src/include/__memory/inout_ptr.h gen/third_party/libc++/src/include/__memory/inout_ptr.h
[593/1168] COPY ../../../third_party/libc++/src/include/__memory/is_sufficiently_aligned.h gen/third_party/libc++/src/include/__memory/is_sufficiently_aligned.h
[594/1168] COPY ../../../third_party/libc++/src/include/__memory/noexcept_move_assign_container.h gen/third_party/libc++/src/include/__memory/noexcept_move_assign_container.h
[595/1168] COPY ../../../third_party/libc++/src/include/__memory/out_ptr.h gen/third_party/libc++/src/include/__memory/out_ptr.h
[596/1168] COPY ../../../third_party/libc++/src/include/__memory/pointer_traits.h gen/third_party/libc++/src/include/__memory/pointer_traits.h
[597/1168] COPY ../../../third_party/libc++/src/include/__memory/ranges_construct_at.h gen/third_party/libc++/src/include/__memory/ranges_construct_at.h
[598/1168] COPY ../../../third_party/libc++/src/include/__memory/ranges_destroy.h gen/third_party/libc++/src/include/__memory/ranges_destroy.h
[599/1168] COPY ../../../third_party/libc++/src/include/__memory/ranges_uninitialized_algorithms.h gen/third_party/libc++/src/include/__memory/ranges_uninitialized_algorithms.h
[600/1168] COPY ../../../third_party/libc++/src/include/__memory/raw_storage_iterator.h gen/third_party/libc++/src/include/__memory/raw_storage_iterator.h
[601/1168] COPY ../../../third_party/libc++/src/include/__memory/shared_count.h gen/third_party/libc++/src/include/__memory/shared_count.h
[602/1168] COPY ../../../third_party/libc++/src/include/__memory/shared_ptr.h gen/third_party/libc++/src/include/__memory/shared_ptr.h
[603/1168] COPY ../../../third_party/libc++/src/include/__memory/swap_allocator.h gen/third_party/libc++/src/include/__memory/swap_allocator.h
[604/1168] COPY ../../../third_party/libc++/src/include/__memory/temp_value.h gen/third_party/libc++/src/include/__memory/temp_value.h
[605/1168] COPY ../../../third_party/libc++/src/include/__memory/temporary_buffer.h gen/third_party/libc++/src/include/__memory/temporary_buffer.h
[606/1168] COPY ../../../third_party/libc++/src/include/__memory/uninitialized_algorithms.h gen/third_party/libc++/src/include/__memory/uninitialized_algorithms.h
[607/1168] COPY ../../../third_party/libc++/src/include/__memory/unique_temporary_buffer.h gen/third_party/libc++/src/include/__memory/unique_temporary_buffer.h
[608/1168] COPY ../../../third_party/libc++/src/include/__memory/uses_allocator.h gen/third_party/libc++/src/include/__memory/uses_allocator.h
[609/1168] COPY ../../../third_party/libc++/src/include/__memory/unique_ptr.h gen/third_party/libc++/src/include/__memory/unique_ptr.h
[610/1168] COPY ../../../third_party/libc++/src/include/__memory/uses_allocator_construction.h gen/third_party/libc++/src/include/__memory/uses_allocator_construction.h
[611/1168] COPY ../../../third_party/libc++/src/include/__memory_resource/memory_resource.h gen/third_party/libc++/src/include/__memory_resource/memory_resource.h
[612/1168] COPY ../../../third_party/libc++/src/include/__memory_resource/monotonic_buffer_resource.h gen/third_party/libc++/src/include/__memory_resource/monotonic_buffer_resource.h
[613/1168] COPY ../../../third_party/libc++/src/include/__memory_resource/polymorphic_allocator.h gen/third_party/libc++/src/include/__memory_resource/polymorphic_allocator.h
[614/1168] COPY ../../../third_party/libc++/src/include/__memory_resource/pool_options.h gen/third_party/libc++/src/include/__memory_resource/pool_options.h
[615/1168] COPY ../../../third_party/libc++/src/include/__memory_resource/synchronized_pool_resource.h gen/third_party/libc++/src/include/__memory_resource/synchronized_pool_resource.h
[616/1168] COPY ../../../third_party/libc++/src/include/__memory_resource/unsynchronized_pool_resource.h gen/third_party/libc++/src/include/__memory_resource/unsynchronized_pool_resource.h
[617/1168] COPY ../../../third_party/libc++/src/include/__mutex/lock_guard.h gen/third_party/libc++/src/include/__mutex/lock_guard.h
[618/1168] COPY ../../../third_party/libc++/src/include/__mutex/mutex.h gen/third_party/libc++/src/include/__mutex/mutex.h
[619/1168] COPY ../../../third_party/libc++/src/include/__mutex/once_flag.h gen/third_party/libc++/src/include/__mutex/once_flag.h
[620/1168] COPY ../../../third_party/libc++/src/include/__mutex/tag_types.h gen/third_party/libc++/src/include/__mutex/tag_types.h
[621/1168] COPY ../../../third_party/libc++/src/include/__mutex/unique_lock.h gen/third_party/libc++/src/include/__mutex/unique_lock.h
[622/1168] COPY ../../../third_party/libc++/src/include/__new/align_val_t.h gen/third_party/libc++/src/include/__new/align_val_t.h
[623/1168] COPY ../../../third_party/libc++/src/include/__new/allocate.h gen/third_party/libc++/src/include/__new/allocate.h
[624/1168] COPY ../../../third_party/libc++/src/include/__new/destroying_delete_t.h gen/third_party/libc++/src/include/__new/destroying_delete_t.h
[625/1168] COPY ../../../third_party/libc++/src/include/__new/exceptions.h gen/third_party/libc++/src/include/__new/exceptions.h
[626/1168] COPY ../../../third_party/libc++/src/include/__new/global_new_delete.h gen/third_party/libc++/src/include/__new/global_new_delete.h
[627/1168] COPY ../../../third_party/libc++/src/include/__new/interference_size.h gen/third_party/libc++/src/include/__new/interference_size.h
[628/1168] COPY ../../../third_party/libc++/src/include/__new/launder.h gen/third_party/libc++/src/include/__new/launder.h
[629/1168] COPY ../../../third_party/libc++/src/include/__new/new_handler.h gen/third_party/libc++/src/include/__new/new_handler.h
[630/1168] COPY ../../../third_party/libc++/src/include/__new/nothrow_t.h gen/third_party/libc++/src/include/__new/nothrow_t.h
[631/1168] COPY ../../../third_party/libc++/src/include/__new/placement_new_delete.h gen/third_party/libc++/src/include/__new/placement_new_delete.h
[632/1168] COPY ../../../third_party/libc++/src/include/__node_handle gen/third_party/libc++/src/include/__node_handle
[633/1168] COPY ../../../third_party/libc++/src/include/__numeric/accumulate.h gen/third_party/libc++/src/include/__numeric/accumulate.h
[634/1168] COPY ../../../third_party/libc++/src/include/__numeric/adjacent_difference.h gen/third_party/libc++/src/include/__numeric/adjacent_difference.h
[635/1168] COPY ../../../third_party/libc++/src/include/__numeric/exclusive_scan.h gen/third_party/libc++/src/include/__numeric/exclusive_scan.h
[636/1168] COPY ../../../third_party/libc++/src/include/__numeric/gcd_lcm.h gen/third_party/libc++/src/include/__numeric/gcd_lcm.h
[637/1168] COPY ../../../third_party/libc++/src/include/__numeric/inclusive_scan.h gen/third_party/libc++/src/include/__numeric/inclusive_scan.h
[638/1168] COPY ../../../third_party/libc++/src/include/__numeric/inner_product.h gen/third_party/libc++/src/include/__numeric/inner_product.h
[639/1168] COPY ../../../third_party/libc++/src/include/__numeric/iota.h gen/third_party/libc++/src/include/__numeric/iota.h
[640/1168] COPY ../../../third_party/libc++/src/include/__numeric/midpoint.h gen/third_party/libc++/src/include/__numeric/midpoint.h
[641/1168] COPY ../../../third_party/libc++/src/include/__numeric/partial_sum.h gen/third_party/libc++/src/include/__numeric/partial_sum.h
[642/1168] COPY ../../../third_party/libc++/src/include/__numeric/pstl.h gen/third_party/libc++/src/include/__numeric/pstl.h
[643/1168] COPY ../../../third_party/libc++/src/include/__numeric/ranges_iota.h gen/third_party/libc++/src/include/__numeric/ranges_iota.h
[644/1168] COPY ../../../third_party/libc++/src/include/__numeric/reduce.h gen/third_party/libc++/src/include/__numeric/reduce.h
[645/1168] COPY ../../../third_party/libc++/src/include/__numeric/saturation_arithmetic.h gen/third_party/libc++/src/include/__numeric/saturation_arithmetic.h
[646/1168] COPY ../../../third_party/libc++/src/include/__numeric/transform_exclusive_scan.h gen/third_party/libc++/src/include/__numeric/transform_exclusive_scan.h
[647/1168] COPY ../../../third_party/libc++/src/include/__numeric/transform_inclusive_scan.h gen/third_party/libc++/src/include/__numeric/transform_inclusive_scan.h
[648/1168] COPY ../../../third_party/libc++/src/include/__numeric/transform_reduce.h gen/third_party/libc++/src/include/__numeric/transform_reduce.h
[649/1168] COPY ../../../third_party/libc++/src/include/__ostream/basic_ostream.h gen/third_party/libc++/src/include/__ostream/basic_ostream.h
[650/1168] COPY ../../../third_party/libc++/src/include/__ostream/print.h gen/third_party/libc++/src/include/__ostream/print.h
[651/1168] COPY ../../../third_party/libc++/src/include/__ostream/put_character_sequence.h gen/third_party/libc++/src/include/__ostream/put_character_sequence.h
[652/1168] COPY ../../../third_party/libc++/src/include/__pstl/backend.h gen/third_party/libc++/src/include/__pstl/backend.h
[653/1168] COPY ../../../third_party/libc++/src/include/__pstl/backend_fwd.h gen/third_party/libc++/src/include/__pstl/backend_fwd.h
[654/1168] COPY ../../../third_party/libc++/src/include/__pstl/backends/default.h gen/third_party/libc++/src/include/__pstl/backends/default.h
[655/1168] COPY ../../../third_party/libc++/src/include/__pstl/backends/libdispatch.h gen/third_party/libc++/src/include/__pstl/backends/libdispatch.h
[656/1168] COPY ../../../third_party/libc++/src/include/__pstl/backends/serial.h gen/third_party/libc++/src/include/__pstl/backends/serial.h
[657/1168] COPY ../../../third_party/libc++/src/include/__pstl/backends/std_thread.h gen/third_party/libc++/src/include/__pstl/backends/std_thread.h
[658/1168] COPY ../../../third_party/libc++/src/include/__pstl/cpu_algos/any_of.h gen/third_party/libc++/src/include/__pstl/cpu_algos/any_of.h
[659/1168] COPY ../../../third_party/libc++/src/include/__pstl/cpu_algos/cpu_traits.h gen/third_party/libc++/src/include/__pstl/cpu_algos/cpu_traits.h
[660/1168] COPY ../../../third_party/libc++/src/include/__pstl/cpu_algos/fill.h gen/third_party/libc++/src/include/__pstl/cpu_algos/fill.h
[661/1168] COPY ../../../third_party/libc++/src/include/__pstl/cpu_algos/find_if.h gen/third_party/libc++/src/include/__pstl/cpu_algos/find_if.h
[662/1168] COPY ../../../third_party/libc++/src/include/__pstl/cpu_algos/for_each.h gen/third_party/libc++/src/include/__pstl/cpu_algos/for_each.h
[663/1168] COPY ../../../third_party/libc++/src/include/__pstl/cpu_algos/merge.h gen/third_party/libc++/src/include/__pstl/cpu_algos/merge.h
[664/1168] COPY ../../../third_party/libc++/src/include/__pstl/cpu_algos/stable_sort.h gen/third_party/libc++/src/include/__pstl/cpu_algos/stable_sort.h
[665/1168] COPY ../../../third_party/libc++/src/include/__pstl/cpu_algos/transform.h gen/third_party/libc++/src/include/__pstl/cpu_algos/transform.h
[666/1168] COPY ../../../third_party/libc++/src/include/__pstl/cpu_algos/transform_reduce.h gen/third_party/libc++/src/include/__pstl/cpu_algos/transform_reduce.h
[667/1168] COPY ../../../third_party/libc++/src/include/__pstl/dispatch.h gen/third_party/libc++/src/include/__pstl/dispatch.h
[668/1168] COPY ../../../third_party/libc++/src/include/__pstl/handle_exception.h gen/third_party/libc++/src/include/__pstl/handle_exception.h
[669/1168] COPY ../../../third_party/libc++/src/include/__random/bernoulli_distribution.h gen/third_party/libc++/src/include/__random/bernoulli_distribution.h
[670/1168] COPY ../../../third_party/libc++/src/include/__random/binomial_distribution.h gen/third_party/libc++/src/include/__random/binomial_distribution.h
[671/1168] COPY ../../../third_party/libc++/src/include/__random/cauchy_distribution.h gen/third_party/libc++/src/include/__random/cauchy_distribution.h
[672/1168] COPY ../../../third_party/libc++/src/include/__random/chi_squared_distribution.h gen/third_party/libc++/src/include/__random/chi_squared_distribution.h
[673/1168] COPY ../../../third_party/libc++/src/include/__random/clamp_to_integral.h gen/third_party/libc++/src/include/__random/clamp_to_integral.h
[674/1168] COPY ../../../third_party/libc++/src/include/__random/default_random_engine.h gen/third_party/libc++/src/include/__random/default_random_engine.h
[675/1168] COPY ../../../third_party/libc++/src/include/__random/discard_block_engine.h gen/third_party/libc++/src/include/__random/discard_block_engine.h
[676/1168] COPY ../../../third_party/libc++/src/include/__random/discrete_distribution.h gen/third_party/libc++/src/include/__random/discrete_distribution.h
[677/1168] COPY ../../../third_party/libc++/src/include/__random/exponential_distribution.h gen/third_party/libc++/src/include/__random/exponential_distribution.h
[678/1168] COPY ../../../third_party/libc++/src/include/__random/extreme_value_distribution.h gen/third_party/libc++/src/include/__random/extreme_value_distribution.h
[679/1168] COPY ../../../third_party/libc++/src/include/__random/fisher_f_distribution.h gen/third_party/libc++/src/include/__random/fisher_f_distribution.h
[680/1168] COPY ../../../third_party/libc++/src/include/__random/gamma_distribution.h gen/third_party/libc++/src/include/__random/gamma_distribution.h
[681/1168] COPY ../../../third_party/libc++/src/include/__random/generate_canonical.h gen/third_party/libc++/src/include/__random/generate_canonical.h
[682/1168] COPY ../../../third_party/libc++/src/include/__random/geometric_distribution.h gen/third_party/libc++/src/include/__random/geometric_distribution.h
[683/1168] COPY ../../../third_party/libc++/src/include/__random/independent_bits_engine.h gen/third_party/libc++/src/include/__random/independent_bits_engine.h
[684/1168] COPY ../../../third_party/libc++/src/include/__random/is_seed_sequence.h gen/third_party/libc++/src/include/__random/is_seed_sequence.h
[685/1168] COPY ../../../third_party/libc++/src/include/__random/is_valid.h gen/third_party/libc++/src/include/__random/is_valid.h
[686/1168] COPY ../../../third_party/libc++/src/include/__random/knuth_b.h gen/third_party/libc++/src/include/__random/knuth_b.h
[687/1168] COPY ../../../third_party/libc++/src/include/__random/linear_congruential_engine.h gen/third_party/libc++/src/include/__random/linear_congruential_engine.h
[688/1168] COPY ../../../third_party/libc++/src/include/__random/log2.h gen/third_party/libc++/src/include/__random/log2.h
[689/1168] COPY ../../../third_party/libc++/src/include/__random/lognormal_distribution.h gen/third_party/libc++/src/include/__random/lognormal_distribution.h
[690/1168] COPY ../../../third_party/libc++/src/include/__random/mersenne_twister_engine.h gen/third_party/libc++/src/include/__random/mersenne_twister_engine.h
[691/1168] COPY ../../../third_party/libc++/src/include/__random/negative_binomial_distribution.h gen/third_party/libc++/src/include/__random/negative_binomial_distribution.h
[692/1168] COPY ../../../third_party/libc++/src/include/__random/normal_distribution.h gen/third_party/libc++/src/include/__random/normal_distribution.h
[693/1168] COPY ../../../third_party/libc++/src/include/__random/piecewise_constant_distribution.h gen/third_party/libc++/src/include/__random/piecewise_constant_distribution.h
[694/1168] COPY ../../../third_party/libc++/src/include/__random/piecewise_linear_distribution.h gen/third_party/libc++/src/include/__random/piecewise_linear_distribution.h
[695/1168] COPY ../../../third_party/libc++/src/include/__random/poisson_distribution.h gen/third_party/libc++/src/include/__random/poisson_distribution.h
[696/1168] COPY ../../../third_party/libc++/src/include/__random/random_device.h gen/third_party/libc++/src/include/__random/random_device.h
[697/1168] COPY ../../../third_party/libc++/src/include/__random/seed_seq.h gen/third_party/libc++/src/include/__random/seed_seq.h
[698/1168] COPY ../../../third_party/libc++/src/include/__random/ranlux.h gen/third_party/libc++/src/include/__random/ranlux.h
[699/1168] COPY ../../../third_party/libc++/src/include/__random/shuffle_order_engine.h gen/third_party/libc++/src/include/__random/shuffle_order_engine.h
[700/1168] COPY ../../../third_party/libc++/src/include/__random/student_t_distribution.h gen/third_party/libc++/src/include/__random/student_t_distribution.h
[701/1168] COPY ../../../third_party/libc++/src/include/__random/subtract_with_carry_engine.h gen/third_party/libc++/src/include/__random/subtract_with_carry_engine.h
[702/1168] COPY ../../../third_party/libc++/src/include/__random/uniform_int_distribution.h gen/third_party/libc++/src/include/__random/uniform_int_distribution.h
[703/1168] COPY ../../../third_party/libc++/src/include/__random/uniform_random_bit_generator.h gen/third_party/libc++/src/include/__random/uniform_random_bit_generator.h
[704/1168] COPY ../../../third_party/libc++/src/include/__random/uniform_real_distribution.h gen/third_party/libc++/src/include/__random/uniform_real_distribution.h
[705/1168] COPY ../../../third_party/libc++/src/include/__random/weibull_distribution.h gen/third_party/libc++/src/include/__random/weibull_distribution.h
[706/1168] COPY ../../../third_party/libc++/src/include/__ranges/access.h gen/third_party/libc++/src/include/__ranges/access.h
[707/1168] COPY ../../../third_party/libc++/src/include/__ranges/adjacent_transform_view.h gen/third_party/libc++/src/include/__ranges/adjacent_transform_view.h
[708/1168] COPY ../../../third_party/libc++/src/include/__ranges/adjacent_view.h gen/third_party/libc++/src/include/__ranges/adjacent_view.h
[709/1168] COPY ../../../third_party/libc++/src/include/__ranges/all.h gen/third_party/libc++/src/include/__ranges/all.h
[710/1168] COPY ../../../third_party/libc++/src/include/__ranges/as_rvalue_view.h gen/third_party/libc++/src/include/__ranges/as_rvalue_view.h
[711/1168] COPY ../../../third_party/libc++/src/include/__ranges/chunk_by_view.h gen/third_party/libc++/src/include/__ranges/chunk_by_view.h
[712/1168] COPY ../../../third_party/libc++/src/include/__ranges/common_view.h gen/third_party/libc++/src/include/__ranges/common_view.h
[713/1168] COPY ../../../third_party/libc++/src/include/__ranges/concepts.h gen/third_party/libc++/src/include/__ranges/concepts.h
[714/1168] COPY ../../../third_party/libc++/src/include/__ranges/container_compatible_range.h gen/third_party/libc++/src/include/__ranges/container_compatible_range.h
[715/1168] COPY ../../../third_party/libc++/src/include/__ranges/counted.h gen/third_party/libc++/src/include/__ranges/counted.h
[716/1168] COPY ../../../third_party/libc++/src/include/__ranges/dangling.h gen/third_party/libc++/src/include/__ranges/dangling.h
[717/1168] COPY ../../../third_party/libc++/src/include/__ranges/data.h gen/third_party/libc++/src/include/__ranges/data.h
[718/1168] COPY ../../../third_party/libc++/src/include/__ranges/drop_view.h gen/third_party/libc++/src/include/__ranges/drop_view.h
[719/1168] COPY ../../../third_party/libc++/src/include/__ranges/drop_while_view.h gen/third_party/libc++/src/include/__ranges/drop_while_view.h
[720/1168] COPY ../../../third_party/libc++/src/include/__ranges/elements_of.h gen/third_party/libc++/src/include/__ranges/elements_of.h
[721/1168] COPY ../../../third_party/libc++/src/include/__ranges/elements_view.h gen/third_party/libc++/src/include/__ranges/elements_view.h
[722/1168] COPY ../../../third_party/libc++/src/include/__ranges/empty.h gen/third_party/libc++/src/include/__ranges/empty.h
[723/1168] COPY ../../../third_party/libc++/src/include/__ranges/empty_view.h gen/third_party/libc++/src/include/__ranges/empty_view.h
[724/1168] COPY ../../../third_party/libc++/src/include/__ranges/enable_borrowed_range.h gen/third_party/libc++/src/include/__ranges/enable_borrowed_range.h
[725/1168] COPY ../../../third_party/libc++/src/include/__ranges/enable_view.h gen/third_party/libc++/src/include/__ranges/enable_view.h
[726/1168] COPY ../../../third_party/libc++/src/include/__ranges/filter_view.h gen/third_party/libc++/src/include/__ranges/filter_view.h
[727/1168] COPY ../../../third_party/libc++/src/include/__ranges/from_range.h gen/third_party/libc++/src/include/__ranges/from_range.h
[728/1168] COPY ../../../third_party/libc++/src/include/__ranges/iota_view.h gen/third_party/libc++/src/include/__ranges/iota_view.h
[729/1168] COPY ../../../third_party/libc++/src/include/__ranges/istream_view.h gen/third_party/libc++/src/include/__ranges/istream_view.h
[730/1168] COPY ../../../third_party/libc++/src/include/__ranges/join_view.h gen/third_party/libc++/src/include/__ranges/join_view.h
[731/1168] COPY ../../../third_party/libc++/src/include/__ranges/join_with_view.h gen/third_party/libc++/src/include/__ranges/join_with_view.h
[732/1168] COPY ../../../third_party/libc++/src/include/__ranges/lazy_split_view.h gen/third_party/libc++/src/include/__ranges/lazy_split_view.h
[733/1168] COPY ../../../third_party/libc++/src/include/__ranges/movable_box.h gen/third_party/libc++/src/include/__ranges/movable_box.h
[734/1168] COPY ../../../third_party/libc++/src/include/__ranges/non_propagating_cache.h gen/third_party/libc++/src/include/__ranges/non_propagating_cache.h
[735/1168] COPY ../../../third_party/libc++/src/include/__ranges/owning_view.h gen/third_party/libc++/src/include/__ranges/owning_view.h
[736/1168] COPY ../../../third_party/libc++/src/include/__ranges/range_adaptor.h gen/third_party/libc++/src/include/__ranges/range_adaptor.h
[737/1168] COPY ../../../third_party/libc++/src/include/__ranges/rbegin.h gen/third_party/libc++/src/include/__ranges/rbegin.h
[738/1168] COPY ../../../third_party/libc++/src/include/__ranges/ref_view.h gen/third_party/libc++/src/include/__ranges/ref_view.h
[739/1168] COPY ../../../third_party/libc++/src/include/__ranges/rend.h gen/third_party/libc++/src/include/__ranges/rend.h
[740/1168] COPY ../../../third_party/libc++/src/include/__ranges/repeat_view.h gen/third_party/libc++/src/include/__ranges/repeat_view.h
[741/1168] COPY ../../../third_party/libc++/src/include/__ranges/reverse_view.h gen/third_party/libc++/src/include/__ranges/reverse_view.h
[742/1168] COPY ../../../third_party/libc++/src/include/__ranges/single_view.h gen/third_party/libc++/src/include/__ranges/single_view.h
[743/1168] COPY ../../../third_party/libc++/src/include/__ranges/size.h gen/third_party/libc++/src/include/__ranges/size.h
[744/1168] COPY ../../../third_party/libc++/src/include/__ranges/split_view.h gen/third_party/libc++/src/include/__ranges/split_view.h
[745/1168] COPY ../../../third_party/libc++/src/include/__ranges/take_view.h gen/third_party/libc++/src/include/__ranges/take_view.h
[746/1168] COPY ../../../third_party/libc++/src/include/__ranges/subrange.h gen/third_party/libc++/src/include/__ranges/subrange.h
[747/1168] COPY ../../../third_party/libc++/src/include/__ranges/take_while_view.h gen/third_party/libc++/src/include/__ranges/take_while_view.h
[748/1168] COPY ../../../third_party/libc++/src/include/__ranges/to.h gen/third_party/libc++/src/include/__ranges/to.h
[749/1168] COPY ../../../third_party/libc++/src/include/__ranges/transform_view.h gen/third_party/libc++/src/include/__ranges/transform_view.h
[750/1168] COPY ../../../third_party/libc++/src/include/__ranges/view_interface.h gen/third_party/libc++/src/include/__ranges/view_interface.h
[751/1168] COPY ../../../third_party/libc++/src/include/__ranges/views.h gen/third_party/libc++/src/include/__ranges/views.h
[752/1168] COPY ../../../third_party/libc++/src/include/__ranges/zip_transform_view.h gen/third_party/libc++/src/include/__ranges/zip_transform_view.h
[753/1168] COPY ../../../third_party/libc++/src/include/__ranges/zip_view.h gen/third_party/libc++/src/include/__ranges/zip_view.h
[754/1168] COPY ../../../third_party/libc++/src/include/__split_buffer gen/third_party/libc++/src/include/__split_buffer
[755/1168] COPY ../../../third_party/libc++/src/include/__std_mbstate_t.h gen/third_party/libc++/src/include/__std_mbstate_t.h
[756/1168] COPY ../../../third_party/libc++/src/include/__stop_token/atomic_unique_lock.h gen/third_party/libc++/src/include/__stop_token/atomic_unique_lock.h
[757/1168] COPY ../../../third_party/libc++/src/include/__stop_token/intrusive_list_view.h gen/third_party/libc++/src/include/__stop_token/intrusive_list_view.h
[758/1168] COPY ../../../third_party/libc++/src/include/__stop_token/intrusive_shared_ptr.h gen/third_party/libc++/src/include/__stop_token/intrusive_shared_ptr.h
[759/1168] COPY ../../../third_party/libc++/src/include/__stop_token/stop_callback.h gen/third_party/libc++/src/include/__stop_token/stop_callback.h
[760/1168] COPY ../../../third_party/libc++/src/include/__stop_token/stop_source.h gen/third_party/libc++/src/include/__stop_token/stop_source.h
[761/1168] COPY ../../../third_party/libc++/src/include/__stop_token/stop_state.h gen/third_party/libc++/src/include/__stop_token/stop_state.h
[762/1168] COPY ../../../third_party/libc++/src/include/__stop_token/stop_token.h gen/third_party/libc++/src/include/__stop_token/stop_token.h
[763/1168] COPY ../../../third_party/libc++/src/include/__string/char_traits.h gen/third_party/libc++/src/include/__string/char_traits.h
[764/1168] COPY ../../../third_party/libc++/src/include/__string/constexpr_c_functions.h gen/third_party/libc++/src/include/__string/constexpr_c_functions.h
[765/1168] COPY ../../../third_party/libc++/src/include/__string/extern_template_lists.h gen/third_party/libc++/src/include/__string/extern_template_lists.h
[766/1168] COPY ../../../third_party/libc++/src/include/__support/ibm/gettod_zos.h gen/third_party/libc++/src/include/__support/ibm/gettod_zos.h
[767/1168] COPY ../../../third_party/libc++/src/include/__support/ibm/locale_mgmt_zos.h gen/third_party/libc++/src/include/__support/ibm/locale_mgmt_zos.h
[768/1168] COPY ../../../third_party/libc++/src/include/__support/ibm/nanosleep.h gen/third_party/libc++/src/include/__support/ibm/nanosleep.h
[769/1168] COPY ../../../third_party/libc++/src/include/__support/xlocale/__nop_locale_mgmt.h gen/third_party/libc++/src/include/__support/xlocale/__nop_locale_mgmt.h
[770/1168] COPY ../../../third_party/libc++/src/include/__support/xlocale/__posix_l_fallback.h gen/third_party/libc++/src/include/__support/xlocale/__posix_l_fallback.h
[771/1168] COPY ../../../third_party/libc++/src/include/__support/xlocale/__strtonum_fallback.h gen/third_party/libc++/src/include/__support/xlocale/__strtonum_fallback.h
[772/1168] COPY ../../../third_party/libc++/src/include/__system_error/errc.h gen/third_party/libc++/src/include/__system_error/errc.h
[773/1168] COPY ../../../third_party/libc++/src/include/__system_error/error_category.h gen/third_party/libc++/src/include/__system_error/error_category.h
[774/1168] COPY ../../../third_party/libc++/src/include/__system_error/error_code.h gen/third_party/libc++/src/include/__system_error/error_code.h
[775/1168] COPY ../../../third_party/libc++/src/include/__system_error/error_condition.h gen/third_party/libc++/src/include/__system_error/error_condition.h
[776/1168] COPY ../../../third_party/libc++/src/include/__system_error/system_error.h gen/third_party/libc++/src/include/__system_error/system_error.h
[777/1168] COPY ../../../third_party/libc++/src/include/__system_error/throw_system_error.h gen/third_party/libc++/src/include/__system_error/throw_system_error.h
[778/1168] COPY ../../../third_party/libc++/src/include/__thread/formatter.h gen/third_party/libc++/src/include/__thread/formatter.h
[779/1168] COPY ../../../third_party/libc++/src/include/__thread/id.h gen/third_party/libc++/src/include/__thread/id.h
[780/1168] COPY ../../../third_party/libc++/src/include/__thread/jthread.h gen/third_party/libc++/src/include/__thread/jthread.h
[781/1168] COPY ../../../third_party/libc++/src/include/__thread/poll_with_backoff.h gen/third_party/libc++/src/include/__thread/poll_with_backoff.h
[782/1168] COPY ../../../third_party/libc++/src/include/__thread/support.h gen/third_party/libc++/src/include/__thread/support.h
[783/1168] COPY ../../../third_party/libc++/src/include/__thread/support/c11.h gen/third_party/libc++/src/include/__thread/support/c11.h
[784/1168] COPY ../../../third_party/libc++/src/include/__thread/support/external.h gen/third_party/libc++/src/include/__thread/support/external.h
[785/1168] COPY ../../../third_party/libc++/src/include/__thread/support/pthread.h gen/third_party/libc++/src/include/__thread/support/pthread.h
[786/1168] COPY ../../../third_party/libc++/src/include/__thread/support/windows.h gen/third_party/libc++/src/include/__thread/support/windows.h
[787/1168] COPY ../../../third_party/libc++/src/include/__thread/this_thread.h gen/third_party/libc++/src/include/__thread/this_thread.h
[788/1168] COPY ../../../third_party/libc++/src/include/__thread/thread.h gen/third_party/libc++/src/include/__thread/thread.h
[789/1168] COPY ../../../third_party/libc++/src/include/__thread/timed_backoff_policy.h gen/third_party/libc++/src/include/__thread/timed_backoff_policy.h
[790/1168] COPY ../../../third_party/libc++/src/include/__tree gen/third_party/libc++/src/include/__tree
[791/1168] COPY ../../../third_party/libc++/src/include/__tuple/find_index.h gen/third_party/libc++/src/include/__tuple/find_index.h
[792/1168] COPY ../../../third_party/libc++/src/include/__tuple/ignore.h gen/third_party/libc++/src/include/__tuple/ignore.h
[793/1168] COPY ../../../third_party/libc++/src/include/__tuple/sfinae_helpers.h gen/third_party/libc++/src/include/__tuple/sfinae_helpers.h
[794/1168] COPY ../../../third_party/libc++/src/include/__tuple/tuple_element.h gen/third_party/libc++/src/include/__tuple/tuple_element.h
[795/1168] COPY ../../../third_party/libc++/src/include/__tuple/tuple_like.h gen/third_party/libc++/src/include/__tuple/tuple_like.h
[796/1168] COPY ../../../third_party/libc++/src/include/__tuple/tuple_like_no_subrange.h gen/third_party/libc++/src/include/__tuple/tuple_like_no_subrange.h
[797/1168] COPY ../../../third_party/libc++/src/include/__tuple/tuple_size.h gen/third_party/libc++/src/include/__tuple/tuple_size.h
[798/1168] COPY ../../../third_party/libc++/src/include/__tuple/tuple_transform.h gen/third_party/libc++/src/include/__tuple/tuple_transform.h
[799/1168] COPY ../../../third_party/libc++/src/include/__type_traits/add_cv_quals.h gen/third_party/libc++/src/include/__type_traits/add_cv_quals.h
[800/1168] COPY ../../../third_party/libc++/src/include/__type_traits/add_pointer.h gen/third_party/libc++/src/include/__type_traits/add_pointer.h
[801/1168] COPY ../../../third_party/libc++/src/include/__type_traits/add_reference.h gen/third_party/libc++/src/include/__type_traits/add_reference.h
[802/1168] COPY ../../../third_party/libc++/src/include/__type_traits/aligned_storage.h gen/third_party/libc++/src/include/__type_traits/aligned_storage.h
[803/1168] COPY ../../../third_party/libc++/src/include/__type_traits/aligned_union.h gen/third_party/libc++/src/include/__type_traits/aligned_union.h
[804/1168] COPY ../../../third_party/libc++/src/include/__type_traits/alignment_of.h gen/third_party/libc++/src/include/__type_traits/alignment_of.h
[805/1168] COPY ../../../third_party/libc++/src/include/__type_traits/common_reference.h gen/third_party/libc++/src/include/__type_traits/common_reference.h
[806/1168] COPY ../../../third_party/libc++/src/include/__type_traits/common_type.h gen/third_party/libc++/src/include/__type_traits/common_type.h
[807/1168] COPY ../../../third_party/libc++/src/include/__type_traits/conditional.h gen/third_party/libc++/src/include/__type_traits/conditional.h
[808/1168] COPY ../../../third_party/libc++/src/include/__type_traits/conjunction.h gen/third_party/libc++/src/include/__type_traits/conjunction.h
[809/1168] COPY ../../../third_party/libc++/src/include/__type_traits/container_traits.h gen/third_party/libc++/src/include/__type_traits/container_traits.h
[810/1168] COPY ../../../third_party/libc++/src/include/__type_traits/copy_cv.h gen/third_party/libc++/src/include/__type_traits/copy_cv.h
[811/1168] COPY ../../../third_party/libc++/src/include/__type_traits/copy_cvref.h gen/third_party/libc++/src/include/__type_traits/copy_cvref.h
[812/1168] COPY ../../../third_party/libc++/src/include/__type_traits/datasizeof.h gen/third_party/libc++/src/include/__type_traits/datasizeof.h
[813/1168] COPY ../../../third_party/libc++/src/include/__type_traits/dependent_type.h gen/third_party/libc++/src/include/__type_traits/dependent_type.h
[814/1168] COPY ../../../third_party/libc++/src/include/__type_traits/decay.h gen/third_party/libc++/src/include/__type_traits/decay.h
[815/1168] COPY ../../../third_party/libc++/src/include/__type_traits/desugars_to.h gen/third_party/libc++/src/include/__type_traits/desugars_to.h
[816/1168] COPY ../../../third_party/libc++/src/include/__type_traits/detected_or.h gen/third_party/libc++/src/include/__type_traits/detected_or.h
[817/1168] COPY ../../../third_party/libc++/src/include/__type_traits/disjunction.h gen/third_party/libc++/src/include/__type_traits/disjunction.h
[818/1168] COPY ../../../third_party/libc++/src/include/__type_traits/enable_if.h gen/third_party/libc++/src/include/__type_traits/enable_if.h
[819/1168] COPY ../../../third_party/libc++/src/include/__type_traits/extent.h gen/third_party/libc++/src/include/__type_traits/extent.h
[820/1168] COPY ../../../third_party/libc++/src/include/__type_traits/has_unique_object_representation.h gen/third_party/libc++/src/include/__type_traits/has_unique_object_representation.h
[821/1168] COPY ../../../third_party/libc++/src/include/__type_traits/has_virtual_destructor.h gen/third_party/libc++/src/include/__type_traits/has_virtual_destructor.h
[822/1168] COPY ../../../third_party/libc++/src/include/__type_traits/integer_traits.h gen/third_party/libc++/src/include/__type_traits/integer_traits.h
[823/1168] COPY ../../../third_party/libc++/src/include/__type_traits/integral_constant.h gen/third_party/libc++/src/include/__type_traits/integral_constant.h
[824/1168] COPY ../../../third_party/libc++/src/include/__type_traits/invoke.h gen/third_party/libc++/src/include/__type_traits/invoke.h
[825/1168] COPY ../../../third_party/libc++/src/include/__type_traits/is_abstract.h gen/third_party/libc++/src/include/__type_traits/is_abstract.h
[826/1168] COPY ../../../third_party/libc++/src/include/__type_traits/is_aggregate.h gen/third_party/libc++/src/include/__type_traits/is_aggregate.h
[827/1168] COPY ../../../third_party/libc++/src/include/__type_traits/is_allocator.h gen/third_party/libc++/src/include/__type_traits/is_allocator.h
[828/1168] COPY ../../../third_party/libc++/src/include/__type_traits/is_always_bitcastable.h gen/third_party/libc++/src/include/__type_traits/is_always_bitcastable.h
[829/1168] COPY ../../../third_party/libc++/src/include/__type_traits/is_arithmetic.h gen/third_party/libc++/src/include/__type_traits/is_arithmetic.h
[830/1168] COPY ../../../third_party/libc++/src/include/__type_traits/is_array.h gen/third_party/libc++/src/include/__type_traits/is_array.h
[831/1168] COPY ../../../third_party/libc++/src/include/__type_traits/is_assignable.h gen/third_party/libc++/src/include/__type_traits/is_assignable.h
[832/1168] COPY ../../../third_party/libc++/src/include/__type_traits/is_base_of.h gen/third_party/libc++/src/include/__type_traits/is_base_of.h
[833/1168] COPY ../../../third_party/libc++/src/include/__type_traits/is_callable.h gen/third_party/libc++/src/include/__type_traits/is_callable.h
[834/1168] COPY ../../../third_party/libc++/src/include/__type_traits/is_char_like_type.h gen/third_party/libc++/src/include/__type_traits/is_char_like_type.h
[835/1168] COPY ../../../third_party/libc++/src/include/__type_traits/is_class.h gen/third_party/libc++/src/include/__type_traits/is_class.h
[836/1168] COPY ../../../third_party/libc++/src/include/__type_traits/is_compound.h gen/third_party/libc++/src/include/__type_traits/is_compound.h
[837/1168] COPY ../../../third_party/libc++/src/include/__type_traits/is_const.h gen/third_party/libc++/src/include/__type_traits/is_const.h
[838/1168] COPY ../../../third_party/libc++/src/include/__type_traits/is_constant_evaluated.h gen/third_party/libc++/src/include/__type_traits/is_constant_evaluated.h
[839/1168] COPY ../../../third_party/libc++/src/include/__type_traits/is_constructible.h gen/third_party/libc++/src/include/__type_traits/is_constructible.h
[840/1168] COPY ../../../third_party/libc++/src/include/__type_traits/is_convertible.h gen/third_party/libc++/src/include/__type_traits/is_convertible.h
[841/1168] COPY ../../../third_party/libc++/src/include/__type_traits/is_core_convertible.h gen/third_party/libc++/src/include/__type_traits/is_core_convertible.h
[842/1168] COPY ../../../third_party/libc++/src/include/__type_traits/is_destructible.h gen/third_party/libc++/src/include/__type_traits/is_destructible.h
[843/1168] COPY ../../../third_party/libc++/src/include/__type_traits/is_empty.h gen/third_party/libc++/src/include/__type_traits/is_empty.h
[844/1168] COPY ../../../third_party/libc++/src/include/__type_traits/is_enum.h gen/third_party/libc++/src/include/__type_traits/is_enum.h
[845/1168] COPY ../../../third_party/libc++/src/include/__type_traits/is_equality_comparable.h gen/third_party/libc++/src/include/__type_traits/is_equality_comparable.h
[846/1168] COPY ../../../third_party/libc++/src/include/__type_traits/is_execution_policy.h gen/third_party/libc++/src/include/__type_traits/is_execution_policy.h
[847/1168] COPY ../../../third_party/libc++/src/include/__type_traits/is_final.h gen/third_party/libc++/src/include/__type_traits/is_final.h
[848/1168] COPY ../../../third_party/libc++/src/include/__type_traits/is_floating_point.h gen/third_party/libc++/src/include/__type_traits/is_floating_point.h
[849/1168] COPY ../../../third_party/libc++/src/include/__type_traits/is_function.h gen/third_party/libc++/src/include/__type_traits/is_function.h
[850/1168] COPY ../../../third_party/libc++/src/include/__type_traits/is_fundamental.h gen/third_party/libc++/src/include/__type_traits/is_fundamental.h
[851/1168] COPY ../../../third_party/libc++/src/include/__type_traits/is_generic_transparent_comparator.h gen/third_party/libc++/src/include/__type_traits/is_generic_transparent_comparator.h
[852/1168] COPY ../../../third_party/libc++/src/include/__type_traits/is_implicit_lifetime.h gen/third_party/libc++/src/include/__type_traits/is_implicit_lifetime.h
[853/1168] COPY ../../../third_party/libc++/src/include/__type_traits/is_implicitly_default_constructible.h gen/third_party/libc++/src/include/__type_traits/is_implicitly_default_constructible.h
[854/1168] COPY ../../../third_party/libc++/src/include/__type_traits/is_integral.h gen/third_party/libc++/src/include/__type_traits/is_integral.h
[855/1168] COPY ../../../third_party/libc++/src/include/__type_traits/is_literal_type.h gen/third_party/libc++/src/include/__type_traits/is_literal_type.h
[856/1168] COPY ../../../third_party/libc++/src/include/__type_traits/is_member_pointer.h gen/third_party/libc++/src/include/__type_traits/is_member_pointer.h
[857/1168] COPY ../../../third_party/libc++/src/include/__type_traits/is_nothrow_assignable.h gen/third_party/libc++/src/include/__type_traits/is_nothrow_assignable.h
[858/1168] COPY ../../../third_party/libc++/src/include/__type_traits/is_nothrow_constructible.h gen/third_party/libc++/src/include/__type_traits/is_nothrow_constructible.h
[859/1168] COPY ../../../third_party/libc++/src/include/__type_traits/is_nothrow_destructible.h gen/third_party/libc++/src/include/__type_traits/is_nothrow_destructible.h
[860/1168] COPY ../../../third_party/libc++/src/include/__type_traits/is_null_pointer.h gen/third_party/libc++/src/include/__type_traits/is_null_pointer.h
[861/1168] COPY ../../../third_party/libc++/src/include/__type_traits/is_object.h gen/third_party/libc++/src/include/__type_traits/is_object.h
[862/1168] COPY ../../../third_party/libc++/src/include/__type_traits/is_pod.h gen/third_party/libc++/src/include/__type_traits/is_pod.h
[863/1168] COPY ../../../third_party/libc++/src/include/__type_traits/is_pointer.h gen/third_party/libc++/src/include/__type_traits/is_pointer.h
[864/1168] COPY ../../../third_party/libc++/src/include/__type_traits/is_polymorphic.h gen/third_party/libc++/src/include/__type_traits/is_polymorphic.h
[865/1168] COPY ../../../third_party/libc++/src/include/__type_traits/is_primary_template.h gen/third_party/libc++/src/include/__type_traits/is_primary_template.h
[866/1168] COPY ../../../third_party/libc++/src/include/__type_traits/is_reference.h gen/third_party/libc++/src/include/__type_traits/is_reference.h
[867/1168] COPY ../../../third_party/libc++/src/include/__type_traits/is_reference_wrapper.h gen/third_party/libc++/src/include/__type_traits/is_reference_wrapper.h
[868/1168] COPY ../../../third_party/libc++/src/include/__type_traits/is_referenceable.h gen/third_party/libc++/src/include/__type_traits/is_referenceable.h
[869/1168] COPY ../../../third_party/libc++/src/include/__type_traits/is_same.h gen/third_party/libc++/src/include/__type_traits/is_same.h
[870/1168] COPY ../../../third_party/libc++/src/include/__type_traits/is_scalar.h gen/third_party/libc++/src/include/__type_traits/is_scalar.h
[871/1168] COPY ../../../third_party/libc++/src/include/__type_traits/is_signed.h gen/third_party/libc++/src/include/__type_traits/is_signed.h
[872/1168] COPY ../../../third_party/libc++/src/include/__type_traits/is_specialization.h gen/third_party/libc++/src/include/__type_traits/is_specialization.h
[873/1168] COPY ../../../third_party/libc++/src/include/__type_traits/is_standard_layout.h gen/third_party/libc++/src/include/__type_traits/is_standard_layout.h
[874/1168] COPY ../../../third_party/libc++/src/include/__type_traits/is_swappable.h gen/third_party/libc++/src/include/__type_traits/is_swappable.h
[875/1168] COPY ../../../third_party/libc++/src/include/__type_traits/is_trivial.h gen/third_party/libc++/src/include/__type_traits/is_trivial.h
[876/1168] COPY ../../../third_party/libc++/src/include/__type_traits/is_trivially_assignable.h gen/third_party/libc++/src/include/__type_traits/is_trivially_assignable.h
[877/1168] COPY ../../../third_party/libc++/src/include/__type_traits/is_trivially_constructible.h gen/third_party/libc++/src/include/__type_traits/is_trivially_constructible.h
[878/1168] COPY ../../../third_party/libc++/src/include/__type_traits/is_trivially_copyable.h gen/third_party/libc++/src/include/__type_traits/is_trivially_copyable.h
[879/1168] COPY ../../../third_party/libc++/src/include/__type_traits/is_trivially_destructible.h gen/third_party/libc++/src/include/__type_traits/is_trivially_destructible.h
[880/1168] COPY ../../../third_party/libc++/src/include/__type_traits/is_trivially_lexicographically_comparable.h gen/third_party/libc++/src/include/__type_traits/is_trivially_lexicographically_comparable.h
[881/1168] COPY ../../../third_party/libc++/src/include/__type_traits/is_trivially_relocatable.h gen/third_party/libc++/src/include/__type_traits/is_trivially_relocatable.h
[882/1168] COPY ../../../third_party/libc++/src/include/__type_traits/is_union.h gen/third_party/libc++/src/include/__type_traits/is_union.h
[883/1168] COPY ../../../third_party/libc++/src/include/__type_traits/is_unqualified.h gen/third_party/libc++/src/include/__type_traits/is_unqualified.h
[884/1168] COPY ../../../third_party/libc++/src/include/__type_traits/is_unsigned.h gen/third_party/libc++/src/include/__type_traits/is_unsigned.h
[885/1168] COPY ../../../third_party/libc++/src/include/__type_traits/is_valid_expansion.h gen/third_party/libc++/src/include/__type_traits/is_valid_expansion.h
[886/1168] COPY ../../../third_party/libc++/src/include/__type_traits/is_void.h gen/third_party/libc++/src/include/__type_traits/is_void.h
[887/1168] COPY ../../../third_party/libc++/src/include/__type_traits/is_volatile.h gen/third_party/libc++/src/include/__type_traits/is_volatile.h
[888/1168] COPY ../../../third_party/libc++/src/include/__type_traits/is_within_lifetime.h gen/third_party/libc++/src/include/__type_traits/is_within_lifetime.h
[889/1168] COPY ../../../third_party/libc++/src/include/__type_traits/lazy.h gen/third_party/libc++/src/include/__type_traits/lazy.h
[890/1168] COPY ../../../third_party/libc++/src/include/__type_traits/make_32_64_or_128_bit.h gen/third_party/libc++/src/include/__type_traits/make_32_64_or_128_bit.h
[891/1168] COPY ../../../third_party/libc++/src/include/__type_traits/make_const_lvalue_ref.h gen/third_party/libc++/src/include/__type_traits/make_const_lvalue_ref.h
[892/1168] COPY ../../../third_party/libc++/src/include/__type_traits/make_signed.h gen/third_party/libc++/src/include/__type_traits/make_signed.h
[893/1168] COPY ../../../third_party/libc++/src/include/__type_traits/make_transparent.h gen/third_party/libc++/src/include/__type_traits/make_transparent.h
[894/1168] COPY ../../../third_party/libc++/src/include/__type_traits/make_unsigned.h gen/third_party/libc++/src/include/__type_traits/make_unsigned.h
[895/1168] COPY ../../../third_party/libc++/src/include/__type_traits/maybe_const.h gen/third_party/libc++/src/include/__type_traits/maybe_const.h
[896/1168] COPY ../../../third_party/libc++/src/include/__type_traits/nat.h gen/third_party/libc++/src/include/__type_traits/nat.h
[897/1168] COPY ../../../third_party/libc++/src/include/__type_traits/negation.h gen/third_party/libc++/src/include/__type_traits/negation.h
[898/1168] COPY ../../../third_party/libc++/src/include/__type_traits/promote.h gen/third_party/libc++/src/include/__type_traits/promote.h
[899/1168] COPY ../../../third_party/libc++/src/include/__type_traits/rank.h gen/third_party/libc++/src/include/__type_traits/rank.h
[900/1168] COPY ../../../third_party/libc++/src/include/__type_traits/reference_constructs_from_temporary.h gen/third_party/libc++/src/include/__type_traits/reference_constructs_from_temporary.h
[901/1168] COPY ../../../third_party/libc++/src/include/__type_traits/reference_converts_from_temporary.h gen/third_party/libc++/src/include/__type_traits/reference_converts_from_temporary.h
[902/1168] COPY ../../../third_party/libc++/src/include/__type_traits/remove_all_extents.h gen/third_party/libc++/src/include/__type_traits/remove_all_extents.h
[903/1168] COPY ../../../third_party/libc++/src/include/__type_traits/remove_const.h gen/third_party/libc++/src/include/__type_traits/remove_const.h
[904/1168] COPY ../../../third_party/libc++/src/include/__type_traits/remove_const_ref.h gen/third_party/libc++/src/include/__type_traits/remove_const_ref.h
[905/1168] COPY ../../../third_party/libc++/src/include/__type_traits/remove_cv.h gen/third_party/libc++/src/include/__type_traits/remove_cv.h
[906/1168] COPY ../../../third_party/libc++/src/include/__type_traits/remove_cvref.h gen/third_party/libc++/src/include/__type_traits/remove_cvref.h
[907/1168] COPY ../../../third_party/libc++/src/include/__type_traits/remove_extent.h gen/third_party/libc++/src/include/__type_traits/remove_extent.h
[908/1168] COPY ../../../third_party/libc++/src/include/__type_traits/remove_pointer.h gen/third_party/libc++/src/include/__type_traits/remove_pointer.h
[909/1168] COPY ../../../third_party/libc++/src/include/__type_traits/remove_reference.h gen/third_party/libc++/src/include/__type_traits/remove_reference.h
[910/1168] COPY ../../../third_party/libc++/src/include/__type_traits/remove_volatile.h gen/third_party/libc++/src/include/__type_traits/remove_volatile.h
[911/1168] COPY ../../../third_party/libc++/src/include/__type_traits/result_of.h gen/third_party/libc++/src/include/__type_traits/result_of.h
[912/1168] COPY ../../../third_party/libc++/src/include/__type_traits/strip_signature.h gen/third_party/libc++/src/include/__type_traits/strip_signature.h
[913/1168] COPY ../../../third_party/libc++/src/include/__type_traits/type_identity.h gen/third_party/libc++/src/include/__type_traits/type_identity.h
[914/1168] COPY ../../../third_party/libc++/src/include/__type_traits/type_list.h gen/third_party/libc++/src/include/__type_traits/type_list.h
[915/1168] COPY ../../../third_party/libc++/src/include/__type_traits/underlying_type.h gen/third_party/libc++/src/include/__type_traits/underlying_type.h
[916/1168] COPY ../../../third_party/libc++/src/include/__type_traits/unwrap_ref.h gen/third_party/libc++/src/include/__type_traits/unwrap_ref.h
[917/1168] COPY ../../../third_party/libc++/src/include/__type_traits/void_t.h gen/third_party/libc++/src/include/__type_traits/void_t.h
[918/1168] COPY ../../../third_party/libc++/src/include/__undef_macros gen/third_party/libc++/src/include/__undef_macros
[919/1168] COPY ../../../third_party/libc++/src/include/__utility/as_const.h gen/third_party/libc++/src/include/__utility/as_const.h
[920/1168] COPY ../../../third_party/libc++/src/include/__utility/as_lvalue.h gen/third_party/libc++/src/include/__utility/as_lvalue.h
[921/1168] COPY ../../../third_party/libc++/src/include/__utility/auto_cast.h gen/third_party/libc++/src/include/__utility/auto_cast.h
[922/1168] COPY ../../../third_party/libc++/src/include/__utility/cmp.h gen/third_party/libc++/src/include/__utility/cmp.h
[923/1168] COPY ../../../third_party/libc++/src/include/__utility/convert_to_integral.h gen/third_party/libc++/src/include/__utility/convert_to_integral.h
[924/1168] COPY ../../../third_party/libc++/src/include/__utility/declval.h gen/third_party/libc++/src/include/__utility/declval.h
[925/1168] COPY ../../../third_party/libc++/src/include/__utility/default_three_way_comparator.h gen/third_party/libc++/src/include/__utility/default_three_way_comparator.h
[926/1168] COPY ../../../third_party/libc++/src/include/__utility/element_count.h gen/third_party/libc++/src/include/__utility/element_count.h
[927/1168] COPY ../../../third_party/libc++/src/include/__utility/empty.h gen/third_party/libc++/src/include/__utility/empty.h
[928/1168] COPY ../../../third_party/libc++/src/include/__utility/exception_guard.h gen/third_party/libc++/src/include/__utility/exception_guard.h
[929/1168] COPY ../../../third_party/libc++/src/include/__utility/exchange.h gen/third_party/libc++/src/include/__utility/exchange.h
[930/1168] COPY ../../../third_party/libc++/src/include/__utility/forward.h gen/third_party/libc++/src/include/__utility/forward.h
[931/1168] COPY ../../../third_party/libc++/src/include/__utility/forward_like.h gen/third_party/libc++/src/include/__utility/forward_like.h
[932/1168] COPY ../../../third_party/libc++/src/include/__utility/in_place.h gen/third_party/libc++/src/include/__utility/in_place.h
[933/1168] COPY ../../../third_party/libc++/src/include/__utility/integer_sequence.h gen/third_party/libc++/src/include/__utility/integer_sequence.h
[934/1168] COPY ../../../third_party/libc++/src/include/__utility/is_pointer_in_range.h gen/third_party/libc++/src/include/__utility/is_pointer_in_range.h
[935/1168] COPY ../../../third_party/libc++/src/include/__utility/is_valid_range.h gen/third_party/libc++/src/include/__utility/is_valid_range.h
[936/1168] COPY ../../../third_party/libc++/src/include/__utility/lazy_synth_three_way_comparator.h gen/third_party/libc++/src/include/__utility/lazy_synth_three_way_comparator.h
[937/1168] COPY ../../../third_party/libc++/src/include/__utility/move.h gen/third_party/libc++/src/include/__utility/move.h
[938/1168] COPY ../../../third_party/libc++/src/include/__utility/no_destroy.h gen/third_party/libc++/src/include/__utility/no_destroy.h
[939/1168] COPY ../../../third_party/libc++/src/include/__utility/pair.h gen/third_party/libc++/src/include/__utility/pair.h
[940/1168] COPY ../../../third_party/libc++/src/include/__utility/piecewise_construct.h gen/third_party/libc++/src/include/__utility/piecewise_construct.h
[941/1168] COPY ../../../third_party/libc++/src/include/__utility/priority_tag.h gen/third_party/libc++/src/include/__utility/priority_tag.h
[942/1168] COPY ../../../third_party/libc++/src/include/__utility/private_constructor_tag.h gen/third_party/libc++/src/include/__utility/private_constructor_tag.h
[943/1168] COPY ../../../third_party/libc++/src/include/__utility/rel_ops.h gen/third_party/libc++/src/include/__utility/rel_ops.h
[944/1168] COPY ../../../third_party/libc++/src/include/__utility/scope_guard.h gen/third_party/libc++/src/include/__utility/scope_guard.h
[945/1168] COPY ../../../third_party/libc++/src/include/__utility/small_buffer.h gen/third_party/libc++/src/include/__utility/small_buffer.h
[946/1168] COPY ../../../third_party/libc++/src/include/__utility/swap.h gen/third_party/libc++/src/include/__utility/swap.h
[947/1168] COPY ../../../third_party/libc++/src/include/__utility/to_underlying.h gen/third_party/libc++/src/include/__utility/to_underlying.h
[948/1168] COPY ../../../third_party/libc++/src/include/__utility/try_key_extraction.h gen/third_party/libc++/src/include/__utility/try_key_extraction.h
[949/1168] COPY ../../../third_party/libc++/src/include/__utility/unreachable.h gen/third_party/libc++/src/include/__utility/unreachable.h
[950/1168] COPY ../../../third_party/libc++/src/include/__variant/monostate.h gen/third_party/libc++/src/include/__variant/monostate.h
[951/1168] COPY ../../../third_party/libc++/src/include/__vector/comparison.h gen/third_party/libc++/src/include/__vector/comparison.h
[952/1168] COPY ../../../third_party/libc++/src/include/__vector/container_traits.h gen/third_party/libc++/src/include/__vector/container_traits.h
[953/1168] COPY ../../../third_party/libc++/src/include/__vector/pmr.h gen/third_party/libc++/src/include/__vector/pmr.h
[954/1168] COPY ../../../third_party/libc++/src/include/__vector/swap.h gen/third_party/libc++/src/include/__vector/swap.h
[955/1168] COPY ../../../third_party/libc++/src/include/__vector/vector.h gen/third_party/libc++/src/include/__vector/vector.h
[956/1168] COPY ../../../third_party/libc++/src/include/__vector/erase.h gen/third_party/libc++/src/include/__vector/erase.h
[957/1168] COPY ../../../third_party/libc++/src/include/__vector/vector_bool.h gen/third_party/libc++/src/include/__vector/vector_bool.h
[958/1168] COPY ../../../third_party/libc++/src/include/__vector/vector_bool_formatter.h gen/third_party/libc++/src/include/__vector/vector_bool_formatter.h
[959/1168] COPY ../../../third_party/libc++/src/include/__verbose_abort gen/third_party/libc++/src/include/__verbose_abort
[960/1168] COPY ../../../third_party/libc++/src/include/__verbose_trap gen/third_party/libc++/src/include/__verbose_trap
[961/1168] COPY ../../../third_party/libc++/src/include/algorithm gen/third_party/libc++/src/include/algorithm
[962/1168] COPY ../../../third_party/libc++/src/include/any gen/third_party/libc++/src/include/any
[963/1168] COPY ../../../third_party/libc++/src/include/array gen/third_party/libc++/src/include/array
[964/1168] COPY ../../../third_party/libc++/src/include/atomic gen/third_party/libc++/src/include/atomic
[965/1168] COPY ../../../third_party/libc++/src/include/barrier gen/third_party/libc++/src/include/barrier
[966/1168] COPY ../../../third_party/libc++/src/include/bit gen/third_party/libc++/src/include/bit
[967/1168] COPY ../../../third_party/libc++/src/include/bitset gen/third_party/libc++/src/include/bitset
[968/1168] COPY ../../../third_party/libc++/src/include/cassert gen/third_party/libc++/src/include/cassert
[969/1168] COPY ../../../third_party/libc++/src/include/ccomplex gen/third_party/libc++/src/include/ccomplex
[970/1168] COPY ../../../third_party/libc++/src/include/cctype gen/third_party/libc++/src/include/cctype
[971/1168] COPY ../../../third_party/libc++/src/include/cerrno gen/third_party/libc++/src/include/cerrno
[972/1168] COPY ../../../third_party/libc++/src/include/cfenv gen/third_party/libc++/src/include/cfenv
[973/1168] COPY ../../../third_party/libc++/src/include/cfloat gen/third_party/libc++/src/include/cfloat
[974/1168] COPY ../../../third_party/libc++/src/include/charconv gen/third_party/libc++/src/include/charconv
[975/1168] COPY ../../../third_party/libc++/src/include/chrono gen/third_party/libc++/src/include/chrono
[976/1168] COPY ../../../third_party/libc++/src/include/cinttypes gen/third_party/libc++/src/include/cinttypes
[977/1168] COPY ../../../third_party/libc++/src/include/ciso646 gen/third_party/libc++/src/include/ciso646
[978/1168] COPY ../../../third_party/libc++/src/include/climits gen/third_party/libc++/src/include/climits
[979/1168] COPY ../../../third_party/libc++/src/include/clocale gen/third_party/libc++/src/include/clocale
[980/1168] COPY ../../../third_party/libc++/src/include/cmath gen/third_party/libc++/src/include/cmath
[981/1168] COPY ../../../third_party/libc++/src/include/codecvt gen/third_party/libc++/src/include/codecvt
[982/1168] COPY ../../../third_party/libc++/src/include/compare gen/third_party/libc++/src/include/compare
[983/1168] COPY ../../../third_party/libc++/src/include/complex gen/third_party/libc++/src/include/complex
[984/1168] COPY ../../../third_party/libc++/src/include/complex.h gen/third_party/libc++/src/include/complex.h
[985/1168] COPY ../../../third_party/libc++/src/include/concepts gen/third_party/libc++/src/include/concepts
[986/1168] COPY ../../../third_party/libc++/src/include/condition_variable gen/third_party/libc++/src/include/condition_variable
[987/1168] COPY ../../../third_party/libc++/src/include/coroutine gen/third_party/libc++/src/include/coroutine
[988/1168] COPY ../../../third_party/libc++/src/include/csetjmp gen/third_party/libc++/src/include/csetjmp
[989/1168] COPY ../../../third_party/libc++/src/include/csignal gen/third_party/libc++/src/include/csignal
[990/1168] COPY ../../../third_party/libc++/src/include/cstdarg gen/third_party/libc++/src/include/cstdarg
[991/1168] COPY ../../../third_party/libc++/src/include/cstdalign gen/third_party/libc++/src/include/cstdalign
[992/1168] COPY ../../../third_party/libc++/src/include/cstdbool gen/third_party/libc++/src/include/cstdbool
[993/1168] COPY ../../../third_party/libc++/src/include/cstddef gen/third_party/libc++/src/include/cstddef
[994/1168] COPY ../../../third_party/libc++/src/include/cstdint gen/third_party/libc++/src/include/cstdint
[995/1168] COPY ../../../third_party/libc++/src/include/cstdio gen/third_party/libc++/src/include/cstdio
[996/1168] COPY ../../../third_party/libc++/src/include/cstdlib gen/third_party/libc++/src/include/cstdlib
[997/1168] COPY ../../../third_party/libc++/src/include/cstring gen/third_party/libc++/src/include/cstring
[998/1168] COPY ../../../third_party/libc++/src/include/ctgmath gen/third_party/libc++/src/include/ctgmath
[999/1168] COPY ../../../third_party/libc++/src/include/ctime gen/third_party/libc++/src/include/ctime
[1000/1168] COPY ../../../third_party/libc++/src/include/ctype.h gen/third_party/libc++/src/include/ctype.h
[1001/1168] COPY ../../../third_party/libc++/src/include/cuchar gen/third_party/libc++/src/include/cuchar
[1002/1168] COPY ../../../third_party/libc++/src/include/cwchar gen/third_party/libc++/src/include/cwchar
[1003/1168] COPY ../../../third_party/libc++/src/include/cwctype gen/third_party/libc++/src/include/cwctype
[1004/1168] COPY ../../../third_party/libc++/src/include/deque gen/third_party/libc++/src/include/deque
[1005/1168] COPY ../../../third_party/libc++/src/include/errno.h gen/third_party/libc++/src/include/errno.h
[1006/1168] COPY ../../../third_party/libc++/src/include/exception gen/third_party/libc++/src/include/exception
[1007/1168] COPY ../../../third_party/libc++/src/include/execution gen/third_party/libc++/src/include/execution
[1008/1168] COPY ../../../third_party/libc++/src/include/expected gen/third_party/libc++/src/include/expected
[1009/1168] COPY ../../../third_party/libc++/src/include/experimental/__simd/aligned_tag.h gen/third_party/libc++/src/include/experimental/__simd/aligned_tag.h
[1010/1168] COPY ../../../third_party/libc++/src/include/experimental/__simd/declaration.h gen/third_party/libc++/src/include/experimental/__simd/declaration.h
[1011/1168] COPY ../../../third_party/libc++/src/include/experimental/__simd/reference.h gen/third_party/libc++/src/include/experimental/__simd/reference.h
[1012/1168] COPY ../../../third_party/libc++/src/include/experimental/__simd/scalar.h gen/third_party/libc++/src/include/experimental/__simd/scalar.h
[1013/1168] COPY ../../../third_party/libc++/src/include/experimental/__simd/simd.h gen/third_party/libc++/src/include/experimental/__simd/simd.h
[1014/1168] COPY ../../../third_party/libc++/src/include/experimental/__simd/simd_mask.h gen/third_party/libc++/src/include/experimental/__simd/simd_mask.h
[1015/1168] COPY ../../../third_party/libc++/src/include/experimental/__simd/traits.h gen/third_party/libc++/src/include/experimental/__simd/traits.h
[1016/1168] COPY ../../../third_party/libc++/src/include/experimental/__simd/utility.h gen/third_party/libc++/src/include/experimental/__simd/utility.h
[1017/1168] COPY ../../../third_party/libc++/src/include/experimental/__simd/vec_ext.h gen/third_party/libc++/src/include/experimental/__simd/vec_ext.h
[1018/1168] COPY ../../../third_party/libc++/src/include/experimental/iterator gen/third_party/libc++/src/include/experimental/iterator
[1019/1168] COPY ../../../third_party/libc++/src/include/experimental/memory gen/third_party/libc++/src/include/experimental/memory
[1020/1168] COPY ../../../third_party/libc++/src/include/experimental/propagate_const gen/third_party/libc++/src/include/experimental/propagate_const
[1021/1168] COPY ../../../third_party/libc++/src/include/experimental/simd gen/third_party/libc++/src/include/experimental/simd
[1022/1168] COPY ../../../third_party/libc++/src/include/experimental/type_traits gen/third_party/libc++/src/include/experimental/type_traits
[1023/1168] COPY ../../../third_party/libc++/src/include/experimental/utility gen/third_party/libc++/src/include/experimental/utility
[1024/1168] COPY ../../../third_party/libc++/src/include/ext/__hash gen/third_party/libc++/src/include/ext/__hash
[1025/1168] COPY ../../../third_party/libc++/src/include/ext/hash_map gen/third_party/libc++/src/include/ext/hash_map
[1026/1168] COPY ../../../third_party/libc++/src/include/ext/hash_set gen/third_party/libc++/src/include/ext/hash_set
[1027/1168] COPY ../../../third_party/libc++/src/include/fenv.h gen/third_party/libc++/src/include/fenv.h
[1028/1168] COPY ../../../third_party/libc++/src/include/filesystem gen/third_party/libc++/src/include/filesystem
[1029/1168] COPY ../../../third_party/libc++/src/include/flat_map gen/third_party/libc++/src/include/flat_map
[1030/1168] COPY ../../../third_party/libc++/src/include/flat_set gen/third_party/libc++/src/include/flat_set
[1031/1168] COPY ../../../third_party/libc++/src/include/float.h gen/third_party/libc++/src/include/float.h
[1032/1168] COPY ../../../third_party/libc++/src/include/format gen/third_party/libc++/src/include/format
[1033/1168] COPY ../../../third_party/libc++/src/include/forward_list gen/third_party/libc++/src/include/forward_list
[1034/1168] COPY ../../../third_party/libc++/src/include/fstream gen/third_party/libc++/src/include/fstream
[1035/1168] COPY ../../../third_party/libc++/src/include/functional gen/third_party/libc++/src/include/functional
[1036/1168] COPY ../../../third_party/libc++/src/include/future gen/third_party/libc++/src/include/future
[1037/1168] COPY ../../../third_party/libc++/src/include/initializer_list gen/third_party/libc++/src/include/initializer_list
[1038/1168] COPY ../../../third_party/libc++/src/include/inttypes.h gen/third_party/libc++/src/include/inttypes.h
[1039/1168] COPY ../../../third_party/libc++/src/include/iomanip gen/third_party/libc++/src/include/iomanip
[1040/1168] COPY ../../../third_party/libc++/src/include/ios gen/third_party/libc++/src/include/ios
[1041/1168] COPY ../../../third_party/libc++/src/include/iosfwd gen/third_party/libc++/src/include/iosfwd
[1042/1168] COPY ../../../third_party/libc++/src/include/iostream gen/third_party/libc++/src/include/iostream
[1043/1168] COPY ../../../third_party/libc++/src/include/istream gen/third_party/libc++/src/include/istream
[1044/1168] COPY ../../../third_party/libc++/src/include/iterator gen/third_party/libc++/src/include/iterator
[1045/1168] COPY ../../../third_party/libc++/src/include/latch gen/third_party/libc++/src/include/latch
[1046/1168] COPY ../../../third_party/libc++/src/include/limits gen/third_party/libc++/src/include/limits
[1047/1168] COPY ../../../third_party/libc++/src/include/list gen/third_party/libc++/src/include/list
[1048/1168] COPY ../../../third_party/libc++/src/include/locale gen/third_party/libc++/src/include/locale
[1049/1168] COPY ../../../third_party/libc++/src/include/map gen/third_party/libc++/src/include/map
[1050/1168] COPY ../../../third_party/libc++/src/include/math.h gen/third_party/libc++/src/include/math.h
[1051/1168] COPY ../../../third_party/libc++/src/include/mdspan gen/third_party/libc++/src/include/mdspan
[1052/1168] COPY ../../../third_party/libc++/src/include/memory gen/third_party/libc++/src/include/memory
[1053/1168] COPY ../../../third_party/libc++/src/include/memory_resource gen/third_party/libc++/src/include/memory_resource
[1054/1168] COPY ../../../third_party/libc++/src/include/module.modulemap.in gen/third_party/libc++/src/include/module.modulemap.in
[1055/1168] COPY ../../../third_party/libc++/src/include/mutex gen/third_party/libc++/src/include/mutex
[1056/1168] COPY ../../../third_party/libc++/src/include/new gen/third_party/libc++/src/include/new
[1057/1168] COPY ../../../third_party/libc++/src/include/numbers gen/third_party/libc++/src/include/numbers
[1058/1168] COPY ../../../third_party/libc++/src/include/numeric gen/third_party/libc++/src/include/numeric
[1059/1168] COPY ../../../third_party/libc++/src/include/optional gen/third_party/libc++/src/include/optional
[1060/1168] COPY ../../../third_party/libc++/src/include/ostream gen/third_party/libc++/src/include/ostream
[1061/1168] COPY ../../../third_party/libc++/src/include/print gen/third_party/libc++/src/include/print
[1062/1168] COPY ../../../third_party/libc++/src/include/queue gen/third_party/libc++/src/include/queue
[1063/1168] COPY ../../../third_party/libc++/src/include/random gen/third_party/libc++/src/include/random
[1064/1168] COPY ../../../third_party/libc++/src/include/ranges gen/third_party/libc++/src/include/ranges
[1065/1168] COPY ../../../third_party/libc++/src/include/ratio gen/third_party/libc++/src/include/ratio
[1066/1168] COPY ../../../third_party/libc++/src/include/regex gen/third_party/libc++/src/include/regex
[1067/1168] COPY ../../../third_party/libc++/src/include/scoped_allocator gen/third_party/libc++/src/include/scoped_allocator
[1068/1168] COPY ../../../third_party/libc++/src/include/semaphore gen/third_party/libc++/src/include/semaphore
[1069/1168] COPY ../../../third_party/libc++/src/include/set gen/third_party/libc++/src/include/set
[1070/1168] COPY ../../../third_party/libc++/src/include/shared_mutex gen/third_party/libc++/src/include/shared_mutex
[1071/1168] COPY ../../../third_party/libc++/src/include/source_location gen/third_party/libc++/src/include/source_location
[1072/1168] COPY ../../../third_party/libc++/src/include/span gen/third_party/libc++/src/include/span
[1073/1168] COPY ../../../third_party/libc++/src/include/sstream gen/third_party/libc++/src/include/sstream
[1074/1168] COPY ../../../third_party/libc++/src/include/stack gen/third_party/libc++/src/include/stack
[1075/1168] COPY ../../../third_party/libc++/src/include/stdatomic.h gen/third_party/libc++/src/include/stdatomic.h
[1076/1168] COPY ../../../third_party/libc++/src/include/stddef.h gen/third_party/libc++/src/include/stddef.h
[1077/1168] COPY ../../../third_party/libc++/src/include/stdexcept gen/third_party/libc++/src/include/stdexcept
[1078/1168] COPY ../../../third_party/libc++/src/include/stdio.h gen/third_party/libc++/src/include/stdio.h
[1079/1168] COPY ../../../third_party/libc++/src/include/stdlib.h gen/third_party/libc++/src/include/stdlib.h
[1080/1168] COPY ../../../third_party/libc++/src/include/stop_token gen/third_party/libc++/src/include/stop_token
[1081/1168] COPY ../../../third_party/libc++/src/include/streambuf gen/third_party/libc++/src/include/streambuf
[1082/1168] COPY ../../../third_party/libc++/src/include/string gen/third_party/libc++/src/include/string
[1083/1168] COPY ../../../third_party/libc++/src/include/string.h gen/third_party/libc++/src/include/string.h
[1084/1168] COPY ../../../third_party/libc++/src/include/string_view gen/third_party/libc++/src/include/string_view
[1085/1168] COPY ../../../third_party/libc++/src/include/strstream gen/third_party/libc++/src/include/strstream
[1086/1168] COPY ../../../third_party/libc++/src/include/syncstream gen/third_party/libc++/src/include/syncstream
[1087/1168] COPY ../../../third_party/libc++/src/include/system_error gen/third_party/libc++/src/include/system_error
[1088/1168] COPY ../../../third_party/libc++/src/include/tgmath.h gen/third_party/libc++/src/include/tgmath.h
[1089/1168] COPY ../../../third_party/libc++/src/include/thread gen/third_party/libc++/src/include/thread
[1090/1168] COPY ../../../third_party/libc++/src/include/tuple gen/third_party/libc++/src/include/tuple
[1091/1168] COPY ../../../third_party/libc++/src/include/type_traits gen/third_party/libc++/src/include/type_traits
[1092/1168] COPY ../../../third_party/libc++/src/include/typeindex gen/third_party/libc++/src/include/typeindex
[1093/1168] COPY ../../../third_party/libc++/src/include/typeinfo gen/third_party/libc++/src/include/typeinfo
[1094/1168] COPY ../../../third_party/libc++/src/include/uchar.h gen/third_party/libc++/src/include/uchar.h
[1095/1168] COPY ../../../third_party/libc++/src/include/unordered_map gen/third_party/libc++/src/include/unordered_map
[1096/1168] COPY ../../../third_party/libc++/src/include/unordered_set gen/third_party/libc++/src/include/unordered_set
[1097/1168] COPY ../../../third_party/libc++/src/include/utility gen/third_party/libc++/src/include/utility
[1098/1168] COPY ../../../third_party/libc++/src/include/valarray gen/third_party/libc++/src/include/valarray
[1099/1168] COPY ../../../third_party/libc++/src/include/variant gen/third_party/libc++/src/include/variant
[1100/1168] COPY ../../../third_party/libc++/src/include/vector gen/third_party/libc++/src/include/vector
[1101/1168] COPY ../../../third_party/libc++/src/include/version gen/third_party/libc++/src/include/version
[1102/1168] COPY ../../../third_party/libc++/src/include/wchar.h gen/third_party/libc++/src/include/wchar.h
[1103/1168] COPY ../../../third_party/libc++/src/include/wctype.h gen/third_party/libc++/src/include/wctype.h
[1104/1168] CXX_MODULE obj/build/modules/linux/_Builtin_stdalign/module.pcm
[1105/1168] CXX_MODULE obj/build/modules/linux/_Builtin_iso646/module.pcm
[1106/1168] CXX_MODULE obj/build/modules/linux/_Builtin_stddef/module.pcm
[1107/1168] CXX_MODULE obj/build/modules/linux/_Builtin_stdarg/module.pcm
[1108/1168] CXX_MODULE obj/build/modules/linux/_Builtin_float/module.pcm
[1109/1168] CXX_MODULE obj/build/modules/linux/_Builtin_stddef_wint_t/module.pcm
[1110/1168] CXX_MODULE obj/build/modules/linux/_Builtin_stdnoreturn/module.pcm
[1111/1168] CXX_MODULE obj/build/modules/linux/_Builtin_stdcountof/module.pcm
[1112/1168] CXX_MODULE obj/build/modules/linux/_Builtin_stdbool/module.pcm
[1113/1168] CXX_MODULE obj/build/modules/linux/ptrauth/module.pcm
[1114/1168] CXX_MODULE obj/build/modules/linux/sys_stage1/module.pcm
[1115/1168] CXX_MODULE obj/build/modules/linux/_Builtin_limits/module.pcm
[1116/1168] CXX_MODULE obj/build/modules/linux/_Builtin_stdint/module.pcm
[1117/1168] CXX_MODULE obj/build/modules/linux/std_errno_h/module.pcm
[1118/1168] CXX_MODULE obj/build/modules/linux/std_ctype_h/module.pcm
[1119/1168] CXX_MODULE obj/build/modules/linux/_Builtin_inttypes/module.pcm
[1120/1168] CXX_MODULE obj/build/modules/linux/std_fenv_h/module.pcm
[1121/1168] CXX_MODULE obj/build/modules/linux/std_float_h/module.pcm
[1122/1168] CXX_MODULE obj/build/modules/linux/std_inttypes_h/module.pcm
[1123/1168] CXX_MODULE obj/build/modules/linux/std_string_h/module.pcm
[1124/1168] CXX_MODULE obj/build/modules/linux/std_private_mbstate_t/module.pcm
[1125/1168] CXX_MODULE obj/build/modules/linux/std_uchar_h/module.pcm
[1126/1168] CXX_MODULE obj/build/modules/linux/std_wctype_h/module.pcm
[1127/1168] CXX_MODULE obj/build/modules/linux/sys_stage2/module.pcm
[1128/1168] CXX_MODULE obj/build/modules/linux/_Builtin_unwind/module.pcm
[1129/1168] CXX_MODULE obj/build/modules/linux/_Builtin_stdatomic/module.pcm
[1130/1168] CXX_MODULE obj/build/modules/linux/std_core/module.pcm
[1131/1168] CXX_MODULE obj/build/modules/linux/std_math_h/module.pcm
[1132/1168] CXX_MODULE obj/build/modules/linux/_Builtin_intrinsics/module.pcm
[1133/1168] CXX_MODULE obj/build/modules/linux/std/module.pcm
[1134/1168] CXX_MODULE obj/build/modules/linux/std_stdatomic_h/module.pcm
[1135/1168] CXX_MODULE obj/build/modules/linux/std_tgmath_h/module.pcm
[1136/1168] CXX_MODULE obj/build/modules/linux/std_complex_h/module.pcm
[1137/1168] CXX obj/third_party/capnproto/capnp/blob.o
[1138/1168] CXX obj/third_party/capnproto/capnp/list.o
[1139/1168] CXX obj/third_party/capnproto/capnp/any.o
[1140/1168] CXX obj/third_party/capnproto/capnp/arena.o
[1141/1168] CXX obj/third_party/capnproto/capnp/message.o
[1142/1168] CXX obj/third_party/capnproto/capnp/layout.o
[1143/1168] CXX obj/third_party/capnproto/capnp/schema.capnp.o
[1144/1168] CXX obj/third_party/capnproto/capnp/schema.o
[1145/1168] CXX obj/third_party/capnproto/capnp/c++.capnp.o
[1146/1168] CXX obj/third_party/capnproto/capnp/serialize-packed.o
[1147/1168] CXX obj/third_party/capnproto/capnp/serialize.o
[1148/1168] CXX obj/third_party/capnproto/kj/arena.o
[1149/1168] CXX obj/third_party/capnproto/kj/array.o
[1150/1168] CXX obj/third_party/capnproto/kj/common.o
[1151/1168] CXX obj/third_party/capnproto/kj/debug.o
[1152/1168] CXX obj/third_party/capnproto/capnp/stringify.o
FAILED: [code=1] obj/third_party/capnproto/capnp/stringify.o 
../../llvm-build/Release+Asserts/bin/clang++ -MMD -MF obj/third_party/capnproto/capnp/stringify.o.d -D_FILE_OFFSET_BITS=64 -D_LARGEFILE_SOURCE -D_LARGEFILE64_SOURCE -D_GNU_SOURCE -DCR_CLANG_REVISION=\"llvmorg-23-init-5669-g8a0be0bc-1\" -DCOMPONENT_BUILD -D_LIBCPP_HARDENING_MODE=_LIBCPP_HARDENING_MODE_EXTENSIVE -D_LIBCPP_INSTRUMENTED_WITH_ASAN=0 -DCR_LIBCXX_REVISION=7ab65651aed6802d2599dcb7a73b1f82d5179d05 -DCR_SYSROOT_KEY=20250129T203412Z-2 -DDCHECK_ALWAYS_ON=1 -DUSE_UDEV -DUSE_AURA=1 -DUSE_GLIB=1 -DUSE_OZONE=1 -D_DEBUG -DDYNAMIC_ANNOTATIONS_ENABLED=1 -DUSE_LIBCXX_MODULES -I../../.. -Igen -I../../../third_party/capnproto/src -fno-delete-null-pointer-checks -fno-strict-overflow -fno-ident -fno-math-errno -fno-strict-aliasing -fstack-protector -funwind-tables -fPIC -pthread -fcolor-diagnostics -fmerge-all-constants -fcrash-diagnostics-dir=../../../out/clang-crashreports -fno-lifetime-dse -mllvm -instcombine-lower-dbg-declare=0 -mllvm -split-threshold-for-reg-with-hint=0 -ffp-contract=off -Wa,--crel,--allow-experimental-crel -fcomplete-member-pointers --target=x86_64-unknown-linux-gnu -msse3 -Wno-builtin-macro-redefined -D__DATE__= -D__TIME__= -D__TIMESTAMP__= -ffile-compilation-dir=. -no-canonical-prefixes -Xclang -fmodule-file-home-is-cwd -Xclang -fmodules-cache-path=/not_exist_dummy_dir --warning-suppression-mappings=../../../build/config/warning_suppression.txt -ftrivial-auto-var-init=pattern -O0 -fno-omit-frame-pointer -gdwarf-4 -g2 -gdwarf-aranges -ggnu-pubnames -Xclang -fuse-ctor-homing -gsplit-dwarf -fsanitize=array-bounds -fsanitize-trap=array-bounds -fsanitize-ignore-for-ubsan-feature=array-bounds -Wno-unsafe-buffer-usage-in-static-sized-array -fsanitize=return -fsanitize-trap=return -fsanitize-ignore-for-ubsan-feature=return -fvisibility=hidden -Wheader-hygiene -Wstring-conversion -Wtautological-overlap-compare -Xclang -add-plugin -Xclang find-bad-constructs -Xclang -plugin-arg-find-bad-constructs -Xclang check-stack-allocated -Xclang -plugin-arg-find-bad-constructs -Xclang check-std-ranges-pipe-operator -Xclang -plugin-arg-find-bad-constructs -Xclang check-ipc -Xclang -add-plugin -Xclang raw-ptr-plugin -Xclang -plugin-arg-raw-ptr-plugin -Xclang check-raw-ptr-to-stack-allocated -Xclang -plugin-arg-raw-ptr-plugin -Xclang disable-check-raw-ptr-to-stack-allocated-error -Xclang -plugin-arg-raw-ptr-plugin -Xclang raw-ptr-exclude-path=../../dawn/ -Xclang -plugin-arg-raw-ptr-plugin -Xclang raw-ptr-exclude-path=../../../build/config/clang/chrome/test/fuzzing/webidl_fuzzing/ -Xclang -plugin-arg-raw-ptr-plugin -Xclang check-raw-ptr-fields -Xclang -plugin-arg-raw-ptr-plugin -Xclang check-span-fields -Xclang -plugin-arg-raw-ptr-plugin -Xclang check-raw-ref-fields -Xclang -plugin-arg-raw-ptr-plugin -Xclang no-special-treatment-for-oilpanized-paths -DUNSAFE_BUFFERS_BUILD -Wunsafe-buffer-usage -Wno-error=unsafe-buffer-usage -Xclang -add-plugin -Xclang unsafe-buffers -Xclang -plugin-arg-unsafe-buffers -Xclang ../../../build/config/unsafe_buffers_paths.txt -Wall -Wno-unused-variable -Wno-c++11-narrowing -Wno-unused-but-set-variable -Wno-missing-field-initializers -Wno-unused-parameter -Wno-psabi -Wloop-analysis -Wno-unneeded-internal-declaration -Wno-cast-function-type -Wno-thread-safety-reference-return -Wno-nontrivial-memcall -Wno-uninitialized-const-pointer -Wexit-time-destructors -Werror -Wno-exit-time-destructors -std=c++23 -Wno-trigraphs -gsimple-template-names -fno-exceptions -fno-rtti -nostdinc++ -isystemgen/third_party/libc++/src/include -isystem../../libc++abi/src/include --sysroot=../../../build/linux/debian_bullseye_amd64-sysroot -fvisibility-inlines-hidden -Wno-invalid-offsetof -Wenum-compare-conditional -Wno-nullability-completeness -Wunique-object-duplication -Wno-unused-parameter -Wno-sign-compare -Wno-deprecated-declarations -fbuiltin-module-map -fmodules -fno-implicit-module-maps -fno-implicit-modules -Xclang -fmodules-local-submodule-visibility -Wno-modules-ambiguous-internal-linkage -Wno-modules-import-nested-redundant -Xclang -fmodules-disable-diagnostic-validation -Wno-module-import-in-extern-c -fmodule-map-file=gen/build/modules/linux/module.modulemap -fmodule-map-file=gen/third_party/libc++/src/include/module.modulemap -fmodule-map-file=../../../third_party/llvm-build/Release+Asserts/lib/clang/23/include/module.modulemap -fmodule-file=_Builtin_float=obj/build/modules/linux/_Builtin_float/module.pcm -fmodule-map-file=../../../third_party/llvm-build/Release+Asserts/lib/clang/23/include/module.modulemap -fmodule-file=_Builtin_intrinsics=obj/build/modules/linux/_Builtin_intrinsics/module.pcm -fmodule-map-file=../../../third_party/llvm-build/Release+Asserts/lib/clang/23/include/module.modulemap -fmodule-file=_Builtin_inttypes=obj/build/modules/linux/_Builtin_inttypes/module.pcm -fmodule-map-file=../../../third_party/llvm-build/Release+Asserts/lib/clang/23/include/module.modulemap -fmodule-file=_Builtin_iso646=obj/build/modules/linux/_Builtin_iso646/module.pcm -fmodule-map-file=../../../third_party/llvm-build/Release+Asserts/lib/clang/23/include/module.modulemap -fmodule-file=_Builtin_limits=obj/build/modules/linux/_Builtin_limits/module.pcm -fmodule-map-file=../../../third_party/llvm-build/Release+Asserts/lib/clang/23/include/module.modulemap -fmodule-file=_Builtin_stdalign=obj/build/modules/linux/_Builtin_stdalign/module.pcm -fmodule-map-file=../../../third_party/llvm-build/Release+Asserts/lib/clang/23/include/module.modulemap -fmodule-file=_Builtin_stdarg=obj/build/modules/linux/_Builtin_stdarg/module.pcm -fmodule-map-file=../../../third_party/llvm-build/Release+Asserts/lib/clang/23/include/module.modulemap -fmodule-file=_Builtin_stdatomic=obj/build/modules/linux/_Builtin_stdatomic/module.pcm -fmodule-map-file=../../../third_party/llvm-build/Release+Asserts/lib/clang/23/include/module.modulemap -fmodule-file=_Builtin_stdbool=obj/build/modules/linux/_Builtin_stdbool/module.pcm -fmodule-map-file=../../../third_party/llvm-build/Release+Asserts/lib/clang/23/include/module.modulemap -fmodule-file=_Builtin_stdcountof=obj/build/modules/linux/_Builtin_stdcountof/module.pcm -fmodule-map-file=../../../third_party/llvm-build/Release+Asserts/lib/clang/23/include/module.modulemap -fmodule-file=_Builtin_stddef=obj/build/modules/linux/_Builtin_stddef/module.pcm -fmodule-map-file=../../../third_party/llvm-build/Release+Asserts/lib/clang/23/include/module.modulemap -fmodule-file=_Builtin_stddef_wint_t=obj/build/modules/linux/_Builtin_stddef_wint_t/module.pcm -fmodule-map-file=../../../third_party/llvm-build/Release+Asserts/lib/clang/23/include/module.modulemap -fmodule-file=_Builtin_stdint=obj/build/modules/linux/_Builtin_stdint/module.pcm -fmodule-map-file=../../../third_party/llvm-build/Release+Asserts/lib/clang/23/include/module.modulemap -fmodule-file=_Builtin_stdnoreturn=obj/build/modules/linux/_Builtin_stdnoreturn/module.pcm -fmodule-map-file=../../../third_party/llvm-build/Release+Asserts/lib/clang/23/include/module.modulemap -fmodule-file=_Builtin_unwind=obj/build/modules/linux/_Builtin_unwind/module.pcm -fmodule-map-file=../../../third_party/llvm-build/Release+Asserts/lib/clang/23/include/module.modulemap -fmodule-file=ptrauth=obj/build/modules/linux/ptrauth/module.pcm -fmodule-map-file=gen/third_party/libc++/src/include/module.modulemap -fmodule-file=std=obj/build/modules/linux/std/module.pcm -fmodule-map-file=gen/third_party/libc++/src/include/module.modulemap -fmodule-file=std_complex_h=obj/build/modules/linux/std_complex_h/module.pcm -fmodule-map-file=gen/third_party/libc++/src/include/module.modulemap -fmodule-file=std_core=obj/build/modules/linux/std_core/module.pcm -fmodule-map-file=gen/third_party/libc++/src/include/module.modulemap -fmodule-file=std_ctype_h=obj/build/modules/linux/std_ctype_h/module.pcm -fmodule-map-file=gen/third_party/libc++/src/include/module.modulemap -fmodule-file=std_errno_h=obj/build/modules/linux/std_errno_h/module.pcm -fmodule-map-file=gen/third_party/libc++/src/include/module.modulemap -fmodule-file=std_fenv_h=obj/build/modules/linux/std_fenv_h/module.pcm -fmodule-map-file=gen/third_party/libc++/src/include/module.modulemap -fmodule-file=std_float_h=obj/build/modules/linux/std_float_h/module.pcm -fmodule-map-file=gen/third_party/libc++/src/include/module.modulemap -fmodule-file=std_inttypes_h=obj/build/modules/linux/std_inttypes_h/module.pcm -fmodule-map-file=gen/third_party/libc++/src/include/module.modulemap -fmodule-file=std_math_h=obj/build/modules/linux/std_math_h/module.pcm -fmodule-map-file=gen/third_party/libc++/src/include/module.modulemap -fmodule-file=std_private_mbstate_t=obj/build/modules/linux/std_private_mbstate_t/module.pcm -fmodule-map-file=gen/third_party/libc++/src/include/module.modulemap -fmodule-file=std_stdatomic_h=obj/build/modules/linux/std_stdatomic_h/module.pcm -fmodule-map-file=gen/third_party/libc++/src/include/module.modulemap -fmodule-file=std_string_h=obj/build/modules/linux/std_string_h/module.pcm -fmodule-map-file=gen/third_party/libc++/src/include/module.modulemap -fmodule-file=std_tgmath_h=obj/build/modules/linux/std_tgmath_h/module.pcm -fmodule-map-file=gen/third_party/libc++/src/include/module.modulemap -fmodule-file=std_uchar_h=obj/build/modules/linux/std_uchar_h/module.pcm -fmodule-map-file=gen/third_party/libc++/src/include/module.modulemap -fmodule-file=std_wctype_h=obj/build/modules/linux/std_wctype_h/module.pcm -fmodule-map-file=gen/build/modules/linux/module.modulemap -fmodule-file=sys_stage1=obj/build/modules/linux/sys_stage1/module.pcm -fmodule-map-file=gen/build/modules/linux/module.modulemap -fmodule-file=sys_stage2=obj/build/modules/linux/sys_stage2/module.pcm -c ../../../third_party/capnproto/src/capnp/stringify.c++ -o obj/third_party/capnproto/capnp/stringify.o
In file included from ../../../third_party/capnproto/src/capnp/stringify.c++:22:
../../../third_party/capnproto/src/capnp/dynamic.h:1322:42: error: declaration of 'nullptr_t' must be imported from module 'std_core.cstddef.nullptr_t' before it is required
 1322 | inline DynamicValue::Reader::Reader(std::nullptr_t n): type(UNKNOWN) {}
      |                                          ^
gen/third_party/libc++/src/include/__cstddef/nullptr_t.h:20:7: note: declaration here is not visible
   20 | using nullptr_t = decltype(nullptr);
      |       ^
1 error generated.
[1153/1168] CXX obj/third_party/capnproto/capnp/dynamic.o
FAILED: [code=1] obj/third_party/capnproto/capnp/dynamic.o 
../../llvm-build/Release+Asserts/bin/clang++ -MMD -MF obj/third_party/capnproto/capnp/dynamic.o.d -D_FILE_OFFSET_BITS=64 -D_LARGEFILE_SOURCE -D_LARGEFILE64_SOURCE -D_GNU_SOURCE -DCR_CLANG_REVISION=\"llvmorg-23-init-5669-g8a0be0bc-1\" -DCOMPONENT_BUILD -D_LIBCPP_HARDENING_MODE=_LIBCPP_HARDENING_MODE_EXTENSIVE -D_LIBCPP_INSTRUMENTED_WITH_ASAN=0 -DCR_LIBCXX_REVISION=7ab65651aed6802d2599dcb7a73b1f82d5179d05 -DCR_SYSROOT_KEY=20250129T203412Z-2 -DDCHECK_ALWAYS_ON=1 -DUSE_UDEV -DUSE_AURA=1 -DUSE_GLIB=1 -DUSE_OZONE=1 -D_DEBUG -DDYNAMIC_ANNOTATIONS_ENABLED=1 -DUSE_LIBCXX_MODULES -I../../.. -Igen -I../../../third_party/capnproto/src -fno-delete-null-pointer-checks -fno-strict-overflow -fno-ident -fno-math-errno -fno-strict-aliasing -fstack-protector -funwind-tables -fPIC -pthread -fcolor-diagnostics -fmerge-all-constants -fcrash-diagnostics-dir=../../../out/clang-crashreports -fno-lifetime-dse -mllvm -instcombine-lower-dbg-declare=0 -mllvm -split-threshold-for-reg-with-hint=0 -ffp-contract=off -Wa,--crel,--allow-experimental-crel -fcomplete-member-pointers --target=x86_64-unknown-linux-gnu -msse3 -Wno-builtin-macro-redefined -D__DATE__= -D__TIME__= -D__TIMESTAMP__= -ffile-compilation-dir=. -no-canonical-prefixes -Xclang -fmodule-file-home-is-cwd -Xclang -fmodules-cache-path=/not_exist_dummy_dir --warning-suppression-mappings=../../../build/config/warning_suppression.txt -ftrivial-auto-var-init=pattern -O0 -fno-omit-frame-pointer -gdwarf-4 -g2 -gdwarf-aranges -ggnu-pubnames -Xclang -fuse-ctor-homing -gsplit-dwarf -fsanitize=array-bounds -fsanitize-trap=array-bounds -fsanitize-ignore-for-ubsan-feature=array-bounds -Wno-unsafe-buffer-usage-in-static-sized-array -fsanitize=return -fsanitize-trap=return -fsanitize-ignore-for-ubsan-feature=return -fvisibility=hidden -Wheader-hygiene -Wstring-conversion -Wtautological-overlap-compare -Xclang -add-plugin -Xclang find-bad-constructs -Xclang -plugin-arg-find-bad-constructs -Xclang check-stack-allocated -Xclang -plugin-arg-find-bad-constructs -Xclang check-std-ranges-pipe-operator -Xclang -plugin-arg-find-bad-constructs -Xclang check-ipc -Xclang -add-plugin -Xclang raw-ptr-plugin -Xclang -plugin-arg-raw-ptr-plugin -Xclang check-raw-ptr-to-stack-allocated -Xclang -plugin-arg-raw-ptr-plugin -Xclang disable-check-raw-ptr-to-stack-allocated-error -Xclang -plugin-arg-raw-ptr-plugin -Xclang raw-ptr-exclude-path=../../dawn/ -Xclang -plugin-arg-raw-ptr-plugin -Xclang raw-ptr-exclude-path=../../../build/config/clang/chrome/test/fuzzing/webidl_fuzzing/ -Xclang -plugin-arg-raw-ptr-plugin -Xclang check-raw-ptr-fields -Xclang -plugin-arg-raw-ptr-plugin -Xclang check-span-fields -Xclang -plugin-arg-raw-ptr-plugin -Xclang check-raw-ref-fields -Xclang -plugin-arg-raw-ptr-plugin -Xclang no-special-treatment-for-oilpanized-paths -DUNSAFE_BUFFERS_BUILD -Wunsafe-buffer-usage -Wno-error=unsafe-buffer-usage -Xclang -add-plugin -Xclang unsafe-buffers -Xclang -plugin-arg-unsafe-buffers -Xclang ../../../build/config/unsafe_buffers_paths.txt -Wall -Wno-unused-variable -Wno-c++11-narrowing -Wno-unused-but-set-variable -Wno-missing-field-initializers -Wno-unused-parameter -Wno-psabi -Wloop-analysis -Wno-unneeded-internal-declaration -Wno-cast-function-type -Wno-thread-safety-reference-return -Wno-nontrivial-memcall -Wno-uninitialized-const-pointer -Wexit-time-destructors -Werror -Wno-exit-time-destructors -std=c++23 -Wno-trigraphs -gsimple-template-names -fno-exceptions -fno-rtti -nostdinc++ -isystemgen/third_party/libc++/src/include -isystem../../libc++abi/src/include --sysroot=../../../build/linux/debian_bullseye_amd64-sysroot -fvisibility-inlines-hidden -Wno-invalid-offsetof -Wenum-compare-conditional -Wno-nullability-completeness -Wunique-object-duplication -Wno-unused-parameter -Wno-sign-compare -Wno-deprecated-declarations -fbuiltin-module-map -fmodules -fno-implicit-module-maps -fno-implicit-modules -Xclang -fmodules-local-submodule-visibility -Wno-modules-ambiguous-internal-linkage -Wno-modules-import-nested-redundant -Xclang -fmodules-disable-diagnostic-validation -Wno-module-import-in-extern-c -fmodule-map-file=gen/build/modules/linux/module.modulemap -fmodule-map-file=gen/third_party/libc++/src/include/module.modulemap -fmodule-map-file=../../../third_party/llvm-build/Release+Asserts/lib/clang/23/include/module.modulemap -fmodule-file=_Builtin_float=obj/build/modules/linux/_Builtin_float/module.pcm -fmodule-map-file=../../../third_party/llvm-build/Release+Asserts/lib/clang/23/include/module.modulemap -fmodule-file=_Builtin_intrinsics=obj/build/modules/linux/_Builtin_intrinsics/module.pcm -fmodule-map-file=../../../third_party/llvm-build/Release+Asserts/lib/clang/23/include/module.modulemap -fmodule-file=_Builtin_inttypes=obj/build/modules/linux/_Builtin_inttypes/module.pcm -fmodule-map-file=../../../third_party/llvm-build/Release+Asserts/lib/clang/23/include/module.modulemap -fmodule-file=_Builtin_iso646=obj/build/modules/linux/_Builtin_iso646/module.pcm -fmodule-map-file=../../../third_party/llvm-build/Release+Asserts/lib/clang/23/include/module.modulemap -fmodule-file=_Builtin_limits=obj/build/modules/linux/_Builtin_limits/module.pcm -fmodule-map-file=../../../third_party/llvm-build/Release+Asserts/lib/clang/23/include/module.modulemap -fmodule-file=_Builtin_stdalign=obj/build/modules/linux/_Builtin_stdalign/module.pcm -fmodule-map-file=../../../third_party/llvm-build/Release+Asserts/lib/clang/23/include/module.modulemap -fmodule-file=_Builtin_stdarg=obj/build/modules/linux/_Builtin_stdarg/module.pcm -fmodule-map-file=../../../third_party/llvm-build/Release+Asserts/lib/clang/23/include/module.modulemap -fmodule-file=_Builtin_stdatomic=obj/build/modules/linux/_Builtin_stdatomic/module.pcm -fmodule-map-file=../../../third_party/llvm-build/Release+Asserts/lib/clang/23/include/module.modulemap -fmodule-file=_Builtin_stdbool=obj/build/modules/linux/_Builtin_stdbool/module.pcm -fmodule-map-file=../../../third_party/llvm-build/Release+Asserts/lib/clang/23/include/module.modulemap -fmodule-file=_Builtin_stdcountof=obj/build/modules/linux/_Builtin_stdcountof/module.pcm -fmodule-map-file=../../../third_party/llvm-build/Release+Asserts/lib/clang/23/include/module.modulemap -fmodule-file=_Builtin_stddef=obj/build/modules/linux/_Builtin_stddef/module.pcm -fmodule-map-file=../../../third_party/llvm-build/Release+Asserts/lib/clang/23/include/module.modulemap -fmodule-file=_Builtin_stddef_wint_t=obj/build/modules/linux/_Builtin_stddef_wint_t/module.pcm -fmodule-map-file=../../../third_party/llvm-build/Release+Asserts/lib/clang/23/include/module.modulemap -fmodule-file=_Builtin_stdint=obj/build/modules/linux/_Builtin_stdint/module.pcm -fmodule-map-file=../../../third_party/llvm-build/Release+Asserts/lib/clang/23/include/module.modulemap -fmodule-file=_Builtin_stdnoreturn=obj/build/modules/linux/_Builtin_stdnoreturn/module.pcm -fmodule-map-file=../../../third_party/llvm-build/Release+Asserts/lib/clang/23/include/module.modulemap -fmodule-file=_Builtin_unwind=obj/build/modules/linux/_Builtin_unwind/module.pcm -fmodule-map-file=../../../third_party/llvm-build/Release+Asserts/lib/clang/23/include/module.modulemap -fmodule-file=ptrauth=obj/build/modules/linux/ptrauth/module.pcm -fmodule-map-file=gen/third_party/libc++/src/include/module.modulemap -fmodule-file=std=obj/build/modules/linux/std/module.pcm -fmodule-map-file=gen/third_party/libc++/src/include/module.modulemap -fmodule-file=std_complex_h=obj/build/modules/linux/std_complex_h/module.pcm -fmodule-map-file=gen/third_party/libc++/src/include/module.modulemap -fmodule-file=std_core=obj/build/modules/linux/std_core/module.pcm -fmodule-map-file=gen/third_party/libc++/src/include/module.modulemap -fmodule-file=std_ctype_h=obj/build/modules/linux/std_ctype_h/module.pcm -fmodule-map-file=gen/third_party/libc++/src/include/module.modulemap -fmodule-file=std_errno_h=obj/build/modules/linux/std_errno_h/module.pcm -fmodule-map-file=gen/third_party/libc++/src/include/module.modulemap -fmodule-file=std_fenv_h=obj/build/modules/linux/std_fenv_h/module.pcm -fmodule-map-file=gen/third_party/libc++/src/include/module.modulemap -fmodule-file=std_float_h=obj/build/modules/linux/std_float_h/module.pcm -fmodule-map-file=gen/third_party/libc++/src/include/module.modulemap -fmodule-file=std_inttypes_h=obj/build/modules/linux/std_inttypes_h/module.pcm -fmodule-map-file=gen/third_party/libc++/src/include/module.modulemap -fmodule-file=std_math_h=obj/build/modules/linux/std_math_h/module.pcm -fmodule-map-file=gen/third_party/libc++/src/include/module.modulemap -fmodule-file=std_private_mbstate_t=obj/build/modules/linux/std_private_mbstate_t/module.pcm -fmodule-map-file=gen/third_party/libc++/src/include/module.modulemap -fmodule-file=std_stdatomic_h=obj/build/modules/linux/std_stdatomic_h/module.pcm -fmodule-map-file=gen/third_party/libc++/src/include/module.modulemap -fmodule-file=std_string_h=obj/build/modules/linux/std_string_h/module.pcm -fmodule-map-file=gen/third_party/libc++/src/include/module.modulemap -fmodule-file=std_tgmath_h=obj/build/modules/linux/std_tgmath_h/module.pcm -fmodule-map-file=gen/third_party/libc++/src/include/module.modulemap -fmodule-file=std_uchar_h=obj/build/modules/linux/std_uchar_h/module.pcm -fmodule-map-file=gen/third_party/libc++/src/include/module.modulemap -fmodule-file=std_wctype_h=obj/build/modules/linux/std_wctype_h/module.pcm -fmodule-map-file=gen/build/modules/linux/module.modulemap -fmodule-file=sys_stage1=obj/build/modules/linux/sys_stage1/module.pcm -fmodule-map-file=gen/build/modules/linux/module.modulemap -fmodule-file=sys_stage2=obj/build/modules/linux/sys_stage2/module.pcm -c ../../../third_party/capnproto/src/capnp/dynamic.c++ -o obj/third_party/capnproto/capnp/dynamic.o
In file included from ../../../third_party/capnproto/src/capnp/dynamic.c++:22:
../../../third_party/capnproto/src/capnp/dynamic.h:1322:42: error: declaration of 'nullptr_t' must be imported from module 'std_core.cstddef.nullptr_t' before it is required
 1322 | inline DynamicValue::Reader::Reader(std::nullptr_t n): type(UNKNOWN) {}
      |                                          ^
gen/third_party/libc++/src/include/__cstddef/nullptr_t.h:20:7: note: declaration here is not visible
   20 | using nullptr_t = decltype(nullptr);
      |       ^
1 error generated.
[1154/1168] CXX obj/third_party/capnproto/kj/encoding.o
[1155/1168] CXX obj/third_party/capnproto/capnp/schema-loader.o
ninja: build stopped: subcommand failed.
